Body Name,Business Area and Description,Service Area,Expenses type,Invoice Payment Date,Transaction Number,Supplier Name,Net Amount
Manchester City Council,1023,Collection Fund,Levies,20/02/2025,1908437075,GMCA,"£4,184,241.00"
Manchester City Council,1024,General Fund,BRP Top Up Payments,19/02/2025,1908456870,DCLG,"£3,996,234.00"
Manchester City Council,1007,Corporate Services,Works and associated costs for Land and Buildings,20/02/2025,5105976522,LendLease Construction(EUROPE) Ltd,"£3,080,121.58"
Manchester City Council,1000,Manchester Leisure,Levies,20/02/2025,1908431720,GMCA,"£2,651,000.00"
Manchester City Council,1004,Childrens & Education Services,Third party payments to other Local Authorities,28/02/2025,5105973812,The Manchester College,"£2,230,150.76"
Manchester City Council,1009,Housing General Fund,Works and associated costs for Land and Buildings,24/02/2025,5105975731,Wates Construction Ltd,"£2,109,103.66"
Manchester City Council,1007,Corporate Services,Works and associated costs for Land and Buildings,14/02/2025,1908733420,MLP Law Limited,"£2,046,100.00"
Manchester City Council,1007,Corporate Services,Works and associated costs for Land and Buildings,17/02/2025,1908733509,MLP Law Limited,"£2,046,100.00"
Manchester City Council,1011,Chief Executives,Building Works,27/02/2025,1908743399,Manchester Science Partnerships Ltd,"£1,350,000.00"
Manchester City Council,1011,Chief Executives,Works and associated costs for Land and Buildings,25/02/2025,5105976915,Allied London Campfield,"£1,340,880.02"
Manchester City Council,1006,Childrens Services,Works and associated costs for Land and Buildings,19/02/2025,5105974598,Kier Construction North and,"£1,306,084.83"
Manchester City Council,1000,Manchester Leisure,Refuse Collection,17/02/2025,5105974701,Biffa Municipal Limited,"£1,279,998.12"
Manchester City Council,1007,Corporate Services,I T Provision,28/02/2025,5105978122,HCL Technologies UK Limited,"£1,219,575.75"
Manchester City Council,1007,Corporate Services,Works and associated costs for Land and Buildings,17/02/2025,5105975083,Bam Nuttall Ltd,"£1,046,334.83"
Manchester City Council,1005,Adult Social Care,Third party payments to Health Authority,05/02/2025,5105974077,Manchester Uni NHS Foundation Trust,"£1,006,993.67"
Manchester City Council,1007,Corporate Services,Works and associated costs for Land and Buildings,17/02/2025,5105974415,Morgan Sindall C & I Ltd,"£753,226.51"
Manchester City Council,1005,Adult Social Care,Third party payments to Health Authority,05/02/2025,5105974076,Manchester Uni NHS Foundation Trust,"£626,779.58"
Manchester City Council,1000,Manchester Leisure,Responsive Repairs Work,21/02/2025,5105976685,EQUANS Regeneration Limited,"£596,841.23"
Manchester City Council,1007,Corporate Services,Works and associated costs for Land and Buildings,20/02/2025,5105976522,LendLease Construction(EUROPE) Ltd,"£571,663.94"
Manchester City Council,1012,Regeneration Finance,Rents,24/02/2025,1908732641,Adam Geoffrey Management Ltd,"£559,500.00"
Manchester City Council,1002,Hospitality + Trading Services,External repairs and maintenance for buildings,18/02/2025,5105974646,Warden Construction Ltd,"£532,051.25"
Manchester City Council,1010,Housing Revenue Account,Private Finance and Public Private partnership initiatives,21/02/2025,5105976895,Grove Village Ltd,"£518,869.05"
Manchester City Council,1007,Corporate Services,MABID,26/02/2025,5105977646,Manchester Accommodation Business,"£467,097.34"
Manchester City Council,1004,Childrens & Education Services,Private Finance and Public Private partnership initiatives,06/02/2025,5105974596,Manchester School Services Limited,"£465,978.33"
Manchester City Council,1004,Childrens & Education Services,Private Finance and Public Private partnership initiatives,06/02/2025,5105974595,Manchester School Services Limited,"£465,978.33"
Manchester City Council,1011,Chief Executives,I T Provision,27/02/2025,1908745805,Access UK Ltd,"£385,426.49"
Manchester City Council,1005,Adult Social Care,Third party payments to Health Authority,27/02/2025,5105977866,Manchester Uni NHS Foundation Trust,"£361,021.83"
Manchester City Council,1005,Adult Social Care,Third party payments to Health Authority,03/02/2025,5105973774,Manchester Uni NHS Foundation Trust,"£361,021.83"
Manchester City Council,1004,Childrens & Education Services,Third party payments to other Local Authorities,26/02/2025,5105977730,The Together Trust,"£349,246.53"
Manchester City Council,1011,Chief Executives,Grant and subscriptions awarded,14/02/2025,5105974342,Manchester International Festival,"£325,000.00"
Manchester City Council,1023,Collection Fund,Bus Rate - Preceptor,20/02/2025,1908437075,GMCA,"£322,957.00"
Manchester City Council,1006,Childrens Services,Works and associated costs for Land and Buildings,19/02/2025,5105976336,Manchester & Cheshire Construction,"£312,081.81"
Manchester City Council,1002,Hospitality + Trading Services,Security,10/02/2025,5105974954,Showsec International Ltd,"£308,072.08"
Manchester City Council,1007,Corporate Services,Works and associated costs for Land and Buildings,10/02/2025,1908726413,Kuits Solicitors,"£300,015.14"
Manchester City Council,1012,Regeneration Finance,Grant and subscriptions awarded,14/02/2025,5105976188,Career Connect,"£290,000.00"
Manchester City Council,1000,Manchester Leisure,Payments to Contractors,17/02/2025,5105974702,Biffa Municipal Limited,"£284,237.13"
Manchester City Council,1013,Highways Services,Electricity,27/02/2025,1908744668,Haven Power Ltd,"£284,055.72"
Manchester City Council,1012,Regeneration Finance,Subvention Payments,28/02/2025,5105977566,Manchester Creative Digital Assets,"£277,071.00"
Manchester City Council,1004,Childrens & Education Services,Grant and subscriptions awarded,27/02/2025,5105976460,Oldham Borough Council,"£276,947.00"
Manchester City Council,1004,Childrens & Education Services,Grant and subscriptions awarded,24/02/2025,5105976119,Trafford M B C,"£276,947.00"
Manchester City Council,1013,Highways Services,Electricity,27/02/2025,1908744669,Haven Power Ltd,"£276,386.24"
Manchester City Council,1010,Housing Revenue Account,Works and associated costs for Land and Buildings,17/02/2025,1908733508,Adam Ledger Property Lawyers Ltd,"£275,000.00"
Manchester City Council,1010,Housing Revenue Account,Works and associated costs for Land and Buildings,14/02/2025,1908733419,Adam Ledger Property Lawyers Ltd,"£275,000.00"
Manchester City Council,1004,Childrens & Education Services,Third party payments to other Local Authorities,14/02/2025,5105976153,St John Vianney School,"£267,281.66"
Manchester City Council,1000,Manchester Leisure,Grant and subscriptions awarded,21/02/2025,5105976480,University Of Manchester,"£260,001.00"
Manchester City Council,1005,Adult Social Care,Payments for services,11/02/2025,5105973823,Big Life Centres,"£245,101.42"
Manchester City Council,1004,Childrens & Education Services,Payments for services,04/02/2025,5105973793,The Big Life Company,"£237,868.50"
Manchester City Council,1003,Environment and Operations,Construction Works,20/02/2025,5105974258,Octavius Infrastructure Ltd,"£236,211.52"
Manchester City Council,1012,Regeneration Finance,Subvention Payments,17/02/2025,5105974412,Manchester Creative Digital Assets,"£234,948.00"
Manchester City Council,1000,Manchester Leisure,Responsive Repairs Work,21/02/2025,5105976683,EQUANS Regeneration Limited,"£229,414.65"
Manchester City Council,1007,Corporate Services,Works and associated costs for Land and Buildings,11/02/2025,5105975354,Turner & Townsend Cost,"£228,468.93"
Manchester City Council,1007,Corporate Services,Rents,20/02/2025,1908729828,Knight Frank LLP,"£220,382.00"
Manchester City Council,1000,Manchester Leisure,Rents,14/02/2025,5105976200,Mack Residential Letting Ltd,"£220,165.28"
Manchester City Council,1007,Corporate Services,Works and associated costs for Land and Buildings,24/02/2025,5105976699,EQUANS Regeneration Limited,"£217,435.01"
Manchester City Council,1007,Corporate Services,Works and associated costs for Land and Buildings,19/02/2025,5105976663,Purcell Architecture Limited,"£213,007.34"
Manchester City Council,1010,Housing Revenue Account,CD - Acquisition,19/02/2025,1908737393,Scott Hyman & Co,"£205,000.00"
Manchester City Council,1007,Corporate Services,Works and associated costs for Land and Buildings,24/02/2025,5105976911,Warden Construction Ltd,"£204,622.52"
Manchester City Council,1001,Libraries and Theatres,Works and associated costs for Land and Buildings,24/02/2025,5105976185,Robertson CE Limited,"£199,372.42"
Manchester City Council,1004,Childrens & Education Services,Third party payments to other Local Authorities,14/02/2025,5105976178,Thompsons Academy LTD,"£192,012.09"
Manchester City Council,1007,Corporate Services,Elec Car Lease,10/02/2025,1908725910,Northumbria Healthcare NHS FT,"£186,555.23"
Manchester City Council,1007,Corporate Services,Works and associated costs for Land and Buildings,11/02/2025,5105975230,Purcell Architecture Limited,"£181,375.65"
Manchester City Council,1006,Childrens Services,Building Works,19/02/2025,5105976661,The East Manchester Academy,"£180,925.90"
Manchester City Council,1000,Manchester Leisure,Payments for services,28/02/2025,5105977537,Salford City Council,"£178,010.00"
Manchester City Council,1004,Childrens & Education Services,Third party payments to other Local Authorities,06/02/2025,5105974410,Navigators College,"£177,271.32"
Manchester City Council,1004,Childrens & Education Services,Third party payments to other Local Authorities,12/02/2025,5105975663,Redacted Personal Information,"£175,573.56"
Manchester City Council,1012,Regeneration Finance,Professional fees,28/02/2025,5105974512,Studio Egret West Limited,"£175,000.00"
Manchester City Council,1004,Childrens & Education Services,Third party payments to other Local Authorities,26/02/2025,5105977730,The Together Trust,"£171,750.87"
Manchester City Council,1011,Chief Executives,Works and associated costs for Land and Buildings,11/02/2025,5105975090,Bowmer & Kirkland Ltd,"£170,674.18"
Manchester City Council,1007,Corporate Services,Works and associated costs for Land and Buildings,12/02/2025,1908729903,H M Revenues and Customs,"£164,500.00"
Manchester City Council,1004,Childrens & Education Services,Transport Coach Hire,12/02/2025,5105975673,Westfield Minibuses,"£163,073.50"
Manchester City Council,1000,Manchester Leisure,Responsive Repairs Work,28/02/2025,5105977608,EQUANS Regeneration Limited,"£162,985.64"
Manchester City Council,1013,Highways Services,Payments to Sub-Contractors,10/02/2025,5105975029,Rosgal Ltd,"£160,391.44"
Manchester City Council,1010,Housing Revenue Account,Professional fees,11/02/2025,1908727173,BBS Law Ltd,"£159,780.00"
Manchester City Council,1000,Manchester Leisure,Rents,26/02/2025,5105977639,Manchester Bumblebee Ltd,"£149,352.14"
Manchester City Council,1010,Housing Revenue Account,Council Dwelling Adaptations,11/02/2025,5105975433,Rothwell Plumbing Services Ltd,"£148,952.28"
Manchester City Council,1004,Childrens & Education Services,Third party payments relating to Voluntary Organisations,28/02/2025,5105976583,Family Action,"£147,827.22"
Manchester City Council,1003,Environment and Operations,Construction Works,28/02/2025,5105976923,J.Hopkins (Contractors) Ltd.,"£146,899.73"
Manchester City Council,1000,Manchester Leisure,Responsive Repairs Work,25/02/2025,5105977457,EQUANS Regeneration Limited,"£143,571.77"
Manchester City Council,1013,Highways Services,Payments to Sub-Contractors,13/02/2025,5105975030,Rosgal Ltd,"£142,201.47"
Manchester City Council,1007,Corporate Services,Security,10/02/2025,5105973844,MITIE SECURITY LIMITED,"£141,410.00"
Manchester City Council,1007,Corporate Services,Works and associated costs for Land and Buildings,19/02/2025,5105975769,Kaberry Construction Ltd,"£141,284.05"
Manchester City Council,1007,Corporate Services,Security,27/02/2025,5105976793,MITIE SECURITY LIMITED,"£141,253.73"
Manchester City Council,1007,Corporate Services,Security,10/02/2025,5105973842,MITIE SECURITY LIMITED,"£141,246.43"
Manchester City Council,1007,Corporate Services,Security,17/02/2025,5105975946,MITIE SECURITY LIMITED,"£141,080.21"
Manchester City Council,1009,Housing General Fund,Works and associated costs for Land and Buildings,24/02/2025,1908740197,BRIDGES SOLICITORS,"£139,753.90"
Manchester City Council,1000,Manchester Leisure,Tipping - Tonnage,28/02/2025,5105977886,Redgate Holdings Ltd,"£139,512.30"
Manchester City Council,1003,Environment and Operations,Construction Works,20/02/2025,5105975226,A.E Yates Ltd,"£139,112.83"
Manchester City Council,1007,Corporate Services,VPF&E Adaptations,27/02/2025,5105977839,F Parkinson Limited,"£139,069.42"
Manchester City Council,1000,Manchester Leisure,Rents,13/02/2025,5105975991,VSPG Housing 2 Ltd,"£138,696.91"
Manchester City Council,1003,Environment and Operations,Construction Works,28/02/2025,5105977902,Coating Services Limited,"£136,239.46"
Manchester City Council,1007,Corporate Services,Works and associated costs for Land and Buildings,07/02/2025,5105974713,EQUANS Regeneration Limited,"£130,858.15"
Manchester City Council,1004,Childrens & Education Services,Residential Care Homes Payments,12/02/2025,1908728126,Great Minds Together Ltd,"£127,100.00"
Manchester City Council,1004,Childrens & Education Services,Residential Care Homes Payments,12/02/2025,1908728129,Great Minds Together Ltd,"£127,100.00"
Manchester City Council,1010,Housing Revenue Account,CD - Acquisition,27/02/2025,1908745799,TM Fortis Solicitors,"£125,000.00"
Manchester City Council,1010,Housing Revenue Account,Works and associated costs for Land and Buildings,11/02/2025,5105975062,Northern Gateway (FEC) No.10 Limite,"£124,492.98"
Manchester City Council,1000,Manchester Leisure,Responsive Repairs Work,21/02/2025,5105976684,EQUANS Regeneration Limited,"£124,439.59"
Manchester City Council,1002,Hospitality + Trading Services,Refuse Collection,13/02/2025,5105974703,Biffa Municipal Limited,"£123,720.34"
Manchester City Council,1000,Manchester Leisure,Works and associated costs for Land and Buildings,27/02/2025,5105977196,Warden Construction Ltd,"£122,557.34"
Manchester City Council,1011,Chief Executives,Works and associated costs for Land and Buildings,21/02/2025,5105976228,Warden Construction Ltd,"£121,658.91"
Manchester City Council,1009,Housing General Fund,Works and associated costs for Land and Buildings,20/02/2025,5105976903,Mace Ltd,"£121,029.00"
Manchester City Council,1000,Manchester Leisure,Rents,13/02/2025,5105975843,VSPG Housing Ltd,"£120,830.00"
Manchester City Council,1000,Manchester Leisure,Rents,14/02/2025,5105976118,Manchester Housing Group Ltd,"£119,149.52"
Manchester City Council,1004,Childrens & Education Services,Third party payments to other Local Authorities,12/02/2025,5105975665,Redacted Personal Information,"£118,116.00"
Manchester City Council,1000,Manchester Leisure,Rents,28/02/2025,5105977627,Manchester Housing Group Ltd,"£118,091.77"
Manchester City Council,1004,Childrens & Education Services,Residential Care Homes Payments,03/02/2025,5105973777,Manchester Uni NHS Foundation Trust,"£117,894.88"
Manchester City Council,1011,Chief Executives,Works and associated costs for Land and Buildings,28/02/2025,5105978195,Warden Construction Ltd,"£117,456.97"
Manchester City Council,1012,Regeneration Finance,Subvention Payments,17/02/2025,5105974310,Manchester Creative Digital Assets,"£117,315.00"
Manchester City Council,1000,Manchester Leisure,Third party payments relating to Voluntary Organisations,11/02/2025,5105973802,Nacro,"£117,306.00"
Manchester City Council,1007,Corporate Services,Internal Repairs and Maintenance for buildings,17/02/2025,5105976060,EQUANS Services Limited,"£115,818.19"
Manchester City Council,1024,General Fund,Apprenticeship Levy,28/02/2025,1908745701,HM Revenue & Customs,"£113,636.68"
Manchester City Council,1010,Housing Revenue Account,Council Dwelling Fees,21/02/2025,5105976846,Emanuel Whittaker Ltd,"£112,704.14"
Manchester City Council,1004,Childrens & Education Services,Residential Care Homes Payments,21/02/2025,1908738982,Enabling Futures Ltd,"£108,655.15"
Manchester City Council,1009,Housing General Fund,Building Works,20/02/2025,5105976869,Wythenshawe Community Housing Group,"£108,248.20"
Manchester City Council,1004,Childrens & Education Services,Third party payments to other Local Authorities,28/02/2025,5105978041,Oldham College Corporation,"£108,064.16"
Manchester City Council,1003,Environment and Operations,Construction Works,28/02/2025,5105977005,J.Hopkins (Contractors) Ltd.,"£107,453.52"
Manchester City Council,1011,Chief Executives,Third party payments relating to Voluntary Organisations,10/02/2025,5105973710,HOME,"£105,699.50"
Manchester City Council,1011,Chief Executives,Third party payments relating to Voluntary Organisations,28/02/2025,5105978142,HOME,"£105,699.50"
Manchester City Council,1007,Corporate Services,Internal Repairs and Maintenance for buildings,28/02/2025,5105976677,EQUANS Services Limited,"£103,701.89"
Manchester City Council,1004,Childrens & Education Services,Transport Coach Hire,27/02/2025,5105977768,24x7 Ltd,"£103,403.33"
Manchester City Council,1009,Housing General Fund,Building Works,25/02/2025,5105977400,Wythenshawe Community Housing Group,"£100,657.42"
Manchester City Council,1007,Corporate Services,Works and associated costs for Land and Buildings,17/02/2025,5105976217,M\cr Heat Network Supply Co Ltd,"£100,409.29"
Manchester City Council,1004,Childrens & Education Services,Transport Coach Hire,17/02/2025,5105974603,M Travel,"£100,361.00"
Manchester City Council,1000,Manchester Leisure,Third party payments relating to Voluntary Organisations,12/02/2025,5105975324,The Depaul Trust,"£100,000.00"
Manchester City Council,1004,Childrens & Education Services,Third party payments to other Local Authorities,28/02/2025,5105978042,Oldham College Corporation,"£99,654.84"
Manchester City Council,1004,Childrens & Education Services,Third party payments relating to Voluntary Organisations,27/02/2025,5105977931,The Big Life Company,"£99,110.00"
Manchester City Council,1007,Corporate Services,Internal Repairs and Maintenance for buildings,28/02/2025,5105977845,EQUANS Services Limited,"£97,681.19"
Manchester City Council,1010,Housing Revenue Account,Council Dwelling Adaptations,13/02/2025,5105976009,P Casey & Co Ltd,"£95,936.92"
Manchester City Council,1000,Manchester Leisure,Grant and subscriptions awarded,28/02/2025,5105978097,SSG Sustainable Living,"£95,928.00"
Manchester City Council,1004,Childrens & Education Services,Private Finance and Public Private partnership initiatives,17/02/2025,5105973811,NU3PS,"£95,713.62"
Manchester City Council,1000,Manchester Leisure,Responsive Repairs Work,21/02/2025,5105976682,EQUANS Regeneration Limited,"£95,510.59"
Manchester City Council,1007,Corporate Services,Electricity,27/02/2025,1908744081,M\cr Heat Network Supply Co Ltd,"£94,224.37"
Manchester City Council,1007,Corporate Services,Heart of Manc Bid,21/02/2025,5105973866,Heart of Manchester BID Co Ltd,"£93,159.76"
Manchester City Council,1007,Corporate Services,Surplus property Fees,20/02/2025,1908738867,H M Revenues and Customs,"£91,805.00"
Manchester City Council,1004,Childrens & Education Services,Residential Care Homes Payments,21/02/2025,1908738983,Enabling Futures Ltd,"£91,014.45"
Manchester City Council,1007,Corporate Services,Penalty Chrge Notice,03/02/2025,1908717749,Salford City Council,"£91,003.73"
Manchester City Council,1000,Manchester Leisure,Grant and subscriptions awarded,21/02/2025,5105975842,Manchester Active,"£91,000.00"
Manchester City Council,1000,Manchester Leisure,Disposables,28/02/2025,5105977885,Redgate Holdings Ltd,"£90,174.50"
Manchester City Council,1000,Manchester Leisure,Responsive Repairs Work,25/02/2025,5105977455,EQUANS Regeneration Limited,"£86,954.14"
Manchester City Council,1007,Corporate Services,Electricity,27/02/2025,1908744083,M\cr Heat Network Supply Co Ltd,"£86,754.91"
Manchester City Council,1000,Manchester Leisure,Works and associated costs for Land and Buildings,17/02/2025,5105975127,Alliance Leisure Services Limited,"£86,491.90"
Manchester City Council,1000,Manchester Leisure,Rents,05/02/2025,5105974156,T15 Consultancy Ltd,"£86,417.14"
Manchester City Council,1005,Adult Social Care,Third party payments to Health Authority,04/02/2025,5105973776,Manchester Uni NHS Foundation Trust,"£86,216.33"
Manchester City Council,1004,Childrens & Education Services,Third party payments to other Local Authorities,11/02/2025,5105975103,Edstart Specialist Education Ltd,"£84,799.34"
Manchester City Council,1003,Environment and Operations,Works and associated costs for Land and Buildings,13/02/2025,5105973916,Seddon Construction Ltd,"£84,372.22"
Manchester City Council,1000,Manchester Leisure,Responsive Repairs Work,28/02/2025,5105977609,EQUANS Regeneration Limited,"£82,703.43"
Manchester City Council,1000,Manchester Leisure,Rents,05/02/2025,5105974299,MJ Rental Ltd,"£80,020.92"
Manchester City Council,1006,Childrens Services,Building Works,21/02/2025,5105977161,LendLease Construction(EUROPE) Ltd,"£80,000.00"
Manchester City Council,1000,Manchester Leisure,Special Event,14/02/2025,1908731452,Squash Media & Marketing Limited,"£80,000.00"
Manchester City Council,1000,Manchester Leisure,Third party payments relating to Voluntary Organisations,19/02/2025,5105973896,Citizens Advice Manchester,"£79,983.00"
Manchester City Council,1000,Manchester Leisure,Third party payments relating to Voluntary Organisations,19/02/2025,5105973797,Citizens Advice Manchester,"£79,983.00"
Manchester City Council,1000,Manchester Leisure,Professional fees,20/02/2025,5105976930,Wythenshawe Forum Trust Ltd,"£79,358.66"
Manchester City Council,1000,Manchester Leisure,Rents,07/02/2025,5105974613,Accommodation Links Ltd,"£79,170.29"
Manchester City Council,1000,Manchester Leisure,Rents,14/02/2025,5105976116,Accommodation Links Ltd,"£79,023.14"
Manchester City Council,1004,Childrens & Education Services,Third party payments to other Local Authorities,14/02/2025,5105976153,St John Vianney School,"£78,938.10"
Manchester City Council,1000,Manchester Leisure,Refuse Collection,28/02/2025,5105977884,Redgate Holdings Ltd,"£78,756.00"
Manchester City Council,1005,Adult Social Care,Third party payments relating to Voluntary Organisations,12/02/2025,5105975534,Manchester Care & Repair Ltd,"£78,703.00"
Manchester City Council,1000,Manchester Leisure,Rents,27/02/2025,5105977453,Accommodation Links Ltd,"£77,782.86"
Manchester City Council,1007,Corporate Services,Preventative Maintenance Work,17/02/2025,5105975035,EQUANS Services Limited,"£77,512.75"
Manchester City Council,1000,Manchester Leisure,Professional Fees,24/02/2025,5105976195,Redacted Personal Information,"£77,128.51"
Manchester City Council,1007,Corporate Services,Internal Repairs and Maintenance for buildings,17/02/2025,5105976142,EQUANS Services Limited,"£77,047.13"
Manchester City Council,1007,Corporate Services,Works and associated costs for Land and Buildings,13/02/2025,5105975061,F Parkinson Limited,"£76,892.75"
Manchester City Council,1005,Adult Social Care,Third party payments relating to Voluntary Organisations,07/02/2025,5105973984,Redacted Personal Information,"£76,767.56"
Manchester City Council,1007,Corporate Services,Preventative Maintenance Work,17/02/2025,5105975025,EQUANS Services Limited,"£75,713.01"
Manchester City Council,1000,Manchester Leisure,Rents,14/02/2025,5105976084,District Homes Cic,"£75,673.57"
Manchester City Council,1006,Childrens Services,Building Works,17/02/2025,5105975365,Levenshulme High School (Academy),"£75,537.10"
Manchester City Council,1012,Regeneration Finance,Professional fees,27/02/2025,5105977068,Ernst & Young Llp,"£75,000.00"
Manchester City Council,1011,Chief Executives,Works and associated costs for Land and Buildings,28/02/2025,5105978195,Warden Construction Ltd,"£74,719.49"
Manchester City Council,1002,Hospitality + Trading Services,Vehicle Hire Costs,12/02/2025,5105975468,Winners Contract Hire Ltd,"£74,073.60"
Manchester City Council,1000,Manchester Leisure,Professional fees,20/02/2025,5105976952,Wythenshawe Forum Trust Ltd,"£73,631.75"
Manchester City Council,1009,Housing General Fund,Works and associated costs for Land and Buildings,20/02/2025,5105976906,Mace Ltd,"£73,518.00"
Manchester City Council,1000,Manchester Leisure,Refuse Collection,17/02/2025,5105975373,Biffa Municipal Limited,"£72,690.61"
Manchester City Council,1000,Manchester Leisure,Grant and subscriptions awarded,11/02/2025,5105975119,"TLC: Talk, Listen, Change","£72,500.00"
Manchester City Council,1000,Manchester Leisure,Responsive Repairs Work,21/02/2025,5105976478,EQUANS Regeneration Limited,"£71,757.71"
Manchester City Council,1000,Manchester Leisure,Third party payments relating to Voluntary Organisations,11/02/2025,5105975331,Waythrough,"£71,689.00"
Manchester City Council,1000,Manchester Leisure,Professional fees,20/02/2025,5105976951,Wythenshawe Forum Trust Ltd,"£71,177.35"
Manchester City Council,1005,Adult Social Care,Third party payments to Health Authority,03/02/2025,5105973779,Manchester Uni NHS Foundation Trust,"£70,833.33"
Manchester City Council,1004,Childrens & Education Services,Supported Accommodation,11/02/2025,5105975133,Mosscare Housing Ltd,"£70,250.83"
Manchester City Council,1005,Adult Social Care,Supported Accommodation,28/02/2025,5105976190,NHS GREATER MANCHESTER ICB,"£70,030.92"
Manchester City Council,1004,Childrens & Education Services,Third party payments to other Local Authorities,11/02/2025,5105975103,Edstart Specialist Education Ltd,"£69,967.33"
Manchester City Council,1011,Chief Executives,Works and associated costs for Land and Buildings,24/02/2025,5105976861,Seddon Construction Ltd,"£69,840.77"
Manchester City Council,1011,Chief Executives,Professional fees,21/02/2025,5105974487,Shelter,"£69,714.76"
Manchester City Council,1002,Hospitality + Trading Services,Professional Fees,18/02/2025,5105974646,Warden Construction Ltd,"£69,500.00"
Manchester City Council,1004,Childrens & Education Services,Residential Care Homes Payments,07/02/2025,1908725789,Holden Knight Healthcare Temp Ltd,"£69,406.83"
Manchester City Council,1004,Childrens & Education Services,Residential Care Homes Payments,07/02/2025,1908725788,Holden Knight Healthcare Temp Ltd,"£69,406.52"
Manchester City Council,1000,Manchester Leisure,Professional fees,20/02/2025,5105976929,Wythenshawe Forum Trust Ltd,"£68,722.96"
Manchester City Council,1000,Manchester Leisure,Rents,06/02/2025,5105974569,Devon Homes,"£68,651.80"
Manchester City Council,1009,Housing General Fund,Works and associated costs for Land and Buildings,20/02/2025,5105976904,Mace Ltd,"£68,072.00"
Manchester City Council,1007,Corporate Services,Preventative Maintenance Work,24/02/2025,5105976855,EQUANS Services Limited,"£67,955.41"
Manchester City Council,1010,Housing Revenue Account,Council Dwelling Adaptations,06/02/2025,5105974088,Rexel UK Ltd,"£67,309.20"
Manchester City Council,1010,Housing Revenue Account,Council Dwelling Adaptations,06/02/2025,5105974086,Rexel UK Ltd,"£67,309.20"
Manchester City Council,1002,Hospitality + Trading Services,Vehicle Hire Costs,28/02/2025,5105977863,Winners Contract Hire Ltd,"£66,865.60"
Manchester City Council,1000,Manchester Leisure,Responsive Repairs Work,26/02/2025,5105977604,EQUANS Regeneration Limited,"£66,252.09"
Manchester City Council,1004,Childrens & Education Services,Third party payments relating to Voluntary Organisations,21/02/2025,5105977160,Action For Children Services Ltd,"£66,073.00"
Manchester City Council,1000,Manchester Leisure,Security,20/02/2025,5105976874,G4S Secure Solutions (UK) Ltd,"£66,056.37"
Manchester City Council,1007,Corporate Services,Fees,26/02/2025,1908723609,CDER GROUP LIMITED,"£65,602.66"
Manchester City Council,1005,Adult Social Care,Third party payments to Health Authority,04/02/2025,5105973775,Manchester Uni NHS Foundation Trust,"£65,569.67"
Manchester City Council,1005,Adult Social Care,Third party payments relating to Voluntary Organisations,05/02/2025,5105974107,Pure Innovations Ltd,"£65,021.20"
Manchester City Council,1009,Housing General Fund,Works and associated costs for Land and Buildings,24/02/2025,5105976905,Mace Ltd,"£64,916.00"
Manchester City Council,1004,Childrens & Education Services,Subsistence and Conference Expenses,14/02/2025,5105974195,Career Connect,"£64,489.11"
Manchester City Council,1000,Manchester Leisure,Electricity,27/02/2025,1908744641,Haven Power Ltd,"£63,999.70"
Manchester City Council,1000,Manchester Leisure,Electricity,27/02/2025,1908744635,Haven Power Ltd,"£63,468.16"
Manchester City Council,1003,Environment and Operations,Construction Works,20/02/2025,5105976516,J.Hopkins (Contractors) Ltd.,"£62,954.95"
Manchester City Council,1011,Chief Executives,Grant and subscriptions awarded,27/02/2025,5105977872,Manchester Climate Change Agency,"£62,500.00"
Manchester City Council,1004,Childrens & Education Services,Home Care ,28/02/2025,5105978043,IncludED Learning Ltd,"£62,288.10"
Manchester City Council,1004,Childrens & Education Services,Residential Care Homes Payments,07/02/2025,1908725790,Holden Knight Healthcare Temp Ltd,"£61,557.94"
Manchester City Council,1007,Corporate Services,Preventative Maintenance Work,17/02/2025,5105975036,EQUANS Services Limited,"£61,511.71"
Manchester City Council,1007,Corporate Services,Fees,26/02/2025,1908725269,CDER GROUP LIMITED,"£61,485.96"
Manchester City Council,1007,Corporate Services,Works and associated costs for Land and Buildings,13/02/2025,5105974180,Kier Construction North and,"£60,565.09"
Manchester City Council,1000,Manchester Leisure,Charges for Services,12/02/2025,1908728668,Halifax,"£60,308.59"
Manchester City Council,1000,Manchester Leisure,Grant and subscriptions awarded,06/02/2025,5105973798,Divrse Ltd,"£60,192.64"
Manchester City Council,1005,Adult Social Care,Equipment,17/02/2025,5105974266,Accenda Ltd,"£60,000.00"
Manchester City Council,1000,Manchester Leisure,Grant and subscriptions awarded,28/02/2025,5105974619,Divrse Ltd,"£59,879.68"
Manchester City Council,1005,Adult Social Care,Third party payments to Health Authority,19/02/2025,5105976194,NHS GREATER MANCHESTER ICB,"£59,521.80"
Manchester City Council,1003,Environment and Operations,Construction Works,28/02/2025,5105977370,Rosgal Ltd,"£59,020.80"
Manchester City Council,1007,Corporate Services,Works and associated costs for Land and Buildings,28/02/2025,5105976366,Mace Ltd,"£58,838.38"
Manchester City Council,1004,Childrens & Education Services,Transport Coach Hire,20/02/2025,5105976973,Mantax Radio Taxis Ltd,"£58,333.34"
Manchester City Council,1003,Environment and Operations,Construction Works,20/02/2025,5105976513,J.Hopkins (Contractors) Ltd.,"£58,308.77"
Manchester City Council,1000,Manchester Leisure,I T Provision,27/02/2025,5105977775,TELEFÓNICA TECH NI LTD,"£58,058.95"
Manchester City Council,1002,Hospitality + Trading Services,Electricity,27/02/2025,1908744643,Haven Power Ltd,"£57,537.03"
Manchester City Council,1004,Childrens & Education Services,Third party payments to other Local Authorities,27/02/2025,5105977921,Pinc College NW,"£56,616.48"
Manchester City Council,1004,Childrens & Education Services,Third party payments to other Local Authorities,27/02/2025,5105977907,Pinc College NW,"£56,616.48"
Manchester City Council,1004,Childrens & Education Services,Third party payments to other Local Authorities,27/02/2025,5105977924,Pinc College NW,"£56,616.48"
Manchester City Council,1004,Childrens & Education Services,Third party payments to other Local Authorities,27/02/2025,5105977922,Pinc College NW,"£56,616.48"
Manchester City Council,1007,Corporate Services,Works and associated costs for Land and Buildings,19/02/2025,5105976662,Purcell Architecture Limited,"£56,404.00"
Manchester City Council,1000,Manchester Leisure,Responsive Repairs Work,28/02/2025,5105978114,EQUANS Regeneration Limited,"£56,093.51"
Manchester City Council,1000,Manchester Leisure,Rents,24/02/2025,5105977255,Grolar Developments SPV8 Ltd,"£56,000.00"
Manchester City Council,1011,Chief Executives,Postage,13/02/2025,5105974070,Royal Mail Group Plc,"£55,944.93"
Manchester City Council,1000,Manchester Leisure,Responsive Repairs Work,26/02/2025,5105977670,EQUANS Regeneration Limited,"£55,237.15"
Manchester City Council,1000,Manchester Leisure,Professional Fees,24/02/2025,5105976196,Redacted Personal Information,"£55,025.45"
Manchester City Council,1004,Childrens & Education Services,Third party payments to other Local Authorities,14/02/2025,5105975656,First Steps Together Ltd,"£55,000.00"
Manchester City Council,1004,Childrens & Education Services,Home Care ,28/02/2025,1908746040,Randstad Solutions Ltd,"£54,044.50"
Manchester City Council,1003,Environment and Operations,Construction Works,28/02/2025,5105976926,J.Hopkins (Contractors) Ltd.,"£53,954.78"
Manchester City Council,1000,Manchester Leisure,Tipping - Skips,28/02/2025,5105977883,Redgate Holdings Ltd,"£53,901.56"
Manchester City Council,1004,Childrens & Education Services,Third party payments to other Local Authorities,10/02/2025,5105974991,Apex Specialist Education,"£53,469.00"
Manchester City Council,1000,Manchester Leisure,Third party payments relating to Voluntary Organisations,19/02/2025,5105976670,Riverside ECHG,"£53,155.90"
Manchester City Council,1007,Corporate Services,Works and associated costs for Land and Buildings,24/02/2025,5105976450,Warden Construction Ltd,"£53,001.57"
Manchester City Council,1000,Manchester Leisure,Refuse Collection,17/02/2025,5105974767,Biffa Municipal Limited,"£52,909.18"
Manchester City Council,1007,Corporate Services,Landline Telephone,11/02/2025,5105975059,8x8 UK Ltd,"£52,829.52"
Manchester City Council,1000,Manchester Leisure,Rents,14/02/2025,5105976226,Amco Management,"£52,635.45"
Manchester City Council,1007,Corporate Services,Agency staff provision,20/02/2025,5105977013,Hays Personnel,"£51,233.24"
Manchester City Council,1011,Chief Executives,Professional Fees,24/02/2025,5105977286,Transport for Greater Manchester,"£51,143.98"
Manchester City Council,1003,Environment and Operations,Construction Works,28/02/2025,5105977004,J.Hopkins (Contractors) Ltd.,"£50,559.87"
Manchester City Council,1007,Corporate Services,Works and associated costs for Land and Buildings,06/02/2025,5105974263,F Parkinson Limited,"£50,457.89"
Manchester City Council,1007,Corporate Services,Works and associated costs for Land and Buildings,11/02/2025,5105975359,Ove Arup & Partners Ltd,"£50,316.00"
Manchester City Council,1007,Corporate Services,Equipment Operating Lease,14/02/2025,5105976412,Ricoh UK Ltd.,"£50,283.57"
Manchester City Council,1004,Childrens & Education Services,Transport Coach Hire,05/02/2025,5105974307,CW Travel,"£50,155.00"
Manchester City Council,1007,Corporate Services,Rents,28/02/2025,5105973878,MaNOC Limited,"£50,020.00"
Manchester City Council,1007,Corporate Services,Rents,28/02/2025,5105974972,MaNOC Limited,"£50,020.00"
Manchester City Council,1000,Manchester Leisure,Grant and subscriptions awarded,11/02/2025,5105973814,Revolving Doors Housing Trust,"£49,824.75"
Manchester City Council,1010,Housing Revenue Account,Council Dwelling Adaptations,12/02/2025,5105975743,P Casey & Co Ltd,"£48,804.93"
Manchester City Council,1012,Regeneration Finance,Electricity,27/02/2025,1908744080,M\cr Heat Network Supply Co Ltd,"£48,047.20"
Manchester City Council,1005,Adult Social Care,Third party payments to Health Authority,28/02/2025,5105976191,NHS GREATER MANCHESTER ICB,"£47,855.11"
Manchester City Council,1007,Corporate Services,Fees,26/02/2025,1908725272,Jacobs Enforcement Ltd,"£47,800.80"
Manchester City Council,1005,Adult Social Care,Third party payments relating to Voluntary Organisations,28/02/2025,5105977771,Change Grow Live Services Ltd,"£47,312.95"
Manchester City Council,1002,Hospitality + Trading Services,Vehicle Hire Costs,26/02/2025,5105977685,Manchester Van Hire Ltd,"£47,070.40"
Manchester City Council,1003,Environment and Operations,Construction Works,27/02/2025,5105977479,Canal & River Trust,"£46,626.36"
Manchester City Council,1007,Corporate Services,I T Provision,28/02/2025,5105976589,Insight Direct (Uk) Ltd,"£46,344.00"
Manchester City Council,1007,Corporate Services,Fees,26/02/2025,1908738774,Jacobs Enforcement Ltd,"£46,237.73"
Manchester City Council,1003,Environment and Operations,Construction Works,20/02/2025,5105976519,J.Hopkins (Contractors) Ltd.,"£46,076.05"
Manchester City Council,1004,Childrens & Education Services,Residential Care Homes Payments,07/02/2025,1908725755,Cambian Childcare Ltd,"£46,057.14"
Manchester City Council,1004,Childrens & Education Services,Professional fees,24/02/2025,5105976916,Ahmed Iqbal Ullah Education Trust,"£46,000.00"
Manchester City Council,1004,Childrens & Education Services,Professional fees,28/02/2025,5105978051,Manchester Settlement,"£45,560.70"
Manchester City Council,1007,Corporate Services,Fees,14/02/2025,1908723009,Marston Group Limited,"£45,341.72"
Manchester City Council,1000,Manchester Leisure,Works and associated costs for Land and Buildings,13/02/2025,5105974818,Seddon Construction Ltd,"£45,339.71"
Manchester City Council,1010,Housing Revenue Account,Council Dwelling Adaptations,12/02/2025,5105975479,Jamieson Contracting NW Limited,"£45,217.14"
Manchester City Council,1004,Childrens & Education Services,Residential Care Homes Payments,28/02/2025,1908746043,Hexagon Care Services Limited,"£45,191.00"
Manchester City Council,1005,Adult Social Care,Agency staff provision,24/02/2025,1908740137,Reed Employment Plc,"£44,993.03"
Manchester City Council,1007,Corporate Services,I T Provision,21/02/2025,5105974250,Insight Direct (Uk) Ltd,"£44,443.49"
Manchester City Council,1007,Corporate Services,Works and associated costs for Land and Buildings,24/02/2025,5105976450,Warden Construction Ltd,"£44,393.94"
Manchester City Council,1002,Hospitality + Trading Services,Equipment,11/02/2025,5105975386,Cater-Trailer,"£44,240.00"
Manchester City Council,1004,Childrens & Education Services,Third party payments relating to Voluntary Organisations,12/02/2025,1908728815,Kids Planet,"£44,158.63"
Manchester City Council,1003,Environment and Operations,Construction Works,28/02/2025,5105977849,J.Hopkins (Contractors) Ltd.,"£43,740.00"
Manchester City Council,1011,Chief Executives,Professional Fees,04/02/2025,5105973914,OTB Engineering Limited,"£43,713.60"
Manchester City Council,1012,Regeneration Finance,Electricity,27/02/2025,1908744645,Haven Power Ltd,"£43,562.77"
Manchester City Council,1004,Childrens & Education Services,Third party payments to other Local Authorities,28/02/2025,5105978044,First Steps Together Ltd,"£43,307.61"
Manchester City Council,1004,Childrens & Education Services,Residential Care Homes Payments,14/02/2025,1908732767,Embrace Care Ltd,"£43,299.96"
Manchester City Council,1010,Housing Revenue Account,Council Dwelling Adaptations,11/02/2025,5105975436,Rothwell Plumbing Services Ltd,"£42,825.15"
Manchester City Council,1000,Manchester Leisure,External repairs and maintenance for buildings,26/02/2025,5105977626,Norman Ashworth Limited,"£42,770.00"
Manchester City Council,1000,Manchester Leisure,Professional fees,25/02/2025,5105977467,Wythenshawe Forum Trust Ltd,"£42,727.67"
Manchester City Council,1004,Childrens & Education Services,Carer Support Payments ,20/02/2025,5105976933,Amore Complex Care,"£42,663.60"
Manchester City Council,1005,Adult Social Care,Agency staff provision,18/02/2025,1908734558,Reed Employment Plc,"£42,573.82"
Manchester City Council,1004,Childrens & Education Services,Third party payments to other Local Authorities,28/02/2025,5105978065,Bury College,"£42,539.17"
Manchester City Council,1009,Housing General Fund,Building Works,03/02/2025,1908717775,UPS Building & Maintenance Ltd,"£42,374.60"
Manchester City Council,1004,Childrens & Education Services,Residential Care Homes Payments,28/02/2025,1908746032,Choices Home for Children Ltd,"£42,071.43"
Manchester City Council,1007,Corporate Services,Vehicle Plant Furniture and Equipment,24/02/2025,5105977361,H Jenkinson & Co Ltd.,"£41,824.48"
Manchester City Council,1000,Manchester Leisure,Third party payments relating to Voluntary Organisations,21/02/2025,5105976787,Manchester Womens Aid,"£41,666.66"
Manchester City Council,1005,Adult Social Care,Payments for services,28/02/2025,5105976120,Morelife (UK) Ltd,"£41,541.55"
Manchester City Council,1005,Adult Social Care,Payments for services,10/02/2025,5105974418,Morelife (UK) Ltd,"£41,541.55"
Manchester City Council,1000,Manchester Leisure,Refuse Collection,17/02/2025,5105974799,Biffa Municipal Limited,"£41,500.85"
Manchester City Council,1010,Housing Revenue Account,Council Dwelling Adaptations,10/02/2025,5105973974,Emanuel Whittaker Ltd,"£40,964.35"
Manchester City Council,1003,Environment and Operations,Construction Works,20/02/2025,5105976517,J.Hopkins (Contractors) Ltd.,"£40,852.41"
Manchester City Council,1004,Childrens & Education Services,Residential Care Homes Payments,14/02/2025,1908732757,Nestlings Care Ltd,"£40,809.28"
Manchester City Council,1004,Childrens & Education Services,Residential Care Homes Payments,14/02/2025,1908732788,Nestlings Care Ltd,"£40,809.28"
Manchester City Council,1004,Childrens & Education Services,Residential Care Homes Payments,14/02/2025,1908732756,Nestlings Care Ltd,"£40,809.28"
Manchester City Council,1004,Childrens & Education Services,Residential Care Homes Payments,07/02/2025,1908725776,Resilience Residential Services,"£40,742.68"
Manchester City Council,1005,Adult Social Care,Agency staff provision,10/02/2025,1908726320,Reed Employment Plc,"£40,551.41"
Manchester City Council,1012,Regeneration Finance,Subvention Payments,17/02/2025,5105974411,Manchester Creative Digital Assets,"£40,509.00"
Manchester City Council,1004,Childrens & Education Services,Third party payments relating to Voluntary Organisations,24/02/2025,5105976075,Safe Families for Children,"£40,500.00"
Manchester City Council,1007,Corporate Services,Fees,14/02/2025,1908723008,Marston Group Limited,"£40,475.91"
Manchester City Council,1011,Chief Executives,Works and associated costs for Land and Buildings,11/02/2025,5105975141,Streetspace Ltd,"£40,448.00"
Manchester City Council,1007,Corporate Services,Electricity,27/02/2025,1908744569,Haven Power Ltd,"£40,298.83"
Manchester City Council,1000,Manchester Leisure,Professional Fees,25/02/2025,5105977490,Fieldway Supplies Ltd,"£40,209.32"
Manchester City Council,1012,Regeneration Finance,Professional fees,28/02/2025,5105978170,Jon Matthews Architects,"£40,000.00"
Manchester City Council,1000,Manchester Leisure,Professional fees,07/02/2025,5105973888,Redacted Personal Information,"£39,965.88"
Manchester City Council,1004,Childrens & Education Services,Residential Care Homes Payments,14/02/2025,1908732694,BeKind Ltd,"£39,857.14"
Manchester City Council,1005,Adult Social Care,Agency staff provision,04/02/2025,1908718471,Reed Employment Plc,"£39,665.51"
Manchester City Council,1000,Manchester Leisure,Rents,14/02/2025,5105976090,Cromwood Ltd,"£39,663.99"
Manchester City Council,1004,Childrens & Education Services,Residential Care Homes Payments,14/02/2025,1908732670,Lifetime Opportunities Limited,"£39,414.29"
Manchester City Council,1004,Childrens & Education Services,Third party payments relating to Voluntary Organisations,03/02/2025,5105973778,Manchester Uni NHS Foundation Trust,"£38,956.00"
Manchester City Council,1004,Childrens & Education Services,Transport Coach Hire,11/02/2025,5105975057,JCT Travel Ltd,"£38,486.20"
Manchester City Council,1011,Chief Executives,Postage,27/02/2025,5105974422,Quadient Ltd (Credifon),"£38,401.36"
Manchester City Council,1004,Childrens & Education Services,Third party payments relating to Voluntary Organisations,12/02/2025,1908728742,Kids Unlimited,"£38,313.00"
Manchester City Council,1000,Manchester Leisure,Third party payments relating to Voluntary Organisations,12/02/2025,5105975491,The Children'S Society Services Ltd,"£38,283.16"
Manchester City Council,1005,Adult Social Care,Home Care ,28/02/2025,5105976193,NHS GREATER MANCHESTER ICB,"£38,041.60"
Manchester City Council,1007,Corporate Services,Works and associated costs for Land and Buildings,24/02/2025,5105976450,Warden Construction Ltd,"£37,945.89"
Manchester City Council,1004,Childrens & Education Services,Transport Coach Hire,20/02/2025,5105976969,Mantax Radio Taxis Ltd,"£37,740.27"
Manchester City Council,1004,Childrens & Education Services,Transport Coach Hire,11/02/2025,5105975115,MCR Blackcab Ltd,"£37,305.52"
Manchester City Council,1004,Childrens & Education Services,Catering,10/02/2025,5105973989,Dalkia Operations Limited,"£36,808.80"
Manchester City Council,1004,Childrens & Education Services,Residential Care Homes Payments,14/02/2025,1908732693,Oaktree Support Services Ltd,"£36,574.26"
Manchester City Council,1004,Childrens & Education Services,Residential Care Homes Payments,07/02/2025,1908725781,Embrace Care Ltd,"£36,479.12"
Manchester City Council,1004,Childrens & Education Services,Residential Care Homes Payments,21/02/2025,1908738989,Embrace Care Ltd,"£36,479.12"
Manchester City Council,1004,Childrens & Education Services,Transport Coach Hire,05/02/2025,5105974103,Cresta Car Hire,"£36,143.75"
Manchester City Council,1007,Corporate Services,Grant Payments,10/02/2025,5105974770,Allium UK Holding Ltd,"£35,708.00"
Manchester City Council,1004,Childrens & Education Services,Residential Care Homes Payments,07/02/2025,1908725628,New Horizons (Stockport) Ltd,"£35,631.40"
Manchester City Council,1004,Childrens & Education Services,Residential Care Homes Payments,07/02/2025,1908725623,New Horizons (Stockport) Ltd,"£35,631.40"
Manchester City Council,1004,Childrens & Education Services,Third party payments relating to Voluntary Organisations,20/02/2025,5105976046,Manchester Mind,"£35,630.25"
Manchester City Council,1000,Manchester Leisure,Works and associated costs for Land and Buildings,27/02/2025,5105977371,Seddon Construction Ltd,"£35,508.55"
Manchester City Council,1004,Childrens & Education Services,Residential Care Homes Payments,14/02/2025,1908732772,Nestlings Care Ltd,"£35,419.71"
Manchester City Council,1004,Childrens & Education Services,Residential Care Homes Payments,14/02/2025,1908732787,Nestlings Care Ltd,"£35,419.71"
Manchester City Council,1004,Childrens & Education Services,Residential Care Homes Payments,21/02/2025,1908739016,Paramount Children's Services,"£35,406.43"
Manchester City Council,1004,Childrens & Education Services,Residential Care Homes Payments,21/02/2025,1908739015,Paramount Children's Services,"£35,406.43"
Manchester City Council,1004,Childrens & Education Services,Residential Care Homes Payments,21/02/2025,1908739014,Paramount Children's Services,"£35,406.43"
Manchester City Council,1004,Childrens & Education Services,Residential Care Homes Payments,07/02/2025,1908725773,Resilience Residential Services,"£35,207.01"
Manchester City Council,1000,Manchester Leisure,Professional Fees,28/02/2025,5105974308,Constellia Public Ltd,"£35,194.67"
Manchester City Council,1004,Childrens & Education Services,Third party payments relating to Voluntary Organisations,03/02/2025,5105973782,The Children'S Society Services Ltd,"£34,976.94"
Manchester City Council,1007,Corporate Services,Agency staff provision,14/02/2025,5105974900,Cadence Resourcing Ltd,"£34,831.20"
Manchester City Council,1012,Regeneration Finance,Electricity,27/02/2025,1908744658,Haven Power Ltd,"£34,583.35"
Manchester City Council,1004,Childrens & Education Services,Third party payments relating to Voluntary Organisations,12/02/2025,1908728729,Redacted Personal Information,"£34,342.38"
Manchester City Council,1004,Childrens & Education Services,Third party payments relating to Voluntary Organisations,27/02/2025,5105977929,The Big Life Company,"£34,286.50"
Manchester City Council,1010,Housing Revenue Account,Council Dwelling Adaptations,11/02/2025,5105975044,Rothwell Plumbing Services Ltd,"£34,260.12"
Manchester City Council,1012,Regeneration Finance,Electricity,27/02/2025,1908744664,Haven Power Ltd,"£34,172.01"
Manchester City Council,1004,Childrens & Education Services,Carer Support Payments ,17/02/2025,5105976353,Amore Complex Care,"£34,130.88"
Manchester City Council,1004,Childrens & Education Services,Residential Care Homes Payments,21/02/2025,1908738933,Oaktree Childcare Ltd,"£34,055.67"
Manchester City Council,1000,Manchester Leisure,Rents,27/02/2025,5105976672,Housing Social Ltd,"£34,045.72"
Manchester City Council,1011,Chief Executives,Publications,19/02/2025,5105976665,Thompson Reuters,"£33,744.99"
Manchester City Council,1004,Childrens & Education Services,Residential Care Homes Payments,07/02/2025,1908725766,Redacted Personal Information,"£33,589.50"
Manchester City Council,1004,Childrens & Education Services,Third party payments to other Local Authorities,28/02/2025,5105977854,Cambian Whinfell School Ltd,"£33,432.53"
Manchester City Council,1004,Childrens & Education Services,Third party payments to other Local Authorities,12/02/2025,5105975740,Rochdale Mbc,"£33,405.58"
Manchester City Council,1004,Childrens & Education Services,Residential Care Homes Payments,07/02/2025,1908725583,Halliwell Homes (Midlands) Ltd,"£33,282.90"
Manchester City Council,1000,Manchester Leisure,Rents,13/02/2025,5105975895,Housing Social Ltd,"£33,100.00"
Manchester City Council,1011,Chief Executives,Agency staff provision,04/02/2025,1908718471,Reed Employment Plc,"£33,060.37"
Manchester City Council,1004,Childrens & Education Services,Third party payments relating to Voluntary Organisations,21/02/2025,5105977160,Action For Children Services Ltd,"£33,035.25"
Manchester City Council,1004,Childrens & Education Services,Grant and subscriptions awarded,11/02/2025,5105975047,Global Policing Ltd,"£32,816.50"
Manchester City Council,1007,Corporate Services,Preventative Maintenance Work,27/02/2025,5105977822,EQUANS Services Limited,"£32,787.37"
Manchester City Council,1004,Childrens & Education Services,Residential Care Homes Payments,28/02/2025,1908746074,The Together Trust,"£32,706.00"
Manchester City Council,1004,Childrens & Education Services,Residential Care Homes Payments,28/02/2025,1908746073,The Together Trust,"£32,328.66"
Manchester City Council,1004,Childrens & Education Services,Third party payments to other Local Authorities,27/02/2025,5105977871,New Bridge School,"£32,214.67"
Manchester City Council,1000,Manchester Leisure,Rents,20/02/2025,5105975896,Housing Social Ltd,"£32,162.28"
Manchester City Council,1005,Adult Social Care,Third party payments to Health Authority,24/02/2025,5105976117,Greater Manchester Mental Health,"£31,914.00"
Manchester City Council,1004,Childrens & Education Services,Residential Care Homes Payments,07/02/2025,1908725718,Halliwells Homes Ltd,"£31,721.33"
Manchester City Council,1012,Regeneration Finance,Rents,11/02/2025,1908726956,Avison Young (UK) Ltd,"£31,689.04"
Manchester City Council,1007,Corporate Services,Electricity,27/02/2025,1908744636,Haven Power Ltd,"£31,662.60"
Manchester City Council,1006,Childrens Services,Building Works,27/02/2025,5105977820,The Laurus Trust,"£31,637.50"
Manchester City Council,1000,Manchester Leisure,Rents,25/02/2025,5105977484,B & A Properties,"£31,589.43"
Manchester City Council,1007,Corporate Services,Works and associated costs for Land and Buildings,11/02/2025,5105975355,Ove Arup & Partners Ltd,"£31,460.00"
Manchester City Council,1004,Childrens & Education Services,Residential Care Homes Payments,07/02/2025,1908725774,Resilience Residential Services,"£31,442.99"
Manchester City Council,1004,Childrens & Education Services,Residential Care Homes Payments,07/02/2025,1908725770,Fledglings Child Care Ltd,"£31,000.00"
Manchester City Council,1012,Regeneration Finance,Rents,11/02/2025,1908726979,Avison Young (UK) Ltd,"£30,850.08"
Manchester City Council,1011,Chief Executives,Agency staff provision,18/02/2025,1908734558,Reed Employment Plc,"£30,849.96"
Manchester City Council,1000,Manchester Leisure,Refuse Collection,17/02/2025,5105974800,Biffa Municipal Limited,"£30,846.56"
Manchester City Council,1000,Manchester Leisure,Responsive Repairs Work,28/02/2025,5105977681,EQUANS Regeneration Limited,"£30,823.35"
Manchester City Council,1000,Manchester Leisure,Professional fees,05/02/2025,5105973737,Greenwich Leisure Limited,"£30,500.00"
Manchester City Council,1000,Manchester Leisure,Professional fees,05/02/2025,5105973738,Greenwich Leisure Limited,"£30,500.00"
Manchester City Council,1009,Housing General Fund,Building Works,28/02/2025,1908745848,UPS Building & Maintenance Ltd,"£30,463.06"
Manchester City Council,1003,Environment and Operations,Construction Works,28/02/2025,5105976927,J.Hopkins (Contractors) Ltd.,"£30,367.46"
Manchester City Council,1004,Childrens & Education Services,Residential Care Homes Payments,14/02/2025,1908732716,Partners in Care Ltd,"£30,202.86"
Manchester City Council,1004,Childrens & Education Services,Professional fees,07/02/2025,5105974695,42nd Street,"£30,000.00"
Manchester City Council,1011,Chief Executives,Advertising,05/02/2025,5105974052,Reach Publishing Services Ltd,"£30,000.00"
Manchester City Council,1004,Childrens & Education Services,Residential Care Homes Payments,07/02/2025,1908725627,New Horizons (Stockport) Ltd,"£29,924.61"
Manchester City Council,1004,Childrens & Education Services,Residential Care Homes Payments,28/02/2025,1908746076,Aontacht Ltd,"£29,900.00"
Manchester City Council,1004,Childrens & Education Services,Third party payments to other Local Authorities,07/02/2025,5105974657,Redacted Personal Information,"£29,880.00"
Manchester City Council,1004,Childrens & Education Services,Residential Care Homes Payments,07/02/2025,1908725720,Halliwells Homes Ltd,"£29,876.95"
Manchester City Council,1004,Childrens & Education Services,Residential Care Homes Payments,07/02/2025,1908725716,Halliwells Homes Ltd,"£29,876.95"
Manchester City Council,1004,Childrens & Education Services,Residential Care Homes Payments,07/02/2025,1908725715,Halliwells Homes Ltd,"£29,876.95"
Manchester City Council,1004,Childrens & Education Services,Residential Care Homes Payments,07/02/2025,1908725579,Halliwell Homes (Midlands) Ltd,"£29,876.95"
Manchester City Council,1004,Childrens & Education Services,Residential Care Homes Payments,14/02/2025,1908732733,Halliwells Homes Ltd,"£29,876.95"
Manchester City Council,1004,Childrens & Education Services,Residential Care Homes Payments,21/02/2025,1908739018,Paramount Children's Services,"£29,870.71"
Manchester City Council,1004,Childrens & Education Services,Transport Coach Hire,10/02/2025,5105974561,Royton Minibuses Ltd,"£29,710.15"
Manchester City Council,1004,Childrens & Education Services,Third party payments relating to Voluntary Organisations,12/02/2025,1908729125,Kids Planet,"£29,556.26"
Manchester City Council,1004,Childrens & Education Services,Residential Care Homes Payments,07/02/2025,1908725717,Halliwells Homes Ltd,"£29,453.90"
Manchester City Council,1004,Childrens & Education Services,Residential Care Homes Payments,07/02/2025,1908725719,Halliwells Homes Ltd,"£29,453.80"
Manchester City Council,1004,Childrens & Education Services,Grant and subscriptions awarded,11/02/2025,5105975045,The Movez Movement,"£29,451.75"
Manchester City Council,1004,Childrens & Education Services,Residential Care Homes Payments,14/02/2025,1908732718,Social Care Services Ltd,"£29,381.18"
Manchester City Council,1011,Chief Executives,Professional Fees,24/02/2025,5105977283,Transport for Greater Manchester,"£29,366.09"
Manchester City Council,1005,Adult Social Care,Third party payments to Health Authority,28/02/2025,5105976192,NHS GREATER MANCHESTER ICB,"£29,281.25"
Manchester City Council,1000,Manchester Leisure,Bed & Breakfast Acc,26/02/2025,5105977645,T15 Consultancy Ltd,"£29,183.43"
Manchester City Council,1011,Chief Executives,Agency staff provision,24/02/2025,1908740137,Reed Employment Plc,"£29,147.12"
Manchester City Council,1004,Childrens & Education Services,Residential Care Homes Payments,14/02/2025,1908732785,GS Social Care Solutions Ltd,"£29,051.34"
Manchester City Council,1000,Manchester Leisure,Payments to Sub-Contractors,17/02/2025,5105974733,Biffa Municipal Limited,"£29,032.83"
Manchester City Council,1004,Childrens & Education Services,Transport Coach Hire,14/02/2025,5105976074,City Care Agency Ltd,"£28,876.00"
Manchester City Council,1004,Childrens & Education Services,Residential Care Homes Payments,07/02/2025,1908725572,Phoenix Adolescent Care Ltd,"£28,785.67"
Manchester City Council,1004,Childrens & Education Services,Residential Care Homes Payments,14/02/2025,1908732751,The Together Trust,"£28,785.67"
Manchester City Council,1000,Manchester Leisure,Payments for services,24/02/2025,5105976568,Oldham Borough Council,"£28,707.84"
Manchester City Council,1013,Highways Services,Subsistence and Conference Expenses,24/02/2025,5105976673,Bike Right,"£28,573.88"
Manchester City Council,1012,Regeneration Finance,Professional fees,26/02/2025,1908742289,DWF LLP,"£28,287.50"
Manchester City Council,1004,Childrens & Education Services,Third party payments relating to Voluntary Organisations,12/02/2025,1908728820,Monkey Puzzle Day Nursery,"£28,212.30"
Manchester City Council,1004,Childrens & Education Services,Residential Care Homes Payments,07/02/2025,1908725760,Sankofa Specialist Care Limited,"£28,117.79"
Manchester City Council,1004,Childrens & Education Services,Residential Care Homes Payments,21/02/2025,1908738909,Wishing Well Homes Ltd,"£28,111.72"
Manchester City Council,1005,Adult Social Care,Personal needs of client,25/02/2025,5105977502,Drive Devilbiss Sidhil Ltd,"£28,000.00"
Manchester City Council,1004,Childrens & Education Services,Residential Care Homes Payments,07/02/2025,1908725590,Residential Child Care,"£27,990.00"
Manchester City Council,1004,Childrens & Education Services,Professional fees,05/02/2025,5105974071,Manchester Uni NHS Foundation Trust,"£27,980.33"
Manchester City Council,1004,Childrens & Education Services,Residential Care Homes Payments,14/02/2025,1908732780,Proactive Care Manchester Ltd,"£27,900.00"
Manchester City Council,1004,Childrens & Education Services,Residential Care Homes Payments,14/02/2025,1908732779,Proactive Care Manchester Ltd,"£27,900.00"
Manchester City Council,1004,Childrens & Education Services,Residential Care Homes Payments,21/02/2025,1908738912,Residential Child Care,"£27,900.00"
Manchester City Council,1004,Childrens & Education Services,Residential Care Homes Payments,07/02/2025,1908725622,Wishing Well Homes Ltd,"£27,893.88"
Manchester City Council,1005,Adult Social Care,Agency staff provision,24/02/2025,1908740137,Reed Employment Plc,"£27,603.06"
Manchester City Council,1005,Adult Social Care,Agency staff provision,10/02/2025,1908726320,Reed Employment Plc,"£27,595.40"
Manchester City Council,1011,Chief Executives,Agency staff provision,10/02/2025,1908726320,Reed Employment Plc,"£27,459.68"
Manchester City Council,1003,Environment and Operations,Construction Works,20/02/2025,5105976518,J.Hopkins (Contractors) Ltd.,"£27,384.94"
Manchester City Council,1004,Childrens & Education Services,Residential Care Homes Payments,28/02/2025,1908746031,Hopscotch Care Limited,"£27,130.71"
Manchester City Council,1011,Chief Executives,Catering,17/02/2025,5105976507,Manchester Central,"£27,090.10"
Manchester City Council,1004,Childrens & Education Services,Residential Care Homes Payments,07/02/2025,1908725624,Choices Home 4 Children Ltd,"£27,001.93"
Manchester City Council,1007,Corporate Services,CRB Fees,13/02/2025,5105975921,Disclosure & Barring Service,"£26,843.00"
Manchester City Council,1004,Childrens & Education Services,Residential Care Homes Payments,14/02/2025,1908732748,The Together Trust,"£26,682.01"
Manchester City Council,1000,Manchester Leisure,Security,28/02/2025,5105974192,Showsec International Ltd,"£26,675.17"
Manchester City Council,1000,Manchester Leisure,Contract Cleaning External,28/02/2025,5105973976,Clean Event Services,"£26,637.30"
Manchester City Council,1004,Childrens & Education Services,Residential Care Homes Payments,21/02/2025,1908739017,Paramount Children's Services,"£26,549.29"
Manchester City Council,1003,Environment and Operations,Construction Works,20/02/2025,5105976521,J.Hopkins (Contractors) Ltd.,"£26,529.07"
Manchester City Council,1010,Housing Revenue Account,Council Dwelling Adaptations,11/02/2025,5105975048,Rothwell Plumbing Services Ltd,"£26,421.09"
Manchester City Council,1004,Childrens & Education Services,Third party payments relating to Voluntary Organisations,12/02/2025,1908728828,Little Learning Ladder,"£26,412.75"
Manchester City Council,1004,Childrens & Education Services,Residential Care Homes Payments,14/02/2025,1908732666,Invigor Adolescent Care Ltd,"£26,350.00"
Manchester City Council,1004,Childrens & Education Services,Residential Care Homes Payments,07/02/2025,1908725757,Cambian Childcare Ltd,"£26,350.00"
Manchester City Council,1004,Childrens & Education Services,Residential Care Homes Payments,14/02/2025,1908732764,Resilience Residential Services,"£26,350.00"
Manchester City Council,1004,Childrens & Education Services,Residential Care Homes Payments,07/02/2025,1908725777,SBL Care Services (UK) Ltd,"£26,350.00"
Manchester City Council,1004,Childrens & Education Services,Residential Care Homes Payments,21/02/2025,1908738902,New Moon Residential,"£26,350.00"
Manchester City Council,1004,Childrens & Education Services,Residential Care Homes Payments,14/02/2025,1908732763,Resilience Residential Services,"£26,350.00"
Manchester City Council,1004,Childrens & Education Services,Residential Care Homes Payments,07/02/2025,1908725758,Cambian Childcare Ltd,"£26,350.00"
Manchester City Council,1004,Childrens & Education Services,Transport Coach Hire,13/02/2025,5105976036,School Transport Solutions,"£26,218.20"
Manchester City Council,1000,Manchester Leisure,Contract Cleaning External,05/02/2025,5105973980,Clean Event Services,"£26,201.70"
Manchester City Council,1007,Corporate Services,Transport Taxis,24/02/2025,1908740113,MANTAX TAXIS - VT,"£26,153.50"
Manchester City Council,1004,Childrens & Education Services,Residential Care Homes Payments,07/02/2025,1908725771,Fledglings Child Care Ltd,"£26,135.17"
Manchester City Council,1004,Childrens & Education Services,Residential Care Homes Payments,07/02/2025,1908725769,Fledglings Child Care Ltd,"£26,135.17"
Manchester City Council,1004,Childrens & Education Services,Residential Care Homes Payments,07/02/2025,1908725796,Pure Care Homes Ltd,"£26,128.66"
Manchester City Council,1004,Childrens & Education Services,Residential Care Homes Payments,07/02/2025,1908725629,New Horizons (Stockport) Ltd,"£26,088.67"
Manchester City Council,1000,Manchester Leisure,Refuse Collection,24/02/2025,5105974824,Biffa Municipal Limited,"£25,931.25"
Manchester City Council,1000,Manchester Leisure,Refuse Collection,24/02/2025,5105974825,Biffa Municipal Limited,"£25,931.25"
Manchester City Council,1004,Childrens & Education Services,Payments for services,27/02/2025,5105977868,EK Outreach Services Ltd,"£25,902.00"
Manchester City Council,1000,Manchester Leisure,Refuse Collection,17/02/2025,5105974793,Biffa Municipal Limited,"£25,827.04"
Manchester City Council,1004,Childrens & Education Services,Third party payments relating to Voluntary Organisations,12/02/2025,1908728803,Heaton Park View Nursery,"£25,809.03"
Manchester City Council,1004,Childrens & Education Services,Residential Care Homes Payments,21/02/2025,1908738963,Courtyard Care Ltd,"£25,799.75"
Manchester City Council,1004,Childrens & Education Services,Residential Care Homes Payments,21/02/2025,1908738962,Courtyard Care Ltd,"£25,799.75"
Manchester City Council,1004,Childrens & Education Services,Residential Care Homes Payments,14/02/2025,1908732732,Courtyard Care Ltd,"£25,799.75"
Manchester City Council,1004,Childrens & Education Services,Residential Care Homes Payments,21/02/2025,1908738907,Care 4 Every Child Ltd,"£25,796.34"
Manchester City Council,1004,Childrens & Education Services,Residential Care Homes Payments,07/02/2025,1908725801,Life Change Care Ltd,"£25,685.67"
Manchester City Council,1005,Adult Social Care,Agency staff provision,04/02/2025,1908718471,Reed Employment Plc,"£25,441.01"
Manchester City Council,1000,Manchester Leisure,Third party payments relating to Voluntary Organisations,21/02/2025,5105976783,Manchester Womens Aid,"£25,421.41"
Manchester City Council,1004,Childrens & Education Services,Residential Care Homes Payments,21/02/2025,1908738938,Hexagon Care Services Limited,"£25,415.31"
Manchester City Council,1004,Childrens & Education Services,Residential Care Homes Payments,21/02/2025,1908739021,Brinscall Care Limited,"£25,393.07"
Manchester City Council,1004,Childrens & Education Services,Third party payments to other Local Authorities,13/02/2025,5105976048,The Sea View Trust,"£25,340.00"
Manchester City Council,1002,Hospitality + Trading Services,Vehicle Fuel Costs,11/02/2025,5105975149,Standard Fuels Oils,"£25,321.00"
Manchester City Council,1007,Corporate Services,Fees,11/02/2025,5105975281,Pannone Corporate LLP,"£25,264.75"
Manchester City Council,1011,Chief Executives,Paper & Envelopes,28/02/2025,5105975848,Premier Paper Group Ltd,"£25,152.60"
Manchester City Council,1004,Childrens & Education Services,Third party payments to other Local Authorities,13/02/2025,5105975940,SOL Christian Academy,"£25,122.64"
Manchester City Council,1004,Childrens & Education Services,Third party payments to other Local Authorities,21/02/2025,5105975892,Bury M.B.C.,"£25,114.00"
Manchester City Council,1005,Adult Social Care,Agency staff provision,18/02/2025,1908734558,Reed Employment Plc,"£25,030.72"
Manchester City Council,1000,Manchester Leisure,Refuse Collection,24/02/2025,5105974797,Biffa Municipal Limited,"£25,019.00"
Manchester City Council,1004,Childrens & Education Services,Residential Care Homes Payments,21/02/2025,1908738961,Courtyard Care Ltd,"£24,967.50"
Manchester City Council,1004,Childrens & Education Services,Residential Care Homes Payments,14/02/2025,1908732781,Proactive Care Manchester Ltd,"£24,800.00"
Manchester City Council,1004,Childrens & Education Services,Residential Care Homes Payments,07/02/2025,1908725756,Cambian Childcare Ltd,"£24,800.00"
Manchester City Council,1000,Manchester Leisure,Responsive Repairs Work,26/02/2025,5105977603,EQUANS Regeneration Limited,"£24,683.56"
Manchester City Council,1004,Childrens & Education Services,Third party payments to other Local Authorities,04/02/2025,5105973882,Cumberland & Westmorland,"£24,435.18"
Manchester City Council,1004,Childrens & Education Services,Residential Care Homes Payments,07/02/2025,1908725558,Culina Roc Ltd,"£24,357.14"
Manchester City Council,1004,Childrens & Education Services,Residential Care Homes Payments,21/02/2025,1908738985,FOUR BRANCHES LTD,"£24,357.01"
Manchester City Council,1004,Childrens & Education Services,Residential Care Homes Payments,21/02/2025,1908738984,FOUR BRANCHES LTD,"£24,357.01"
Manchester City Council,1004,Childrens & Education Services,Residential Care Homes Payments,21/02/2025,1908738937,Hexagon Care Services Limited,"£24,206.35"
Manchester City Council,1004,Childrens & Education Services,Residential Care Homes Payments,07/02/2025,1908725754,Bright Futures Care Ltd,"£24,140.14"
Manchester City Council,1004,Childrens & Education Services,Residential Care Homes Payments,07/02/2025,1908725786,Dalepeak Ltd,"£24,033.99"
Manchester City Council,1004,Childrens & Education Services,Residential Care Homes Payments,07/02/2025,1908725787,Dalepeak Ltd,"£24,033.99"
Manchester City Council,1004,Childrens & Education Services,Residential Care Homes Payments,03/02/2025,5105973599,Family Futures CIC,"£24,033.15"
Manchester City Council,1007,Corporate Services,Collection Commision,11/02/2025,5105975339,PayByPhone Limited,"£24,025.00"
Manchester City Council,1012,Regeneration Finance,Electricity,27/02/2025,1908744663,Haven Power Ltd,"£24,017.94"
Manchester City Council,1000,Manchester Leisure,Recycling Facilities,28/02/2025,5105977881,Redgate Holdings Ltd,"£23,915.80"
Manchester City Council,1004,Childrens & Education Services,Third party payments relating to Voluntary Organisations,12/02/2025,1908728603,Merry Kidz Childcare Ltd,"£23,883.00"
Manchester City Council,1004,Childrens & Education Services,Residential Care Homes Payments,07/02/2025,1908725799,Keys PCE Limited,"£23,737.14"
Manchester City Council,1000,Manchester Leisure,Rents,05/02/2025,5105974128,M&D Residential Ltd,"£23,723.00"
Manchester City Council,1000,Manchester Leisure,Rents,05/02/2025,5105974043,M&D Residential Ltd,"£23,723.00"
Manchester City Council,1000,Manchester Leisure,Professional fees,26/02/2025,1908738212,BB Heritage Studio,"£23,620.00"
Manchester City Council,1004,Childrens & Education Services,Residential Care Homes Payments,28/02/2025,1908746082,Pure Care Homes Ltd,"£23,571.30"
Manchester City Council,1000,Manchester Leisure,Rents,25/02/2025,5105977500,M&D Residential Ltd,"£23,481.00"
Manchester City Council,1000,Manchester Leisure,Rents,05/02/2025,5105974131,M&D Residential Ltd,"£23,391.71"
Manchester City Council,1000,Manchester Leisure,Professional Fees,07/02/2025,5105974645,Fieldway Supplies Ltd,"£23,364.23"
Manchester City Council,1004,Childrens & Education Services,Residential Care Homes Payments,07/02/2025,1908725603,Brinscall Care Limited,"£23,360.71"
Manchester City Council,1004,Childrens & Education Services,Third party payments to other Local Authorities,10/02/2025,5105974928,High Peak School Limited,"£23,322.00"
Manchester City Council,1004,Childrens & Education Services,Third party payments to other Local Authorities,10/02/2025,5105974925,High Peak School Limited,"£23,322.00"
Manchester City Council,1004,Childrens & Education Services,Third party payments to other Local Authorities,10/02/2025,5105974926,High Peak School Limited,"£23,322.00"
Manchester City Council,1004,Childrens & Education Services,Third party payments to other Local Authorities,10/02/2025,5105974927,High Peak School Limited,"£23,322.00"
Manchester City Council,1004,Childrens & Education Services,Third party payments to other Local Authorities,10/02/2025,5105974924,High Peak School Limited,"£23,322.00"
Manchester City Council,1004,Childrens & Education Services,Third party payments to other Local Authorities,10/02/2025,5105974891,High Peak School Limited,"£23,322.00"
Manchester City Council,1000,Manchester Leisure,Rents,26/02/2025,5105977540,M&D Residential Ltd,"£23,288.00"
Manchester City Council,1004,Childrens & Education Services,Residential Care Homes Payments,07/02/2025,1908725559,Culina Roc Ltd,"£23,250.00"
Manchester City Council,1000,Manchester Leisure,Cleaning Equipment and Materials,28/02/2025,5105977887,Redgate Holdings Ltd,"£23,204.60"
Manchester City Council,1004,Childrens & Education Services,Residential Care Homes Payments,21/02/2025,1908738908,The Birtenshaw Group,"£23,165.99"
Manchester City Council,1006,Childrens Services,Building Works,12/02/2025,5105975708,Manchester Communication Academy,"£23,021.08"
Manchester City Council,1011,Chief Executives,Funeral and coroner related services,18/02/2025,5105976475,Manchester Uni NHS Foundation Trust,"£22,860.72"
Manchester City Council,1004,Childrens & Education Services,Residential Care Homes Payments,07/02/2025,1908725582,Meadows Care Ltd,"£22,785.18"
Manchester City Council,1004,Childrens & Education Services,Residential Care Homes Payments,07/02/2025,1908725581,Meadows Care Ltd,"£22,785.18"
Manchester City Council,1013,Highways Services,Payments to Sub-Contractors,10/02/2025,5105974059,Sapphire Utility Solutions,"£22,650.00"
Manchester City Council,1000,Manchester Leisure,Grounds Maintenance,28/02/2025,5105977888,Redgate Holdings Ltd,"£22,634.90"
Manchester City Council,1004,Childrens & Education Services,Third party payments to other Local Authorities,28/02/2025,5105978111,Mill School,"£22,356.67"
Manchester City Council,1002,Hospitality + Trading Services,Vehicle Fuel Costs,28/02/2025,5105977582,Standard Fuels Oils,"£22,324.58"
Manchester City Council,1004,Childrens & Education Services,Residential Care Homes Payments,07/02/2025,1908725575,Complete Children's Care Ltd,"£22,320.00"
Manchester City Council,1004,Childrens & Education Services,Third party payments relating to Voluntary Organisations,12/02/2025,1908728767,Didsbury Childminding Limited,"£22,291.20"
Manchester City Council,1013,Highways Services,Building Materials for direct delivery,24/02/2025,1908738858,KERBO CHARGE LTD,"£22,204.48"
Manchester City Council,1004,Childrens & Education Services,Residential Care Homes Payments,07/02/2025,1908725772,Fledglings Child Care Ltd,"£22,000.00"
Manchester City Council,1000,Manchester Leisure,Grant and subscriptions awarded,11/02/2025,5105974102,Supporting People In Need,"£22,000.00"
Manchester City Council,1000,Manchester Leisure,Refuse Collection,17/02/2025,5105974823,Biffa Municipal Limited,"£21,935.11"
Manchester City Council,1000,Manchester Leisure,Refuse Collection,17/02/2025,5105974822,Biffa Municipal Limited,"£21,935.11"
Manchester City Council,1004,Childrens & Education Services,Residential Care Homes Payments,07/02/2025,1908725762,Roc Northwest Ltd,"£21,921.43"
Manchester City Council,1004,Childrens & Education Services,Residential Care Homes Payments,07/02/2025,1908725761,Roc Northwest Ltd,"£21,921.43"
Manchester City Council,1004,Childrens & Education Services,Residential Care Homes Payments,07/02/2025,1908725782,Oasis Adolescent Services Ltd,"£21,921.34"
Manchester City Council,1004,Childrens & Education Services,Residential Care Homes Payments,14/02/2025,1908732717,Social Care Services Ltd,"£21,921.34"
Manchester City Council,1000,Manchester Leisure,Payments to Sub-Contractors,17/02/2025,5105975292,Hillier Nurseries Ltd,"£21,913.52"
Manchester City Council,1004,Childrens & Education Services,Residential Care Homes Payments,21/02/2025,1908738911,Care Today Childrens Services,"£21,799.20"
Manchester City Council,1004,Childrens & Education Services,Residential Care Homes Payments,21/02/2025,1908738940,Care Today Childrens Services,"£21,799.20"
Manchester City Council,1004,Childrens & Education Services,Third party payments to other Local Authorities,10/02/2025,5105974886,High Peak School Limited,"£21,694.67"
Manchester City Council,1004,Childrens & Education Services,Third party payments to other Local Authorities,10/02/2025,5105974910,High Peak School Limited,"£21,694.67"
Manchester City Council,1004,Childrens & Education Services,Third party payments to other Local Authorities,10/02/2025,5105974888,High Peak School Limited,"£21,694.67"
Manchester City Council,1004,Childrens & Education Services,Third party payments to other Local Authorities,10/02/2025,5105974883,High Peak School Limited,"£21,694.67"
Manchester City Council,1004,Childrens & Education Services,Third party payments to other Local Authorities,10/02/2025,5105974901,High Peak School Limited,"£21,694.67"
Manchester City Council,1004,Childrens & Education Services,Third party payments to other Local Authorities,10/02/2025,5105974904,High Peak School Limited,"£21,694.67"
Manchester City Council,1004,Childrens & Education Services,Third party payments to other Local Authorities,10/02/2025,5105974906,High Peak School Limited,"£21,694.67"
Manchester City Council,1004,Childrens & Education Services,Third party payments to other Local Authorities,10/02/2025,5105974854,High Peak School Limited,"£21,694.67"
Manchester City Council,1004,Childrens & Education Services,Third party payments to other Local Authorities,10/02/2025,5105974908,High Peak School Limited,"£21,694.67"
Manchester City Council,1004,Childrens & Education Services,Third party payments to other Local Authorities,10/02/2025,5105974922,High Peak School Limited,"£21,694.67"
Manchester City Council,1004,Childrens & Education Services,Third party payments to other Local Authorities,10/02/2025,5105974856,High Peak School Limited,"£21,694.67"
Manchester City Council,1004,Childrens & Education Services,Third party payments to other Local Authorities,10/02/2025,5105974858,High Peak School Limited,"£21,694.67"
Manchester City Council,1004,Childrens & Education Services,Third party payments relating to Voluntary Organisations,12/02/2025,1908728780,Network Nurseries Limited,"£21,681.67"
Manchester City Council,1004,Childrens & Education Services,Transport Coach Hire,05/02/2025,5105974060,Redacted Personal Information,"£21,560.00"
Manchester City Council,1004,Childrens & Education Services,Residential Care Homes Payments,07/02/2025,1908725783,Family Care Associates Ltd,"£21,531.36"
Manchester City Council,1000,Manchester Leisure,Electricity,27/02/2025,1908744642,Haven Power Ltd,"£21,514.80"
Manchester City Council,1005,Adult Social Care,Grant and subscriptions awarded,28/02/2025,5105977263,Royal Voluntary Service,"£21,500.00"
Manchester City Council,1005,Adult Social Care,Payments for services,14/02/2025,1908733271,The Docs Surgery,"£21,492.20"
Manchester City Council,1005,Adult Social Care,Payments for services,14/02/2025,1908733285,Urban Village Medical Practice,"£21,432.10"
Manchester City Council,1004,Childrens & Education Services,Residential Care Homes Payments,14/02/2025,1908732668,Crystal Care Solutions Ltd,"£21,278.40"
Manchester City Council,1004,Childrens & Education Services,Residential Care Homes Payments,14/02/2025,1908732753,The Together Trust,"£21,257.01"
Manchester City Council,1004,Childrens & Education Services,Residential Care Homes Payments,14/02/2025,1908732752,The Together Trust,"£21,257.01"
Manchester City Council,1004,Childrens & Education Services,Residential Care Homes Payments,14/02/2025,1908732749,The Together Trust,"£21,257.01"
Manchester City Council,1004,Childrens & Education Services,Residential Care Homes Payments,14/02/2025,1908732719,Social Care Services Ltd,"£21,257.01"
Manchester City Council,1004,Childrens & Education Services,Residential Care Homes Payments,07/02/2025,1908725580,Meadows Care Ltd,"£21,235.00"
Manchester City Council,1004,Childrens & Education Services,Third party payments to other Local Authorities,28/02/2025,5105978110,Mill School,"£21,091.33"
Manchester City Council,1004,Childrens & Education Services,Third party payments to other Local Authorities,28/02/2025,5105978108,Mill School,"£21,091.33"
Manchester City Council,1004,Childrens & Education Services,Third party payments to other Local Authorities,28/02/2025,5105978099,Mill School,"£21,091.33"
Manchester City Council,1004,Childrens & Education Services,Pay School Budget,12/02/2025,1908728539,Collyhurst Nursery School,"£21,075.70"
Manchester City Council,1000,Manchester Leisure,Grant and subscriptions awarded,12/02/2025,5105975009,Caritas Diocese of Salford,"£21,041.00"
Manchester City Council,1011,Chief Executives,Court Fees,18/02/2025,1908734734,Liberata,"£21,024.00"
Manchester City Council,1004,Childrens & Education Services,Transport Coach Hire,06/02/2025,5105974562,Redacted Personal Information,"£21,024.00"
Manchester City Council,1005,Adult Social Care,Grant and subscriptions awarded,18/02/2025,5105976631,Southway Housing Trust,"£21,000.00"
Manchester City Council,1005,Adult Social Care,Grant and subscriptions awarded,18/02/2025,5105976632,Southway Housing Trust,"£21,000.00"
Manchester City Council,1005,Adult Social Care,Third party payments relating to Voluntary Organisations,18/02/2025,5105976630,Southway Housing Trust,"£21,000.00"
Manchester City Council,1005,Adult Social Care,Third party payments relating to Voluntary Organisations,18/02/2025,5105976633,Southway Housing Trust,"£21,000.00"
Manchester City Council,1004,Childrens & Education Services,Third party payments to other Local Authorities,28/02/2025,5105977729,Lime Tree Primary School,"£20,842.00"
Manchester City Council,1004,Childrens & Education Services,Third party payments relating to Voluntary Organisations,04/02/2025,5105973794,Manchester Uni NHS Foundation Trust,"£20,833.33"
Manchester City Council,1004,Childrens & Education Services,Residential Care Homes Payments,14/02/2025,1908732750,The Together Trust,"£20,814.33"
Manchester City Council,1004,Childrens & Education Services,Third party payments relating to Voluntary Organisations,12/02/2025,1908728663,WMB Born2reign Day Nursery,"£20,698.60"
Manchester City Council,1000,Manchester Leisure,Cash Collection,21/02/2025,5105977021,APCOA PARKING UK Ltd,"£20,647.86"
Manchester City Council,1007,Corporate Services,Printing,14/02/2025,5105976413,Ricoh UK Ltd.,"£20,474.89"
Manchester City Council,1004,Childrens & Education Services,Residential Care Homes Payments,07/02/2025,1908725768,Aontacht Ltd,"£20,460.00"
Manchester City Council,1007,Corporate Services,PPM Consequential FM,28/02/2025,5105976678,EQUANS Services Limited,"£20,422.07"
Manchester City Council,1003,Environment and Operations,Construction Works,28/02/2025,5105977367,Rosgal Ltd,"£20,330.78"
Manchester City Council,1004,Childrens & Education Services,Residential Care Homes Payments,28/02/2025,1908746027,Care Today (Childrens Services) Ltd,"£20,316.16"
Manchester City Council,1004,Childrens & Education Services,Residential Care Homes Payments,28/02/2025,1908746028,Care Today (Childrens Services) Ltd,"£20,316.16"
Manchester City Council,1004,Childrens & Education Services,Third party payments relating to Voluntary Organisations,12/02/2025,1908728817,Kids Start Ltd,"£20,288.47"
Manchester City Council,1003,Environment and Operations,Construction Works,20/02/2025,5105976520,J.Hopkins (Contractors) Ltd.,"£20,285.64"
Manchester City Council,1004,Childrens & Education Services,Third party payments relating to Voluntary Organisations,12/02/2025,1908728664,WMB Born2win Day Nursery,"£20,237.70"
Manchester City Council,1004,Childrens & Education Services,Residential Care Homes Payments,07/02/2025,1908725784,Family Care Associates Ltd,"£20,236.49"
Manchester City Council,1000,Manchester Leisure,Contract Cleaning External,13/02/2025,5105974723,Biffa Municipal Limited,"£20,204.98"
Manchester City Council,1004,Childrens & Education Services,Third party payments relating to Voluntary Organisations,12/02/2025,1908729361,Merry Kidz Childcare Ltd,"£20,139.00"
Manchester City Council,1011,Chief Executives,Legal Fees,11/02/2025,1908727031,Irwin Mitchell Solicitors,"£20,060.60"
Manchester City Council,1007,Corporate Services,I T Provision,21/02/2025,5105976944,Softcat,"£20,059.38"
Manchester City Council,1005,Adult Social Care,Third party payments to Health Authority,05/02/2025,5105974075,Manchester Uni NHS Foundation Trust,"£20,052.67"
Manchester City Council,1004,Childrens & Education Services,Third party payments relating to Voluntary Organisations,12/02/2025,1908728816,Kids Planet Wythenshawe,"£20,027.25"
Manchester City Council,1004,Childrens & Education Services,Professional fees,10/02/2025,5105974931,School of Play Mcr Ltd,"£20,000.00"
Manchester City Council,1004,Childrens & Education Services,Professional fees,24/02/2025,5105977132,Big Stars Play Club,"£20,000.00"
Manchester City Council,1004,Childrens & Education Services,Payments to Academie,12/02/2025,1908729427,Unity Community Primary School,"£19,873.80"
Manchester City Council,1000,Manchester Leisure,Rents,26/02/2025,5105977638,Accommodation Links Ltd,"£19,757.14"
Manchester City Council,1000,Manchester Leisure,Rents,26/02/2025,5105977539,VSPG Housing 2 Ltd,"£19,740.00"
Manchester City Council,1004,Childrens & Education Services,Professional fees,17/02/2025,5105975515,Wigan Metropolitan Borough Council,"£19,717.00"
Manchester City Council,1004,Childrens & Education Services,Third party payments relating to Voluntary Organisations,12/02/2025,1908728786,Manchester Uni NHS Foundation Trust,"£19,678.95"
Manchester City Council,1004,Childrens & Education Services,Residential Care Homes Payments,07/02/2025,1908725798,Keys PCE Limited,"£19,652.45"
Manchester City Council,1003,Environment and Operations,Construction Works,28/02/2025,5105977366,Rosgal Ltd,"£19,616.08"
Manchester City Council,1000,Manchester Leisure,Payments to Sub-Contractors,14/02/2025,5105974367,J.A.Jones & Sons,"£19,538.00"
Manchester City Council,1004,Childrens & Education Services,Carer Support Payments ,07/02/2025,1908725713,Positive Care Solutions Ltd,"£19,300.00"
Manchester City Council,1002,Hospitality + Trading Services,Electricity,27/02/2025,1908744579,Haven Power Ltd,"£19,282.66"
Manchester City Council,1013,Highways Services,Professional Fees,14/02/2025,5105974228,Network Rail Infrastructure Ltd,"£19,281.05"
Manchester City Council,1006,Childrens Services,Works and associated costs for Land and Buildings,28/02/2025,5105974602,J Greenwood (Builders) Limited,"£19,201.55"
Manchester City Council,1000,Manchester Leisure,Third party payments relating to Voluntary Organisations,12/02/2025,5105975494,The Children'S Society Services Ltd,"£19,141.58"
Manchester City Council,1000,Manchester Leisure,Third party payments relating to Voluntary Organisations,12/02/2025,5105975493,The Children'S Society Services Ltd,"£19,141.58"
Manchester City Council,1010,Housing Revenue Account,Works and associated costs for Land and Buildings,17/02/2025,5105975050,Warden Construction Ltd,"£19,093.45"
Manchester City Council,1004,Childrens & Education Services,Residential Care Homes Payments,07/02/2025,1908725802,Kedleston Wood Grove Childcare Ltd,"£19,091.70"
Manchester City Council,1004,Childrens & Education Services,Residential Care Homes Payments,07/02/2025,1908725626,New Horizons (Stockport) Ltd,"£19,079.57"
Manchester City Council,1004,Childrens & Education Services,Residential Care Homes Payments,07/02/2025,1908725625,New Horizons (Stockport) Ltd,"£19,079.57"
Manchester City Council,1007,Corporate Services,Agency staff provision,04/02/2025,1908718471,Reed Employment Plc,"£19,007.31"
Manchester City Council,1007,Corporate Services,Transport Taxis,12/02/2025,1908729899,CCS*STREET CARS WH846V,"£18,953.80"
Manchester City Council,1004,Childrens & Education Services,Third party payments relating to Voluntary Organisations,12/02/2025,1908729017,Redacted Personal Information,"£18,855.00"
Manchester City Council,1004,Childrens & Education Services,Third party payments to other Local Authorities,10/02/2025,5105974898,High Peak School Limited,"£18,835.33"
Manchester City Council,1004,Childrens & Education Services,Third party payments to other Local Authorities,10/02/2025,5105974929,High Peak School Limited,"£18,835.33"
Manchester City Council,1004,Childrens & Education Services,Third party payments to other Local Authorities,10/02/2025,5105974852,High Peak School Limited,"£18,835.33"
Manchester City Council,1000,Manchester Leisure,Professional fees,20/02/2025,1908738864,Community Security (North West),"£18,810.00"
Manchester City Council,1004,Childrens & Education Services,Third party payments relating to Voluntary Organisations,03/02/2025,1908717756,Manchester Uni NHS Foundation Trust,"£18,808.20"
Manchester City Council,1000,Manchester Leisure,Rents,25/02/2025,5105977498,Eeven Homes Ltd.,"£18,789.71"
Manchester City Council,1004,Childrens & Education Services,Agency staff provision,06/02/2025,5105973955,Randstad Solutions Ltd,"£18,777.46"
Manchester City Council,1004,Childrens & Education Services,Third party payments relating to Voluntary Organisations,12/02/2025,1908729263,Kids Unlimited,"£18,723.40"
Manchester City Council,1007,Corporate Services,Works and associated costs for Land and Buildings,10/02/2025,5105974605,Pierre Angulaire Limited,"£18,720.00"
Manchester City Council,1007,Corporate Services,Fees,11/02/2025,1908720243,Marston Group Limited,"£18,718.00"
Manchester City Council,1004,Childrens & Education Services,Transport Coach Hire,06/02/2025,5105974149,Redacted Personal Information,"£18,650.67"
Manchester City Council,1010,Housing Revenue Account,Council Dwelling Adaptations,25/02/2025,5105977385,City Plumbing Supplies Holdings Ltd,"£18,644.33"
Manchester City Council,1005,Adult Social Care,Supported Accommodation,27/02/2025,5105977813,Care Quality Commission,"£18,610.00"
Manchester City Council,1004,Childrens & Education Services,Third party payments relating to Voluntary Organisations,12/02/2025,1908729036,Kids Unlimited,"£18,603.60"
Manchester City Council,1004,Childrens & Education Services,Residential Care Homes Payments,21/02/2025,1908738932,Redacted Personal Information,"£18,600.00"
Manchester City Council,1003,Environment and Operations,Construction Works,28/02/2025,5105976848,J.Hopkins (Contractors) Ltd.,"£18,543.50"
Manchester City Council,1000,Manchester Leisure,Third party payments relating to Voluntary Organisations,21/02/2025,5105975594,The Mustard Tree,"£18,488.00"
Manchester City Council,1007,Corporate Services,Agency staff provision,10/02/2025,5105974321,Triad Resourcing,"£18,480.00"
Manchester City Council,1000,Manchester Leisure,Rents,21/02/2025,5105977020,Accommodation Links Ltd,"£18,451.29"
Manchester City Council,1004,Childrens & Education Services,Third party payments to other Local Authorities,12/02/2025,5105975525,St John's Catholic School,"£18,395.33"
Manchester City Council,1011,Chief Executives,Grant and subscriptions awarded,28/02/2025,5105974714,Shelter,"£18,350.00"
Manchester City Council,1004,Childrens & Education Services,Third party payments to other Local Authorities,18/02/2025,5105976593,Carrington Riding Centre,"£18,333.33"
Manchester City Council,1004,Childrens & Education Services,Third party payments to other Local Authorities,20/02/2025,5105976836,Carrington Riding Centre,"£18,333.33"
Manchester City Council,1004,Childrens & Education Services,Third party payments to other Local Authorities,20/02/2025,5105976837,Carrington Riding Centre,"£18,333.33"
Manchester City Council,1004,Childrens & Education Services,Third party payments to other Local Authorities,20/02/2025,5105976838,Carrington Riding Centre,"£18,333.33"
Manchester City Council,1000,Manchester Leisure,Equipment,28/02/2025,5105977221,Cromwell Polythene Limited,"£18,256.00"
Manchester City Council,1007,Corporate Services,Works and associated costs for Land and Buildings,17/02/2025,5105975448,EQUANS Regeneration Limited,"£18,217.93"
Manchester City Council,1000,Manchester Leisure,Third party payments relating to Voluntary Organisations,06/02/2025,5105974292,Waythrough,"£18,099.50"
Manchester City Council,1000,Manchester Leisure,External repairs and maintenance for buildings,12/02/2025,5105975624,Norman Ashworth Limited,"£18,095.00"
Manchester City Council,1004,Childrens & Education Services,Transport Coach Hire,10/02/2025,5105973742,Sumi Travel Ltd.,"£18,070.00"
Manchester City Council,1004,Childrens & Education Services,Professional fees,28/02/2025,5105976496,Breakthrough After School Club,"£18,025.00"
Manchester City Council,1012,Regeneration Finance,Professional fees,21/02/2025,5105973628,Jon Matthews Architects,"£18,000.00"
Manchester City Council,1012,Regeneration Finance,Professional fees,28/02/2025,5105978182,Jon Matthews Architects,"£18,000.00"
Manchester City Council,1004,Childrens & Education Services,Transport Coach Hire,11/02/2025,5105974915,Youbus Ltd,"£17,991.00"
Manchester City Council,1004,Childrens & Education Services,Residential Care Homes Payments,21/02/2025,1908738944,Inspire Childrens Services Ltd,"£17,926.99"
Manchester City Council,1004,Childrens & Education Services,Residential Care Homes Payments,21/02/2025,1908738943,Inspire Childrens Services Ltd,"£17,926.99"
Manchester City Council,1002,Hospitality + Trading Services,Electricity,27/02/2025,1908744609,Haven Power Ltd,"£17,924.36"
Manchester City Council,1000,Manchester Leisure,Responsive Repairs Work,25/02/2025,5105977515,Buckleys Property Services Ltd,"£17,865.63"
Manchester City Council,1000,Manchester Leisure,Rents,25/02/2025,5105977497,Eeven Homes Ltd.,"£17,718.29"
Manchester City Council,1000,Manchester Leisure,Security,14/02/2025,5105975619,Showsec International Ltd,"£17,698.55"
Manchester City Council,1004,Childrens & Education Services,Third party payments to other Local Authorities,28/02/2025,5105978107,Mill School,"£17,680.00"
Manchester City Council,1004,Childrens & Education Services,Residential Care Homes Payments,07/02/2025,1908725721,Halliwells Homes Ltd,"£17,670.57"
Manchester City Council,1000,Manchester Leisure,Rents,11/02/2025,5105975087,Eeven Homes Ltd.,"£17,624.57"
Manchester City Council,1004,Childrens & Education Services,Residential Care Homes Payments,07/02/2025,1908725767,Redacted Personal Information,"£17,608.00"
Manchester City Council,1000,Manchester Leisure,Rents,18/02/2025,5105976610,Eeven Homes Ltd.,"£17,580.00"
Manchester City Council,1000,Manchester Leisure,Grant and subscriptions awarded,13/02/2025,5105975517,Old Moat Youth Outreach Project,"£17,550.00"
Manchester City Council,1000,Manchester Leisure,Grant and subscriptions awarded,12/02/2025,5105975478,Old Moat Youth Outreach Project,"£17,550.00"
Manchester City Council,1004,Childrens & Education Services,Third party payments relating to Voluntary Organisations,12/02/2025,1908729318,Heaton Park View Nursery,"£17,523.00"
Manchester City Council,1012,Regeneration Finance,Legal Fees,26/02/2025,1908742220,Kings Chambers,"£17,500.00"
Manchester City Council,1004,Childrens & Education Services,Professional fees,20/02/2025,5105977053,The Movez Movement,"£17,465.77"
Manchester City Council,1004,Childrens & Education Services,Professional fees,20/02/2025,5105976835,The Movez Movement,"£17,465.77"
Manchester City Council,1004,Childrens & Education Services,Professional fees,04/02/2025,5105973949,The Movez Movement,"£17,465.77"
Manchester City Council,1004,Childrens & Education Services,Professional fees,10/02/2025,5105975043,The Movez Movement,"£17,465.77"
Manchester City Council,1007,Corporate Services,Professional Fees,28/02/2025,5105974053,Buttress,"£17,454.58"
Manchester City Council,1004,Childrens & Education Services,Third party payments to other Local Authorities,12/02/2025,5105975611,The Together Trust,"£17,385.32"
Manchester City Council,1002,Hospitality + Trading Services,Vehicle Fuel Costs,28/02/2025,5105978197,Standard Fuels Oils,"£17,368.91"
Manchester City Council,1004,Childrens & Education Services,Court Fees,18/02/2025,1908734740,Liberata,"£17,280.00"
Manchester City Council,1007,Corporate Services,Agency staff provision,10/02/2025,1908726320,Reed Employment Plc,"£17,212.86"
Manchester City Council,1004,Childrens & Education Services,Third party payments relating to Voluntary Organisations,12/02/2025,1908729351,The Big Life Company,"£17,205.60"
Manchester City Council,1007,Corporate Services,Works and associated costs for Land and Buildings,17/02/2025,5105976216,M\cr Heat Network Supply Co Ltd,"£17,186.00"
Manchester City Council,1005,Adult Social Care,Third party payments to Health Authority,24/02/2025,5105976636,Greater Manchester Mental Health,"£17,091.00"
Manchester City Council,1000,Manchester Leisure,External repairs and maintenance for buildings,10/02/2025,5105973714,A C Electrical (North) Limited,"£17,063.16"
Manchester City Council,1007,Corporate Services,Electricity,27/02/2025,1908744605,Haven Power Ltd,"£17,062.05"
Manchester City Council,1000,Manchester Leisure,Legal Fees,03/02/2025,1908717814,Inaaya Solicitors,"£17,000.00"
Manchester City Council,1004,Childrens & Education Services,Third party payments to other Local Authorities,12/02/2025,5105975612,The Together Trust,"£16,965.10"
Manchester City Council,1004,Childrens & Education Services,Payments to Academie,12/02/2025,1908728660,Unity Community Primary School,"£16,927.60"
Manchester City Council,1002,Hospitality + Trading Services,Internal Repairs and Maintenance for buildings,28/02/2025,5105978083,Facultatieve Technologies Ltd,"£16,898.12"
Manchester City Council,1002,Hospitality + Trading Services,Internal Repairs and Maintenance for buildings,18/02/2025,5105976112,Facultatieve Technologies Ltd,"£16,898.12"
Manchester City Council,1004,Childrens & Education Services,Payments for services,26/02/2025,5105977563,Salford College,"£16,864.00"
Manchester City Council,1000,Manchester Leisure,Rents,11/02/2025,5105975089,Eeven Homes Ltd.,"£16,864.00"
Manchester City Council,1005,Adult Social Care,Third party payments relating to Voluntary Organisations,13/02/2025,5105974545,Manchester Action On Street Health,"£16,853.00"
Manchester City Council,1000,Manchester Leisure,Third party payments relating to Voluntary Organisations,10/02/2025,5105975034,Quays Housing,"£16,777.00"
Manchester City Council,1000,Manchester Leisure,Third party payments relating to Voluntary Organisations,13/02/2025,5105974230,Quays Housing,"£16,777.00"
Manchester City Council,1010,Housing Revenue Account,Council Dwelling Adaptations,06/02/2025,5105974154,Rexel UK Ltd,"£16,725.75"
Manchester City Council,1001,Libraries and Theatres,Vehicle Plant Furniture and Equipment,13/02/2025,5105974398,Grantfen Fire & Security Ltd,"£16,699.84"
Manchester City Council,1004,Childrens & Education Services,Residential Care Homes Payments,14/02/2025,1908732746,Full Circle Care,"£16,695.67"
Manchester City Council,1005,Adult Social Care,Third party payments relating to Voluntary Organisations,13/02/2025,5105975918,Manchester Action On Street Health,"£16,686.08"
Manchester City Council,1003,Environment and Operations,Construction Works,28/02/2025,5105976925,J.Hopkins (Contractors) Ltd.,"£16,661.35"
Manchester City Council,1004,Childrens & Education Services,Third party payments relating to Voluntary Organisations,12/02/2025,1908729109,Heaton Park View Nursery,"£16,592.40"
Manchester City Council,1004,Childrens & Education Services,Third party payments relating to Voluntary Organisations,12/02/2025,1908728773,Bertram Nursery Group,"£16,579.08"
Manchester City Council,1004,Childrens & Education Services,Third party payments to other Local Authorities,11/02/2025,5105975379,Progress Schools Ltd,"£16,546.00"
Manchester City Council,1003,Environment and Operations,Construction Works,28/02/2025,5105976847,J.Hopkins (Contractors) Ltd.,"£16,540.20"
Manchester City Council,1007,Corporate Services,Works and associated costs for Land and Buildings,11/02/2025,5105975357,Ove Arup & Partners Ltd,"£16,500.00"
Manchester City Council,1007,Corporate Services,Works and associated costs for Land and Buildings,10/02/2025,5105974081,Rider Levett Bucknall UK Ltd,"£16,500.00"
Manchester City Council,1007,Corporate Services,Car Parking Permits,28/02/2025,5105974684,Patrol Bus Lanes,"£16,466.50"
Manchester City Council,1000,Manchester Leisure,Rents,17/02/2025,5105975166,K L Properties,"£16,435.00"
Manchester City Council,1004,Childrens & Education Services,Residential Care Homes Payments,14/02/2025,1908732695,Progressive Care Ltd,"£16,401.45"
Manchester City Council,1004,Childrens & Education Services,Residential Care Homes Payments,21/02/2025,1908738939,Hexagon Care Services Limited,"£16,322.65"
Manchester City Council,1005,Adult Social Care,Third party payments to Health Authority,07/02/2025,5105974796,Manchester Bangladeshi Womens Organ,"£16,320.00"
Manchester City Council,1005,Adult Social Care,Third party payments to Health Authority,20/02/2025,5105976711,Breakthrough Uk Ltd,"£16,320.00"
Manchester City Council,1002,Hospitality + Trading Services,Vehicle Fuel Costs,28/02/2025,5105976902,Standard Fuels Oils,"£16,318.34"
Manchester City Council,1004,Childrens & Education Services,Third party payments relating to Voluntary Organisations,12/02/2025,1908728649,Tiddlywinks Day Nursery Ltd,"£16,215.30"
Manchester City Council,1007,Corporate Services,Elec Car L-VAT contr,10/02/2025,1908725910,Northumbria Healthcare NHS FT,"£16,205.48"
Manchester City Council,1010,Housing Revenue Account,Council Dwelling Fees,06/02/2025,5105974023,Rexel UK Ltd,"£16,202.19"
Manchester City Council,1000,Manchester Leisure,Electricity,27/02/2025,1908744595,Haven Power Ltd,"£16,201.10"
Manchester City Council,1002,Hospitality + Trading Services,Vehicle Fuel Costs,11/02/2025,5105975120,Standard Fuels Oils,"£16,160.26"
Manchester City Council,1002,Hospitality + Trading Services,Vehicle Fuel Costs,28/02/2025,5105973919,Standard Fuels Oils,"£16,155.56"
Manchester City Council,1004,Childrens & Education Services,Residential Care Homes Payments,07/02/2025,1908725764,Roc Northwest Ltd,"£16,137.32"
Manchester City Council,1000,Manchester Leisure,Rents,28/02/2025,5105977462,K L Properties,"£16,112.00"
Manchester City Council,1004,Childrens & Education Services,Pay School Budget,12/02/2025,1908728602,Martenscroft Nursery School,"£16,089.60"
Manchester City Council,1004,Childrens & Education Services,Third party payments relating to Voluntary Organisations,12/02/2025,1908729333,Kids Planet,"£16,043.00"
Manchester City Council,1011,Chief Executives,Legal Fees,21/02/2025,1908739071,Warwickshire County Council,"£16,041.18"
Manchester City Council,1001,Libraries and Theatres,Vehicle Plant Furniture and Equipment,20/02/2025,5105976966,H Jenkinson & Co Ltd.,"£16,025.82"
Manchester City Council,1000,Manchester Leisure,Electricity,27/02/2025,1908744581,Haven Power Ltd,"£16,009.24"
Manchester City Council,1004,Childrens & Education Services,Third party payments to other Local Authorities,12/02/2025,5105975490,SMS Coaching Ltd,"£16,000.00"
Manchester City Council,1026,Insurance Fund,Insurance,11/02/2025,1908727029,Serious Injury Law,"£16,000.00"
Manchester City Council,1003,Environment and Operations,Construction Works,20/02/2025,5105976515,J.Hopkins (Contractors) Ltd.,"£15,988.04"
Manchester City Council,1007,Corporate Services,Professional fees,10/02/2025,5105973791,Turner & Townsend Project,"£15,926.85"
Manchester City Council,1004,Childrens & Education Services,Third party payments relating to Voluntary Organisations,12/02/2025,1908728818,Kids Around The Clock,"£15,847.65"
Manchester City Council,1005,Adult Social Care,Agency staff provision,04/02/2025,1908718471,Reed Employment Plc,"£15,843.20"
Manchester City Council,1012,Regeneration Finance,Professional fees,28/02/2025,5105977529,Steer Davies & Geave Limited,"£15,840.00"
Manchester City Council,1005,Adult Social Care,Payments for services,14/02/2025,1908733296,Bodey Medical Centre,"£15,800.30"
Manchester City Council,1004,Childrens & Education Services,Residential Care Homes Payments,07/02/2025,1908725775,Resilience Residential Services,"£15,771.36"
Manchester City Council,1000,Manchester Leisure,Electricity,21/02/2025,5105977114,Wythenshawe Forum Trust Ltd,"£15,710.27"
Manchester City Council,1000,Manchester Leisure,Electricity,21/02/2025,5105977112,Wythenshawe Forum Trust Ltd,"£15,710.27"
Manchester City Council,1010,Housing Revenue Account,Works and associated costs for Land and Buildings,28/02/2025,5105977821,F Parkinson Limited,"£15,673.95"
Manchester City Council,1004,Childrens & Education Services,Residential Care Homes Payments,28/02/2025,1908746029,Meadows Care Ltd,"£15,655.00"
Manchester City Council,1005,Adult Social Care,Supporting People Payments,12/02/2025,5105975003,Great Places Housing Association,"£15,639.85"
Manchester City Council,1000,Manchester Leisure,Rents,21/02/2025,5105975780,Accommodation Links Ltd,"£15,568.57"
Manchester City Council,1007,Corporate Services,Fees,14/02/2025,1908714462,Newlyn Plc,"£15,523.87"
Manchester City Council,1000,Manchester Leisure,Security,12/02/2025,5105975616,Showsec International Ltd,"£15,511.36"
Manchester City Council,1000,Manchester Leisure,Rents,05/02/2025,5105974254,The Whiteluck Group,"£15,498.00"
Manchester City Council,1000,Manchester Leisure,Rents,24/02/2025,5105976594,K L Properties,"£15,470.00"
Manchester City Council,1005,Adult Social Care,Day Care Payments,04/02/2025,5105973903,Age UK Manchester,"£15,461.56"
Manchester City Council,1000,Manchester Leisure,Rents,13/02/2025,5105975775,Accommodation Links Ltd,"£15,455.00"
Manchester City Council,1004,Childrens & Education Services,Internal Repairs and Maintenance for buildings,21/02/2025,5105977165,NU3PS,"£15,417.95"
Manchester City Council,1000,Manchester Leisure,Rents,28/02/2025,5105977461,K L Properties,"£15,287.81"
Manchester City Council,1007,Corporate Services,Agency staff provision,18/02/2025,1908734558,Reed Employment Plc,"£15,266.52"
Manchester City Council,1005,Adult Social Care,Agency staff provision,10/02/2025,1908726320,Reed Employment Plc,"£15,226.28"
Manchester City Council,1000,Manchester Leisure,Electricity,21/02/2025,5105977124,Wythenshawe Forum Trust Ltd,"£15,203.49"
Manchester City Council,1000,Manchester Leisure,Electricity,21/02/2025,5105977121,Wythenshawe Forum Trust Ltd,"£15,203.49"
Manchester City Council,1004,Childrens & Education Services,Third party payments relating to Voluntary Organisations,12/02/2025,1908728593,Little Spuds Day Nursery,"£15,167.80"
Manchester City Council,1004,Childrens & Education Services,Third party payments to other Local Authorities,28/02/2025,5105975377,Broadstones Independent Special Sch,"£15,134.67"
Manchester City Council,1004,Childrens & Education Services,Third party payments to other Local Authorities,28/02/2025,5105975375,Broadstones Independent Special Sch,"£15,134.67"
Manchester City Council,1004,Childrens & Education Services,Third party payments to other Local Authorities,28/02/2025,5105974840,Broadstones Independent Special Sch,"£15,134.67"
Manchester City Council,1004,Childrens & Education Services,Third party payments to other Local Authorities,28/02/2025,5105975376,Broadstones Independent Special Sch,"£15,134.67"
Manchester City Council,1000,Manchester Leisure,Refuse Collection,17/02/2025,5105974792,Biffa Municipal Limited,"£15,103.33"
Manchester City Council,1004,Childrens & Education Services,Third party payments relating to Voluntary Organisations,12/02/2025,1908729202,Small Wonders Pdn Ltd,"£15,042.10"
Manchester City Council,1007,Corporate Services,Fees,26/02/2025,1908714414,CDER GROUP LIMITED,"£15,028.79"
Manchester City Council,1005,Adult Social Care,Third party payments to Health Authority,28/02/2025,5105975577,Something To Aim For,"£15,000.00"
Manchester City Council,1005,Adult Social Care,Third party payments to Health Authority,17/02/2025,5105974966,GMPA,"£15,000.00"
Manchester City Council,1012,Regeneration Finance,Professional fees,07/02/2025,5105974775,Inakalum UK Limited,"£15,000.00"
Manchester City Council,1010,Housing Revenue Account,Works and associated costs for Land and Buildings,24/02/2025,1908740220,H M Revenues and Customs,"£15,000.00"
Manchester City Council,1000,Manchester Leisure,Grant and subscriptions awarded,21/02/2025,5105976135,Barlow Moor Community Association,"£15,000.00"
Manchester City Council,1000,Manchester Leisure,Grant and subscriptions awarded,05/02/2025,5105974374,On The Out CIC,"£15,000.00"
Manchester City Council,1007,Corporate Services,Works and associated costs for Land and Buildings,11/02/2025,5105975351,Ramboll UK Limited,"£15,000.00"
Manchester City Council,1002,Hospitality + Trading Services,Compensation Payments,28/02/2025,1908746088,Thompsons Solicitors,"£15,000.00"
Manchester City Council,1007,Corporate Services,Works and associated costs for Land and Buildings,14/02/2025,5105974181,Pell Frischmann Consultants Ltd,"£14,977.14"
Manchester City Council,1004,Childrens & Education Services,Residential Care Homes Payments,07/02/2025,1908725763,Roc Northwest Ltd,"£14,945.90"
Manchester City Council,1010,Housing Revenue Account,Gas,27/02/2025,1908744234,SEFE ENERGY Ltd,"£14,938.11"
Manchester City Council,1004,Childrens & Education Services,Third party payments to other Local Authorities,26/02/2025,5105977509,Xaverian College,"£14,929.00"
Manchester City Council,1004,Childrens & Education Services,Residential Care Homes Payments,21/02/2025,1908739012,New Moon Residential,"£14,928.49"
Manchester City Council,1004,Childrens & Education Services,Third party payments relating to Voluntary Organisations,12/02/2025,1908729126,Kids Planet Wythenshawe,"£14,899.64"
Manchester City Council,1005,Adult Social Care,Agency staff provision,18/02/2025,1908734558,Reed Employment Plc,"£14,890.05"
Manchester City Council,1004,Childrens & Education Services,Third party payments to other Local Authorities,28/02/2025,5105978092,Progress Schools Ltd,"£14,857.00"
Manchester City Council,1004,Childrens & Education Services,Third party payments relating to Voluntary Organisations,12/02/2025,1908729410,Tarbiyah Nurseries Ltd,"£14,850.00"
Manchester City Council,1004,Childrens & Education Services,Residential Care Homes Payments,28/02/2025,1908746048,Care Today Childrens Services,"£14,770.57"
Manchester City Council,1004,Childrens & Education Services,Residential Care Homes Payments,21/02/2025,1908738942,Care Today Childrens Services,"£14,770.57"
Manchester City Council,1004,Childrens & Education Services,Residential Care Homes Payments,21/02/2025,1908738941,Care Today Childrens Services,"£14,770.57"
Manchester City Council,1004,Childrens & Education Services,Residential Care Homes Payments,28/02/2025,1908746057,Care Today Childrens Services,"£14,770.57"
Manchester City Council,1004,Childrens & Education Services,Third party payments relating to Voluntary Organisations,12/02/2025,1908728901,Tiddlywinks Day Nursery Ltd Ancoats,"£14,628.60"
Manchester City Council,1009,Housing General Fund,Building Works,28/02/2025,1908745849,UPS Building & Maintenance Ltd,"£14,602.65"
Manchester City Council,1004,Childrens & Education Services,Professional fees,17/02/2025,5105976372,Remedi,"£14,583.33"
Manchester City Council,1004,Childrens & Education Services,Grant and subscriptions awarded,28/02/2025,5105977251,Remedi,"£14,583.00"
Manchester City Council,1004,Childrens & Education Services,Third party payments relating to Voluntary Organisations,12/02/2025,1908729222,Tiddlywinks Nursery-Clayton No.4 Ac,"£14,581.20"
Manchester City Council,1004,Childrens & Education Services,Third party payments relating to Voluntary Organisations,12/02/2025,1908728544,DeeDee's Childcare Limited,"£14,581.20"
Manchester City Council,1000,Manchester Leisure,Grant and subscriptions awarded,21/02/2025,5105976785,Manchester Womens Aid,"£14,576.91"
Manchester City Council,1004,Childrens & Education Services,Transport Coach Hire,07/02/2025,1908722589,HATS Group Ltd,"£14,563.59"
Manchester City Council,1007,Corporate Services,Works and associated costs for Land and Buildings,17/02/2025,5105975447,EQUANS Regeneration Limited,"£14,522.88"
Manchester City Council,1004,Childrens & Education Services,Third party payments relating to Voluntary Organisations,12/02/2025,1908729320,Hillcity Day Nursery,"£14,499.10"
Manchester City Council,1000,Manchester Leisure,Third party payments relating to Voluntary Organisations,06/02/2025,5105974294,Waythrough,"£14,495.83"
Manchester City Council,1011,Chief Executives,Postage,28/02/2025,5105977046,Whistl North Ltd,"£14,488.13"
Manchester City Council,1004,Childrens & Education Services,Third party payments to other Local Authorities,28/02/2025,5105978078,Progress Schools Ltd,"£14,469.34"
Manchester City Council,1004,Childrens & Education Services,Residential Care Homes Payments,28/02/2025,1908746030,Meadows Care Ltd,"£14,450.00"
Manchester City Council,1004,Childrens & Education Services,Professional fees,26/02/2025,1908742840,Cambridge Education,"£14,424.89"
Manchester City Council,1004,Childrens & Education Services,Grant and subscriptions awarded,25/02/2025,5105977146,N-Gage Project,"£14,416.75"
Manchester City Council,1004,Childrens & Education Services,Grant and subscriptions awarded,25/02/2025,5105977156,N-Gage Project,"£14,416.75"
Manchester City Council,1004,Childrens & Education Services,Residential Care Homes Payments,14/02/2025,1908732665,Complete Children's Care Ltd,"£14,400.00"
Manchester City Council,1007,Corporate Services,Fees,14/02/2025,1908714457,Newlyn Plc,"£14,389.40"
Manchester City Council,1007,Corporate Services,Works and associated costs for Land and Buildings,07/02/2025,5105973887,Tobit Curteis Associates LLP,"£14,358.00"
Manchester City Council,1007,Corporate Services,Works and associated costs for Land and Buildings,28/02/2025,5105976366,Mace Ltd,"£14,297.03"
Manchester City Council,1000,Manchester Leisure,Third party payments relating to Voluntary Organisations,21/02/2025,5105976782,Manchester Womens Aid,"£14,284.83"
Manchester City Council,1000,Manchester Leisure,Grant and subscriptions awarded,12/02/2025,5105975367,Boxyard Ltd,"£14,275.00"
Manchester City Council,1007,Corporate Services,Security,21/02/2025,5105977129,Constellia Public Ltd,"£14,251.28"
Manchester City Council,1005,Adult Social Care,Supporting People Payments,04/02/2025,5105973631,Richmond Fellowship,"£14,222.52"
Manchester City Council,1004,Childrens & Education Services,Transport Coach Hire,14/02/2025,5105976070,New City Cars Ltd,"£14,199.00"
Manchester City Council,1007,Corporate Services,Hire of Equipment,14/02/2025,5105975399,Flowbird Smart City Uk Ltd,"£14,193.93"
Manchester City Council,1013,Highways Services,Payments to Sub-Contractors,24/02/2025,5105976989,Clearway Drainage Systems Ltd,"£14,160.00"
Manchester City Council,1011,Chief Executives,Counsel Costs,27/02/2025,1908745574,DEANS COURT CHAMBERS,"£14,150.00"
Manchester City Council,1007,Corporate Services,Fees,26/02/2025,1908724334,Newlyn Plc,"£14,112.74"
Manchester City Council,1007,Corporate Services,Electricity,27/02/2025,1908744607,Haven Power Ltd,"£14,093.55"
Manchester City Council,1004,Childrens & Education Services,Third party payments relating to Voluntary Organisations,12/02/2025,1908729130,Monkey Puzzle Day Nursery,"£14,078.40"
Manchester City Council,1004,Childrens & Education Services,Third party payments relating to Voluntary Organisations,12/02/2025,1908729128,Kids Around The Clock,"£14,078.40"
Manchester City Council,1004,Childrens & Education Services,Third party payments relating to Voluntary Organisations,12/02/2025,1908729297,Network Nurseries Limited,"£14,060.88"
Manchester City Council,1000,Manchester Leisure,Payments to Sub-Contractors,17/02/2025,5105975481,Arboricultural Services Treework,"£14,050.00"
Manchester City Council,1004,Childrens & Education Services,Third party payments relating to Voluntary Organisations,12/02/2025,1908728572,Hillcity Day Nursery,"£14,036.50"
Manchester City Council,1004,Childrens & Education Services,Third party payments relating to Voluntary Organisations,12/02/2025,1908729210,Superkids Levenshulme Ltd,"£14,036.50"
Manchester City Council,1003,Environment and Operations,Construction Works,20/02/2025,5105976512,J.Hopkins (Contractors) Ltd.,"£14,035.86"
Manchester City Council,1000,Manchester Leisure,Third party payments relating to Voluntary Organisations,06/02/2025,5105974260,Waythrough,"£14,033.24"
Manchester City Council,1004,Childrens & Education Services,Third party payments to other Local Authorities,11/02/2025,5105975426,Safe Start School Ltd,"£14,000.00"
Manchester City Council,1004,Childrens & Education Services,Third party payments to other Local Authorities,28/02/2025,5105975655,Safe Start School Ltd,"£14,000.00"
Manchester City Council,1012,Regeneration Finance,Professional Fees,28/02/2025,5105977495,Place Partners Ltd,"£14,000.00"
Manchester City Council,1004,Childrens & Education Services,Third party payments to other Local Authorities,28/02/2025,5105978172,Roe Lee Park Primary School,"£13,995.00"
Manchester City Council,1004,Childrens & Education Services,Residential Care Homes Payments,28/02/2025,1908746045,Care Today Childrens Services,"£13,977.90"
Manchester City Council,1004,Childrens & Education Services,Residential Care Homes Payments,28/02/2025,1908746055,Care Today Childrens Services,"£13,977.90"
Manchester City Council,1004,Childrens & Education Services,Third party payments relating to Voluntary Organisations,12/02/2025,1908728890,Superkids Levenshulme Ltd,"£13,932.00"
Manchester City Council,1000,Manchester Leisure,Special Event,20/02/2025,5105976006,Space Stage Ltd,"£13,931.00"
Manchester City Council,1004,Childrens & Education Services,Payments for services,27/02/2025,5105977988,H.G. Care Services Ltd,"£13,920.25"
Manchester City Council,1004,Childrens & Education Services,Third party payments to other Local Authorities,04/02/2025,5105973861,Navigators College,"£13,908.96"
Manchester City Council,1004,Childrens & Education Services,Third party payments to other Local Authorities,18/02/2025,5105976602,St Thomas More RC College,"£13,886.00"
Manchester City Council,1004,Childrens & Education Services,Third party payments relating to Voluntary Organisations,12/02/2025,1908728865,Paint Pots (Manchester) Ltd,"£13,873.95"
Manchester City Council,1000,Manchester Leisure,Rents,05/02/2025,5105974255,The Whiteluck Group,"£13,793.00"
Manchester City Council,1000,Manchester Leisure,Grant and subscriptions awarded,21/02/2025,5105977110,Stepping Stone Projects,"£13,750.00"
Manchester City Council,1000,Manchester Leisure,Grant and subscriptions awarded,21/02/2025,5105977141,Stepping Stone Projects,"£13,750.00"
Manchester City Council,1004,Childrens & Education Services,Third party payments relating to Voluntary Organisations,12/02/2025,1908728760,Christies Day Nursery,"£13,699.80"
Manchester City Council,1007,Corporate Services,Electricity,27/02/2025,1908744082,M\cr Heat Network Supply Co Ltd,"£13,608.29"
Manchester City Council,1002,Hospitality + Trading Services,Contract Cleaning External,13/02/2025,5105974798,Biffa Municipal Limited,"£13,605.40"
Manchester City Council,1005,Adult Social Care,Payments for services,11/02/2025,5105974419,Morelife (UK) Ltd,"£13,601.33"
Manchester City Council,1005,Adult Social Care,Payments for services,28/02/2025,5105977980,Morelife (UK) Ltd,"£13,601.33"
Manchester City Council,1000,Manchester Leisure,Security,13/02/2025,5105975613,Showsec International Ltd,"£13,589.44"
Manchester City Council,1000,Manchester Leisure,Security,28/02/2025,5105975835,Showsec International Ltd,"£13,589.44"
Manchester City Council,1000,Manchester Leisure,Security,12/02/2025,5105975615,Showsec International Ltd,"£13,589.44"
Manchester City Council,1000,Manchester Leisure,Security,19/02/2025,5105975830,Showsec International Ltd,"£13,589.44"
Manchester City Council,1004,Childrens & Education Services,Third party payments relating to Voluntary Organisations,12/02/2025,1908729148,Maple House Day Nursery,"£13,575.60"
Manchester City Council,1004,Childrens & Education Services,Payments for services,19/02/2025,5105976694,H.G. Care Services Ltd,"£13,567.15"
Manchester City Council,1003,Environment and Operations,Construction Works,28/02/2025,5105976924,J.Hopkins (Contractors) Ltd.,"£13,564.75"
Manchester City Council,1007,Corporate Services,Agency staff provision,24/02/2025,1908740137,Reed Employment Plc,"£13,537.76"
Manchester City Council,1004,Childrens & Education Services,Third party payments relating to Voluntary Organisations,12/02/2025,1908728587,Lemon Tree Manchester Ltd,"£13,533.70"
Manchester City Council,1004,Childrens & Education Services,Third party payments relating to Voluntary Organisations,12/02/2025,1908728623,Precious Kids Day Nursery,"£13,533.70"
Manchester City Council,1011,Chief Executives,Legal Fees,17/02/2025,1908733537,Redacted Personal Information,"£13,442.01"
Manchester City Council,1009,Housing General Fund,Building Works,03/02/2025,1908717777,UPS Building & Maintenance Ltd,"£13,440.12"
Manchester City Council,1004,Childrens & Education Services,Residential Care Homes Payments,28/02/2025,1908746056,Care Today Childrens Services,"£13,429.82"
Manchester City Council,1004,Childrens & Education Services,Residential Care Homes Payments,28/02/2025,1908746047,Care Today Childrens Services,"£13,429.82"
Manchester City Council,1004,Childrens & Education Services,Payments for services,27/02/2025,5105977870,EK Outreach Services Ltd,"£13,405.00"
Manchester City Council,1005,Adult Social Care,Agency staff provision,18/02/2025,1908734558,Reed Employment Plc,"£13,396.32"
Manchester City Council,1004,Childrens & Education Services,Third party payments relating to Voluntary Organisations,12/02/2025,1908729457,Kids Unlimited,"£13,388.80"
Manchester City Council,1004,Childrens & Education Services,Third party payments relating to Voluntary Organisations,12/02/2025,1908728537,Wisemaster Builders Childcare Ltd,"£13,366.10"
Manchester City Council,1012,Regeneration Finance,I T Provision,03/02/2025,5105973613,CoStar UK Ltd,"£13,301.38"
Manchester City Council,1000,Manchester Leisure,Electricity,27/02/2025,1908744640,Haven Power Ltd,"£13,292.34"
Manchester City Council,1004,Childrens & Education Services,Transport Coach Hire,12/02/2025,5105975735,Parkway Cabs & Cars,"£13,280.00"
Manchester City Council,1004,Childrens & Education Services,Third party payments relating to Voluntary Organisations,12/02/2025,1908728655,Tiny Steps Nursery Gorton Ltd,"£13,261.35"
Manchester City Council,1004,Childrens & Education Services,Third party payments relating to Voluntary Organisations,12/02/2025,1908728739,Bizzie Kidz Nursery Ltd,"£13,235.40"
Manchester City Council,1004,Childrens & Education Services,Third party payments relating to Voluntary Organisations,12/02/2025,1908728747,Brighter Beginnings Fallowfield,"£13,235.40"
Manchester City Council,1004,Childrens & Education Services,Third party payments relating to Voluntary Organisations,12/02/2025,1908728831,Littleways Day Nursery,"£13,235.40"
Manchester City Council,1004,Childrens & Education Services,Third party payments relating to Voluntary Organisations,12/02/2025,1908728748,Brighter Beginnings Newton Heath,"£13,235.40"
Manchester City Council,1007,Corporate Services,Professional fees,28/02/2025,5105977687,Bolton Mbc,"£13,205.16"
Manchester City Council,1004,Childrens & Education Services,Third party payments relating to Voluntary Organisations,12/02/2025,1908729336,Kids Around The Clock,"£13,170.60"
Manchester City Council,1007,Corporate Services,Works and associated costs for Land and Buildings,17/02/2025,5105975449,EQUANS Regeneration Limited,"£13,158.79"
Manchester City Council,1007,Corporate Services,Fees,26/02/2025,1908724331,Newlyn Plc,"£13,136.00"
Manchester City Council,1004,Childrens & Education Services,Residential Care Homes Payments,28/02/2025,1908746042,Hexagon Care Services Limited,"£13,119.97"
Manchester City Council,1005,Adult Social Care,Third party payments relating to Voluntary Organisations,21/02/2025,5105976788,Manchester Womens Aid,"£13,104.00"
Manchester City Council,1004,Childrens & Education Services,Third party payments relating to Voluntary Organisations,12/02/2025,1908729066,Didsbury Childminding Limited,"£13,072.80"
Manchester City Council,1004,Childrens & Education Services,Third party payments relating to Voluntary Organisations,12/02/2025,1908728666,Your Nursery Ltd,"£13,072.80"
Manchester City Council,1013,Highways Services,Professional Fees,28/02/2025,5105977042,A T G Access Ltd,"£13,062.34"
Manchester City Council,1004,Childrens & Education Services,Residential Care Homes Payments,28/02/2025,1908746044,Care Today Childrens Services,"£13,026.82"
Manchester City Council,1004,Childrens & Education Services,Residential Care Homes Payments,28/02/2025,1908746054,Care Today Childrens Services,"£13,026.82"
Manchester City Council,1004,Childrens & Education Services,Professional fees,13/02/2025,5105975469,IESE Innovation Ltd,"£13,000.00"
Manchester City Council,1000,Manchester Leisure,Legal Fees,03/02/2025,1908717758,Driscoll Kingston & Co Ltd,"£12,977.54"
Manchester City Council,1004,Childrens & Education Services,Third party payments to other Local Authorities,12/02/2025,5105975734,Rochdale Mbc,"£12,947.94"
Manchester City Council,1007,Corporate Services,Agency staff provision,10/02/2025,1908726320,Reed Employment Plc,"£12,940.19"
Manchester City Council,1004,Childrens & Education Services,Third party payments relating to Voluntary Organisations,12/02/2025,1908729079,Network Nurseries Limited,"£12,905.20"
Manchester City Council,1004,Childrens & Education Services,Third party payments relating to Voluntary Organisations,12/02/2025,1908729369,Moor Allerton Preparatory School,"£12,890.40"
Manchester City Council,1004,Childrens & Education Services,Third party payments relating to Voluntary Organisations,12/02/2025,1908728882,Simply Cherish Day Nursery,"£12,887.10"
Manchester City Council,1007,Corporate Services,Works and associated costs for Land and Buildings,20/02/2025,5105976183,Kaberry Construction Ltd,"£12,877.25"
Manchester City Council,1004,Childrens & Education Services,Residential Care Homes Payments,28/02/2025,1908746078,Family Care Associates Ltd,"£12,857.64"
Manchester City Council,1005,Adult Social Care,Agency staff provision,10/02/2025,1908726320,Reed Employment Plc,"£12,837.55"
Manchester City Council,1004,Childrens & Education Services,Payments for services,25/02/2025,5105977418,H.G. Care Services Ltd,"£12,817.65"
Manchester City Council,1004,Childrens & Education Services,Third party payments relating to Voluntary Organisations,12/02/2025,1908728529,Brighter Beginnings Wetherby,"£12,779.50"
Manchester City Council,1000,Manchester Leisure,Equipment,10/02/2025,5105973594,MGB Plastics Limited,"£12,744.00"
Manchester City Council,1000,Manchester Leisure,Equipment,24/02/2025,5105976098,MGB Plastics Limited,"£12,744.00"
Manchester City Council,1000,Manchester Leisure,Equipment,14/02/2025,5105974354,MGB Plastics Limited,"£12,744.00"
Manchester City Council,1000,Manchester Leisure,Professional fees,26/02/2025,5105974534,Constellia Public Ltd,"£12,722.72"
Manchester City Council,1004,Childrens & Education Services,Internal Repairs and Maintenance for buildings,06/02/2025,5105973704,Manchester School Services Limited,"£12,719.27"
Manchester City Council,1004,Childrens & Education Services,Third party payments relating to Voluntary Organisations,12/02/2025,1908728619,Paint Pots (Manchester) Ltd,"£12,674.75"
Manchester City Council,1004,Childrens & Education Services,Third party payments to other Local Authorities,11/02/2025,5105975425,Safe Start School Ltd,"£12,666.66"
Manchester City Council,1007,Corporate Services,Electricity,27/02/2025,1908744597,Haven Power Ltd,"£12,664.54"
Manchester City Council,1005,Adult Social Care,Agency staff provision,24/02/2025,1908740137,Reed Employment Plc,"£12,632.10"
Manchester City Council,1004,Childrens & Education Services,Third party payments relating to Voluntary Organisations,12/02/2025,1908729356,Manchester Muslim Prep School,"£12,624.00"
Manchester City Council,1013,Highways Services,Compensation Payments,18/02/2025,1908734303,Redacted Personal Information,"£12,572.00"
Manchester City Council,1004,Childrens & Education Services,Third party payments relating to Voluntary Organisations,12/02/2025,1908728643,Sutton Road Nursery Ltd,"£12,570.00"
Manchester City Council,1004,Childrens & Education Services,Third party payments relating to Voluntary Organisations,12/02/2025,1908728553,Early Days Day Nursery,"£12,570.00"
Manchester City Council,1012,Regeneration Finance,Professional Fees,28/02/2025,5105975772,Phil Jones Associates Limited,"£12,553.00"
Manchester City Council,1004,Childrens & Education Services,Third party payments relating to Voluntary Organisations,12/02/2025,1908728883,Small Wonders Pdn Ltd,"£12,538.80"
Manchester City Council,1004,Childrens & Education Services,Third party payments relating to Voluntary Organisations,12/02/2025,1908728528,Brighter Beginnings Newton Heath,"£12,528.10"
Manchester City Council,1007,Corporate Services,Rents,28/02/2025,1908737342,Asda Stores Ltd (Leeds),"£12,500.00"
Manchester City Council,1004,Childrens & Education Services,Third party payments relating to Voluntary Organisations,12/02/2025,1908728826,Little Faces Nursery Ltd,"£12,451.73"
Manchester City Council,1004,Childrens & Education Services,Third party payments relating to Voluntary Organisations,12/02/2025,1908728616,Community Minded Ltd,"£12,444.30"
Manchester City Council,1004,Childrens & Education Services,Third party payments relating to Voluntary Organisations,12/02/2025,1908729508,Heaton Park View Nursery,"£12,425.40"
Manchester City Council,1005,Adult Social Care,Agency staff provision,24/02/2025,1908740137,Reed Employment Plc,"£12,348.32"
Manchester City Council,1004,Childrens & Education Services,Third party payments relating to Voluntary Organisations,12/02/2025,1908729127,Kids Start Ltd,"£12,326.98"
Manchester City Council,1004,Childrens & Education Services,Third party payments to other Local Authorities,28/02/2025,5105978073,Progress Schools Ltd,"£12,300.00"
Manchester City Council,1004,Childrens & Education Services,Third party payments to other Local Authorities,28/02/2025,5105978074,Progress Schools Ltd,"£12,300.00"
Manchester City Council,1000,Manchester Leisure,Professional fees,26/02/2025,5105974859,Constellia Public Ltd,"£12,261.89"
Manchester City Council,1004,Childrens & Education Services,Residential Care Homes Payments,14/02/2025,1908732762,Kaleidoscope Assessment Services,"£12,178.57"
Manchester City Council,1004,Childrens & Education Services,Residential Care Homes Payments,14/02/2025,1908732760,Kaleidoscope Assessment Services,"£12,178.57"
Manchester City Council,1004,Childrens & Education Services,Residential Care Homes Payments,21/02/2025,1908738987,Kaleidoscope Assessment Services,"£12,178.57"
Manchester City Council,1004,Childrens & Education Services,Residential Care Homes Payments,21/02/2025,1908738988,Kaleidoscope Assessment Services,"£12,178.57"
Manchester City Council,1004,Childrens & Education Services,Third party payments to other Local Authorities,24/02/2025,5105977240,Mersey Vale Primary School,"£12,164.00"
Manchester City Council,1005,Adult Social Care,Agency staff provision,18/02/2025,1908734558,Reed Employment Plc,"£12,125.07"
Manchester City Council,1004,Childrens & Education Services,Third party payments relating to Voluntary Organisations,18/02/2025,5105976581,Talbot House Support Centre,"£12,125.00"
Manchester City Council,1005,Adult Social Care,Payments for services,28/02/2025,5105977740,Kaleidoscope Project,"£12,123.00"
Manchester City Council,1010,Housing Revenue Account,Rents,20/02/2025,1908735835,Manchester City Council,"£12,113.60"
Manchester City Council,1003,Environment and Operations,Construction Works,28/02/2025,5105977394,Rosgal Ltd,"£12,108.10"
Manchester City Council,1005,Adult Social Care,Agency staff provision,04/02/2025,1908718471,Reed Employment Plc,"£12,089.44"
Manchester City Council,1004,Childrens & Education Services,Agency staff provision,18/02/2025,1908734558,Reed Employment Plc,"£12,085.25"
Manchester City Council,1004,Childrens & Education Services,Agency staff provision,24/02/2025,1908740137,Reed Employment Plc,"£12,068.25"
Manchester City Council,1004,Childrens & Education Services,Third party payments relating to Voluntary Organisations,12/02/2025,1908729041,Brighter Beginnings Fallowfield,"£12,067.20"
Manchester City Council,1004,Childrens & Education Services,Third party payments relating to Voluntary Organisations,12/02/2025,1908728644,Tarbiyah Nurseries Ltd,"£12,067.20"
Manchester City Council,1004,Childrens & Education Services,General Payments not otherwise categorised,20/02/2025,5105976047,Manchester Mind,"£12,056.01"
Manchester City Council,1004,Childrens & Education Services,Third party payments relating to Voluntary Organisations,12/02/2025,1908729342,Lemon Tree Manchester Ltd,"£12,001.50"
Manchester City Council,1011,Chief Executives,Works and associated costs for Land and Buildings,28/02/2025,5105977542,Arboricultural Services Treework,"£12,000.00"
Manchester City Council,1000,Manchester Leisure,Rents,18/02/2025,5105976597,VSPG Housing Ltd,"£11,970.00"
Manchester City Council,1011,Chief Executives,Works and associated costs for Land and Buildings,28/02/2025,5105976679,Savills (UK) Ltd,"£11,950.00"
Manchester City Council,1007,Corporate Services,Grant Payments,07/02/2025,5105974580,CLES,"£11,933.00"
Manchester City Council,1000,Manchester Leisure,Professional fees,10/02/2025,5105973709,HOME,"£11,916.67"
Manchester City Council,1004,Childrens & Education Services,Third party payments relating to Voluntary Organisations,12/02/2025,1908729520,Kids Planet,"£11,882.34"
Manchester City Council,1004,Childrens & Education Services,Payments for services,27/02/2025,5105977990,H.G. Care Services Ltd,"£11,866.15"
Manchester City Council,1004,Childrens & Education Services,Third party payments to other Local Authorities,28/02/2025,5105978080,Progress Schools Ltd,"£11,855.65"
Manchester City Council,1004,Childrens & Education Services,Pay School Budget,12/02/2025,1908728839,Martenscroft Nursery School,"£11,842.20"
Manchester City Council,1004,Childrens & Education Services,Third party payments relating to Voluntary Organisations,12/02/2025,1908728599,Manchester Settlement,"£11,836.75"
Manchester City Council,1000,Manchester Leisure,Electricity,27/02/2025,1908744644,Haven Power Ltd,"£11,819.30"
Manchester City Council,1004,Childrens & Education Services,Residential Care Homes Payments,14/02/2025,1908732759,Zen Care and Education Limited,"£11,785.71"
Manchester City Council,1012,Regeneration Finance,Home Care ,18/02/2025,1908734361,WMB Born2reign Day Nursery,"£11,781.50"
Manchester City Council,1010,Housing Revenue Account,Gas,27/02/2025,1908744235,SEFE ENERGY Ltd,"£11,743.31"
Manchester City Council,1011,Chief Executives,Funeral and coroner related services,18/02/2025,5105976475,Manchester Uni NHS Foundation Trust,"£11,701.57"
Manchester City Council,1005,Adult Social Care,Residential Care Homes Payments,13/02/2025,1908732079,PARK HOMES (UK) LIMITED,"£11,699.76"
Manchester City Council,1004,Childrens & Education Services,Payments for services,27/02/2025,5105977989,H.G. Care Services Ltd,"£11,675.85"
Manchester City Council,1011,Chief Executives,Grant and subscriptions awarded,17/02/2025,5105974951,Halle Concerts Society,"£11,667.00"
Manchester City Council,1004,Childrens & Education Services,Payments for services,25/02/2025,5105977417,H.G. Care Services Ltd,"£11,664.15"
Manchester City Council,1000,Manchester Leisure,Refuse Collection,26/02/2025,5105976828,Biffa Municipal Limited,"£11,619.89"
Manchester City Council,1004,Childrens & Education Services,Third party payments relating to Voluntary Organisations,12/02/2025,1908728596,The Big Life Company,"£11,564.40"
Manchester City Council,1004,Childrens & Education Services,Third party payments relating to Voluntary Organisations,12/02/2025,1908728819,King David Nursery,"£11,551.95"
Manchester City Council,1012,Regeneration Finance,Professional fees,17/02/2025,5105976346,Donald Insall Associates,"£11,540.66"
Manchester City Council,1004,Childrens & Education Services,Gas,10/02/2025,5105974861,Manchester School Services Limited,"£11,502.41"
Manchester City Council,1007,Corporate Services,Electricity,27/02/2025,1908745460,Npower,"£11,485.52"
Manchester City Council,1005,Adult Social Care,Payments for services,14/02/2025,1908733294,The Arch Medical Practice,"£11,484.50"
Manchester City Council,1005,Adult Social Care,Day Care Payments,06/02/2025,5105974524,Age UK Manchester,"£11,483.11"
Manchester City Council,1011,Chief Executives,Printing,10/02/2025,5105973855,Signage Print Identity Ltd,"£11,444.79"
Manchester City Council,1004,Childrens & Education Services,Residential Care Homes Payments,28/02/2025,1908746046,Care Today Childrens Services,"£11,435.28"
Manchester City Council,1000,Manchester Leisure,Bed & Breakfast Acc,26/02/2025,5105977640,Redacted Personal Information,"£11,400.00"
Manchester City Council,1004,Childrens & Education Services,Third party payments relating to Voluntary Organisations,12/02/2025,1908729334,Kids Planet Wythenshawe,"£11,390.12"
Manchester City Council,1013,Highways Services,Professional fees,11/02/2025,5105974235,Mace Ltd,"£11,317.60"
Manchester City Council,1000,Manchester Leisure,Library Materials Acquisition,27/02/2025,1908740414,Oxford University Press,"£11,314.40"
Manchester City Council,1007,Corporate Services,Fees,26/02/2025,1908724321,Newlyn Plc,"£11,268.30"
Manchester City Council,1004,Childrens & Education Services,Third party payments relating to Voluntary Organisations,12/02/2025,1908729335,Kids Start Ltd,"£11,235.00"
Manchester City Council,1004,Childrens & Education Services,Third party payments relating to Voluntary Organisations,12/02/2025,1908728799,Happy Tots Nursery,"£11,232.68"
Manchester City Council,1004,Childrens & Education Services,Third party payments to other Local Authorities,28/02/2025,5105973813,The Manchester College,"£11,215.92"
Manchester City Council,1005,Adult Social Care,External repairs and maintenance for buildings,19/02/2025,5105976215,Sheridan Lifts Ltd,"£11,181.00"
Manchester City Council,1004,Childrens & Education Services,Third party payments relating to Voluntary Organisations,12/02/2025,1908729072,Bertram Nursery Group,"£11,162.16"
Manchester City Council,1007,Corporate Services,Catering,20/02/2025,5105976983,Manchester Central,"£11,146.50"
Manchester City Council,1004,Childrens & Education Services,Third party payments relating to Voluntary Organisations,12/02/2025,1908728921,Your Nursery Ltd,"£11,145.60"
Manchester City Council,1004,Childrens & Education Services,Third party payments relating to Voluntary Organisations,12/02/2025,1908728838,Maple House Day Nursery,"£11,145.60"
Manchester City Council,1004,Childrens & Education Services,Third party payments relating to Voluntary Organisations,12/02/2025,1908728814,Kenwood Day Nursery,"£11,145.60"
Manchester City Council,1000,Manchester Leisure,Grant and subscriptions awarded,13/02/2025,5105974544,Manchester Action On Street Health,"£11,098.34"
Manchester City Council,1004,Childrens & Education Services,Third party payments relating to Voluntary Organisations,12/02/2025,1908728804,Hillcity Day Nursery,"£11,087.55"
Manchester City Council,1004,Childrens & Education Services,Foster Payments,21/02/2025,1908738931,Therapeutic Fostering Ltd,"£11,071.34"
Manchester City Council,1004,Childrens & Education Services,Third party payments relating to Voluntary Organisations,12/02/2025,1908729137,Little Learning Ladder,"£11,061.60"
Manchester City Council,1004,Childrens & Education Services,Third party payments relating to Voluntary Organisations,12/02/2025,1908728524,Brighter Beginnings Rusholme,"£11,019.70"
Manchester City Council,1002,Hospitality + Trading Services,Vehicle Fuel Costs,20/02/2025,5105976371,Standard Fuels Oils,"£10,986.30"
Manchester City Council,1004,Childrens & Education Services,Agency staff provision,24/02/2025,1908740137,Reed Employment Plc,"£10,960.00"
Manchester City Council,1007,Corporate Services,Rents,20/02/2025,1908732659,The Arch Company Properties Ltd,"£10,909.50"
Manchester City Council,1013,Highways Services,Contribution to PATROL,28/02/2025,5105978147,Patrol Bus Lanes,"£10,907.00"
Manchester City Council,1009,Housing General Fund,Building Works,17/02/2025,1908734201,Pollock Lifts Ltd,"£10,874.00"
Manchester City Council,1010,Housing Revenue Account,Works and associated costs for Land and Buildings,10/02/2025,5105974675,Michael Dyson Associates Limited,"£10,858.05"
Manchester City Council,1004,Childrens & Education Services,Third party payments relating to Voluntary Organisations,12/02/2025,1908729383,Paint Pots (Manchester) Ltd,"£10,850.40"
Manchester City Council,1004,Childrens & Education Services,Agency staff provision,18/02/2025,1908734558,Reed Employment Plc,"£10,841.15"
Manchester City Council,1004,Childrens & Education Services,Third party payments relating to Voluntary Organisations,12/02/2025,1908728625,Rainbow Nursery Manchester Ltd,"£10,831.15"
Manchester City Council,1000,Manchester Leisure,Third party payments relating to Voluntary Organisations,12/02/2025,5105975323,The Depaul Trust,"£10,819.00"
Manchester City Council,1004,Childrens & Education Services,Agency staff provision,10/02/2025,1908726320,Reed Employment Plc,"£10,799.75"
Manchester City Council,1011,Chief Executives,Legal Fees,17/02/2025,1908733536,Redacted Personal Information,"£10,798.11"
Manchester City Council,1000,Manchester Leisure,Rents,14/02/2025,5105976101,Cromwood Ltd,"£10,798.01"
Manchester City Council,1007,Corporate Services,Vehicle Plant Furniture and Equipment,24/02/2025,5105977355,H Jenkinson & Co Ltd.,"£10,792.05"
Manchester City Council,1000,Manchester Leisure,Electricity,27/02/2025,1908745467,Npower,"£10,790.14"
Manchester City Council,1004,Childrens & Education Services,Grant Payments,12/02/2025,1908729902,Paypoint,"£10,744.73"
Manchester City Council,1007,Corporate Services,Contract Cleaning External,28/02/2025,5105977985,TOTAL SUPPORT SERVICES LIMITED,"£10,743.72"
Manchester City Council,1004,Childrens & Education Services,Agency staff provision,04/02/2025,1908718471,Reed Employment Plc,"£10,729.83"
Manchester City Council,1000,Manchester Leisure,Electricity,21/02/2025,5105977090,Wythenshawe Forum Trust Ltd,"£10,720.41"
Manchester City Council,1009,Housing General Fund,Building Works,28/02/2025,1908745872,T F Jones Property Services Ltd,"£10,709.39"
Manchester City Council,1004,Childrens & Education Services,Third party payments to other Local Authorities,13/02/2025,5105975776,Buglawton Primary School,"£10,700.00"
Manchester City Council,1007,Corporate Services,Agency staff provision,14/02/2025,5105975321,Access Computer Consulting plc,"£10,674.20"
Manchester City Council,1004,Childrens & Education Services,Agency staff provision,10/02/2025,1908726320,Reed Employment Plc,"£10,671.59"
Manchester City Council,1000,Manchester Leisure,Professional fees,28/02/2025,5105975653,Response Team 247 Ltd,"£10,664.94"
Manchester City Council,1000,Manchester Leisure,Refuse Collection,28/02/2025,5105976660,Redgate Holdings Ltd,"£10,648.40"
Manchester City Council,1000,Manchester Leisure,Rents,17/02/2025,5105976138,Houses4Homes 4U Ltd,"£10,645.14"
Manchester City Council,1011,Chief Executives,Funeral and coroner related services,11/02/2025,5105975254,Bate & Holland Funeral Services Ltd,"£10,640.00"
Manchester City Council,1004,Childrens & Education Services,Third party payments relating to Voluntary Organisations,12/02/2025,1908728805,Honeybear Day Nursery,"£10,623.15"
Manchester City Council,1000,Manchester Leisure,Car Parking Permits,12/02/2025,5105975340,PayByPhone Limited,"£10,616.00"
Manchester City Council,1002,Hospitality + Trading Services,Hire of Equipment,12/02/2025,5105975862,Fast Hire UK,"£10,601.43"
Manchester City Council,1007,Corporate Services,Water - Metered,27/02/2025,1908744384,Anglian Water Business (National),"£10,574.02"
Manchester City Council,1004,Childrens & Education Services,Third party payments relating to Voluntary Organisations,12/02/2025,1908728656,Tiny Turtles Day Care Ltd,"£10,558.80"
Manchester City Council,1004,Childrens & Education Services,Third party payments relating to Voluntary Organisations,12/02/2025,1908729090,Manchester Uni NHS Foundation Trust,"£10,558.80"
Manchester City Council,1004,Childrens & Education Services,Third party payments relating to Voluntary Organisations,03/02/2025,1908717754,Manchester Uni NHS Foundation Trust,"£10,558.80"
Manchester City Council,1004,Childrens & Education Services,Third party payments relating to Voluntary Organisations,12/02/2025,1908729113,Honeybear Day Nursery,"£10,558.80"
Manchester City Council,1004,Childrens & Education Services,Third party payments relating to Voluntary Organisations,12/02/2025,1908729241,Your Nursery Ltd,"£10,558.80"
Manchester City Council,1004,Childrens & Education Services,Third party payments relating to Voluntary Organisations,12/02/2025,1908728555,Early Inspirations Nursery,"£10,558.80"
Manchester City Council,1010,Housing Revenue Account,Council Dwelling Adaptations,11/02/2025,5105975452,Rothwell Plumbing Services Ltd,"£10,553.10"
Manchester City Council,1004,Childrens & Education Services,Agency staff provision,04/02/2025,1908718471,Reed Employment Plc,"£10,526.83"
Manchester City Council,1000,Manchester Leisure,Responsive Repairs Work,25/02/2025,5105977513,Buckleys Property Services Ltd,"£10,519.24"
Manchester City Council,1004,Childrens & Education Services,Third party payments to other Local Authorities,11/02/2025,5105975311,Keys PCE Limited,"£10,516.00"
Manchester City Council,1000,Manchester Leisure,Payments to Sub-Contractors,28/02/2025,5105975975,M247 UK Ltd,"£10,508.27"
Manchester City Council,1004,Childrens & Education Services,Third party payments to other Local Authorities,28/02/2025,5105978075,Progress Schools Ltd,"£10,500.00"
Manchester City Council,1000,Manchester Leisure,Legal Fees,03/02/2025,1908717780,Veritas Solicitors,"£10,500.00"
Manchester City Council,1007,Corporate Services,Agency staff provision,17/02/2025,5105974623,G2V Recruitment Grp t/a Vivid Resou,"£10,494.00"
Manchester City Council,1000,Manchester Leisure,Grant and subscriptions awarded,11/02/2025,5105973859,LGBT Foundation,"£10,484.33"
Manchester City Council,1000,Manchester Leisure,Rents,26/02/2025,5105977567,Houses4Homes 4U Ltd,"£10,472.00"
Manchester City Council,1000,Manchester Leisure,External repairs and maintenance for buildings,26/02/2025,5105977743,Rothwell Plumbing Services Ltd,"£10,462.95"
Manchester City Council,1004,Childrens & Education Services,Third party payments relating to Voluntary Organisations,12/02/2025,1908728905,Tiny Steps Nursery,"£10,449.00"
Manchester City Council,1004,Childrens & Education Services,Third party payments relating to Voluntary Organisations,12/02/2025,1908728900,Tiddlywinks Day Nursery Ltd,"£10,449.00"
Manchester City Council,1004,Childrens & Education Services,Third party payments relating to Voluntary Organisations,12/02/2025,1908728768,Total Childcare Ltd,"£10,449.00"
Manchester City Council,1004,Childrens & Education Services,Third party payments relating to Voluntary Organisations,12/02/2025,1908729249,Redacted Personal Information,"£10,444.20"
Manchester City Council,1004,Childrens & Education Services,Residential Care Homes Payments,14/02/2025,1908732747,The Together Trust,"£10,440.00"
Manchester City Council,1013,Highways Services,Professional Fees,24/02/2025,5105977176,Wilde Consultants Ltd,"£10,429.69"
Manchester City Council,1004,Childrens & Education Services,Third party payments to other Local Authorities,28/02/2025,5105978079,Progress Schools Ltd,"£10,420.50"
Manchester City Council,1000,Manchester Leisure,Library Materials Acquisition,11/02/2025,1908727042,Bibliographic Data Services Ltd,"£10,390.00"
Manchester City Council,1007,Corporate Services,Works and associated costs for Land and Buildings,17/02/2025,5105974586,EQUANS Regeneration Limited,"£10,329.51"
Manchester City Council,1004,Childrens & Education Services,Third party payments relating to Voluntary Organisations,12/02/2025,1908729357,Manchester Settlement,"£10,314.24"
Manchester City Council,1004,Childrens & Education Services,Third party payments relating to Voluntary Organisations,12/02/2025,1908729347,Little Learning Ladder,"£10,252.80"
Manchester City Council,1010,Housing Revenue Account,CD - Acquisition,27/02/2025,1908745802,H M Revenues and Customs,"£10,250.00"
Manchester City Council,1004,Childrens & Education Services,Grant Payments,20/02/2025,1908738876,Paypoint,"£10,243.57"
Manchester City Council,1004,Childrens & Education Services,Court Fees,18/02/2025,1908734739,Liberata,"£10,225.00"
Manchester City Council,1007,Corporate Services,Postage,28/02/2025,5105978158,Royal Mail Group Plc,"£10,207.22"
Manchester City Council,1000,Manchester Leisure,Special Event,21/02/2025,5105976007,Walk The Plank Ltd,"£10,200.00"
Manchester City Council,1004,Childrens & Education Services,Payments for services,27/02/2025,5105976999,HM Prison and Probation Service,"£10,199.00"
Manchester City Council,1004,Childrens & Education Services,Payments for services,27/02/2025,5105977000,HM Prison and Probation Service,"£10,199.00"
Manchester City Council,1004,Childrens & Education Services,Payments for services,19/02/2025,5105976754,HM Prison and Probation Service,"£10,199.00"
Manchester City Council,1004,Childrens & Education Services,Payments for services,19/02/2025,5105976757,HM Prison and Probation Service,"£10,199.00"
Manchester City Council,1004,Childrens & Education Services,Payments for services,20/02/2025,5105976994,HM Prison and Probation Service,"£10,199.00"
Manchester City Council,1004,Childrens & Education Services,Payments for services,20/02/2025,5105976955,HM Prison and Probation Service,"£10,199.00"
Manchester City Council,1005,Adult Social Care,Agency staff provision,10/02/2025,1908726320,Reed Employment Plc,"£10,198.55"
Manchester City Council,1007,Corporate Services,Professional fees,28/02/2025,5105977901,Turner & Townsend Cost,"£10,193.50"
Manchester City Council,1004,Childrens & Education Services,Third party payments relating to Voluntary Organisations,12/02/2025,1908728606,Mini Miners Nursery,"£10,181.70"
Manchester City Council,1007,Corporate Services,PPM Consequential FM,17/02/2025,5105976141,EQUANS Services Limited,"£10,145.70"
Manchester City Council,1005,Adult Social Care,Agency staff provision,04/02/2025,1908718471,Reed Employment Plc,"£10,144.68"
Manchester City Council,1005,Adult Social Care,Agency staff provision,24/02/2025,1908740137,Reed Employment Plc,"£10,144.09"
Manchester City Council,1000,Manchester Leisure,Grant and subscriptions awarded,19/02/2025,5105976669,The Booth Centre,"£10,121.08"
Manchester City Council,1000,Manchester Leisure,Grant and subscriptions awarded,20/02/2025,5105976832,The Booth Centre,"£10,121.08"
Manchester City Council,1007,Corporate Services,Works and associated costs for Land and Buildings,17/02/2025,5105974587,EQUANS Regeneration Limited,"£10,108.70"
Manchester City Council,1004,Childrens & Education Services,Foster Payments,07/02/2025,1908725578,Oldham Borough Council,"£10,103.31"
Manchester City Council,1000,Manchester Leisure,Bed & Breakfast Acc,04/02/2025,5105973720,AJD Property Limited,"£10,101.57"
Manchester City Council,1007,Corporate Services,Works and associated costs for Land and Buildings,28/02/2025,5105976366,Mace Ltd,"£10,086.15"
Manchester City Council,1005,Adult Social Care,Payments for services,14/02/2025,1908733285,Urban Village Medical Practice,"£10,080.00"
Manchester City Council,1000,Manchester Leisure,Special Event,27/02/2025,5105977654,Greenwich Leisure Limited,"£10,066.00"
Manchester City Council,1007,Corporate Services,PPM Consequential FM,28/02/2025,5105977844,EQUANS Services Limited,"£10,058.58"
Manchester City Council,1004,Childrens & Education Services,Third party payments relating to Voluntary Organisations,12/02/2025,1908729159,Moor Allerton Preparatory School,"£10,056.00"
Manchester City Council,1004,Childrens & Education Services,Third party payments relating to Voluntary Organisations,12/02/2025,1908729124,Kenwood Day Nursery,"£10,056.00"
Manchester City Council,1011,Chief Executives,Works and associated costs for Land and Buildings,26/02/2025,5105976524,Warden Construction Ltd,"£10,018.37"
Manchester City Council,1000,Manchester Leisure,Special Event,10/02/2025,1908725357,Squash Media & Marketing Limited,"£10,000.00"
Manchester City Council,1000,Manchester Leisure,Third party payments relating to Voluntary Organisations,06/02/2025,5105974296,Waythrough,"£10,000.00"
Manchester City Council,1004,Childrens & Education Services,Grant and subscriptions awarded,24/02/2025,1908737831,Wellspring Academy Trust,"£10,000.00"
Manchester City Council,1005,Adult Social Care,Grant and subscriptions awarded,17/02/2025,5105974531,42nd Street,"£10,000.00"
Manchester City Council,1007,Corporate Services,Grant Payments,13/02/2025,5105975994,Atamis Limited,"£10,000.00"
Manchester City Council,1000,Manchester Leisure,Special Event,12/02/2025,5105974816,Viacom International Media,"£10,000.00"
Manchester City Council,1012,Regeneration Finance,Professional fees,24/02/2025,5105977264,CBRE Limited (London),"£10,000.00"
Manchester City Council,1007,Corporate Services,I T Provision,07/02/2025,5105974691,Team Netsol Ltd,"£10,000.00"
Manchester City Council,1005,Adult Social Care,Day Care Payments,04/02/2025,5105973902,Age UK Manchester,"£10,000.00"
Manchester City Council,1011,Chief Executives,Printing,28/02/2025,5105975370,Service Level Management Ltd,"£10,000.00"
Manchester City Council,1012,Regeneration Finance,Professional fees,28/02/2025,5105977630,Savills (UK) Ltd,"£10,000.00"
Manchester City Council,1007,Corporate Services,Electricity,27/02/2025,1908744574,Haven Power Ltd,"£9,929.03"
Manchester City Council,1010,Housing Revenue Account,Gas,27/02/2025,1908744142,SEFE ENERGY Ltd,"£9,916.50"
Manchester City Council,1000,Manchester Leisure,Cash Collection,28/02/2025,5105977530,Wythenshawe Forum Trust Ltd,"£9,905.48"
Manchester City Council,1004,Childrens & Education Services,Transport Coach Hire,04/02/2025,5105973925,MS Minibuses Ltd,"£9,896.36"
Manchester City Council,1005,Adult Social Care,Agency staff provision,04/02/2025,1908718471,Reed Employment Plc,"£9,893.94"
Manchester City Council,1009,Housing General Fund,Building Works,28/02/2025,1908745850,UPS Building & Maintenance Ltd,"£9,890.93"
Manchester City Council,1009,Housing General Fund,Building Works,06/02/2025,1908717776,UPS Building & Maintenance Ltd,"£9,890.93"
Manchester City Council,1010,Housing Revenue Account,Council Dwelling Adaptations,12/02/2025,5105975485,City Plumbing Supplies Holdings Ltd,"£9,877.18"
Manchester City Council,1011,Chief Executives,Legal Fees,12/02/2025,5105975782,Russell & Russell Solicitors LLP,"£9,850.95"
Manchester City Council,1004,Childrens & Education Services,Third party payments to other Local Authorities,28/02/2025,5105978091,Progress Schools Ltd,"£9,846.19"
Manchester City Council,1007,Corporate Services,Bank Charges,14/02/2025,1908732651,Access Paysuite Limited,"£9,812.26"
Manchester City Council,1004,Childrens & Education Services,Third party payments relating to Voluntary Organisations,12/02/2025,1908729221,Tiddlywinks Day Nursery Ltd Ancoats,"£9,804.60"
Manchester City Council,1004,Childrens & Education Services,Carer Support Payments ,03/02/2025,5105973598,Care Solutions Recruitment,"£9,793.30"
Manchester City Council,1007,Corporate Services,Hire of Equipment,28/02/2025,5105977751,Flowbird Smart City Uk Ltd,"£9,785.90"
Manchester City Council,1000,Manchester Leisure,Payments to Sub-Contractors,28/02/2025,5105977882,Redgate Holdings Ltd,"£9,752.60"
Manchester City Council,1004,Childrens & Education Services,Third party payments relating to Voluntary Organisations,12/02/2025,1908728835,Manchester Settlement,"£9,752.40"
Manchester City Council,1004,Childrens & Education Services,Third party payments relating to Voluntary Organisations,12/02/2025,1908728776,Early Days Day Nursery,"£9,752.40"
Manchester City Council,1004,Childrens & Education Services,Third party payments relating to Voluntary Organisations,12/02/2025,1908728864,Paintpots (Manchester) Ltd.,"£9,752.40"
Manchester City Council,1007,Corporate Services,Vehicle Plant Furniture and Equipment,27/02/2025,5105977965,H Jenkinson & Co Ltd.,"£9,747.39"
Manchester City Council,1007,Corporate Services,Bank Charges,14/02/2025,1908732648,Access Paysuite Limited,"£9,742.95"
Manchester City Council,1000,Manchester Leisure,Responsive Repairs Work,25/02/2025,5105977458,EQUANS Regeneration Limited,"£9,721.10"
Manchester City Council,1005,Adult Social Care,Agency staff provision,18/02/2025,1908734558,Reed Employment Plc,"£9,708.67"
Manchester City Council,1000,Manchester Leisure,Electricity,27/02/2025,1908744578,Haven Power Ltd,"£9,699.69"
Manchester City Council,1004,Childrens & Education Services,Agency staff provision,10/02/2025,1908726320,Reed Employment Plc,"£9,688.49"
Manchester City Council,1005,Adult Social Care,Supporting People Payments,11/02/2025,5105975136,Making Space,"£9,682.71"
Manchester City Council,1005,Adult Social Care,Equipment,07/02/2025,5105974689,Winncare PAC Limited,"£9,660.80"
Manchester City Council,1004,Childrens & Education Services,Third party payments relating to Voluntary Organisations,12/02/2025,1908729287,Total Childcare Ltd,"£9,634.80"
Manchester City Council,1004,Childrens & Education Services,Residential Care Homes Payments,27/02/2025,1908743405,Inspire Childrens Services Ltd,"£9,623.66"
Manchester City Council,1004,Childrens & Education Services,Third party payments relating to Voluntary Organisations,12/02/2025,1908729434,WMB Born2win Day Nursery,"£9,622.20"
Manchester City Council,1004,Childrens & Education Services,Third party payments relating to Voluntary Organisations,12/02/2025,1908728662,Winstanley Day Nursery,"£9,616.05"
Manchester City Council,1004,Childrens & Education Services,Third party payments relating to Voluntary Organisations,12/02/2025,1908728564,Georgie Porgie's Network Nursey Ltd,"£9,616.05"
Manchester City Council,1000,Manchester Leisure,Library Materials Acquisition,11/02/2025,1908727053,ProQuest,"£9,609.58"
Manchester City Council,1004,Childrens & Education Services,Third party payments relating to Voluntary Organisations,12/02/2025,1908729387,Rainbow Nursery Manchester Ltd,"£9,594.00"
Manchester City Council,1007,Corporate Services,Works and associated costs for Land and Buildings,28/02/2025,5105974817,Seddon Construction Ltd,"£9,576.26"
Manchester City Council,1004,Childrens & Education Services,Third party payments relating to Voluntary Organisations,12/02/2025,1908729433,WMB Born2reign Day Nursery,"£9,559.85"
Manchester City Council,1004,Childrens & Education Services,Third party payments relating to Voluntary Organisations,12/02/2025,1908729176,Paint Pots (Manchester) Ltd,"£9,553.20"
Manchester City Council,1004,Childrens & Education Services,Third party payments relating to Voluntary Organisations,12/02/2025,1908729212,Tarbiyah Nurseries Ltd,"£9,553.20"
Manchester City Council,1004,Childrens & Education Services,Hire of Premises,20/02/2025,5105976854,Greenwich Leisure Limited,"£9,534.00"
Manchester City Council,1013,Highways Services,Professional fees,12/02/2025,5105975096,Waterman Infrastructure and,"£9,510.00"
Manchester City Council,1004,Childrens & Education Services,Transport Coach Hire,12/02/2025,5105975690,Home to School Travel Ltd,"£9,509.00"
Manchester City Council,1012,Regeneration Finance,Third party payments relating to Voluntary Organisations,28/02/2025,5105974718,WSP UK Limited,"£9,500.00"
Manchester City Council,1004,Childrens & Education Services,Grant Payments,03/02/2025,5105973722,Signis Group,"£9,482.00"
Manchester City Council,1007,Corporate Services,Postage,11/02/2025,5105975415,Royal Mail Group Plc,"£9,440.20"
Manchester City Council,1009,Housing General Fund,Building Works,03/02/2025,1908717809,T F Jones Property Services Ltd,"£9,409.63"
Manchester City Council,1004,Childrens & Education Services,Third party payments to other Local Authorities,21/02/2025,5105976771,Blessed Thomas Holford School,"£9,406.50"
Manchester City Council,1000,Manchester Leisure,Refuse Collection,28/02/2025,5105976762,Nordic Products and Services,"£9,400.00"
Manchester City Council,1004,Childrens & Education Services,Supported Accommodation,21/02/2025,1908738959,Triangle Care,"£9,400.00"
Manchester City Council,1004,Childrens & Education Services,Third party payments relating to Voluntary Organisations,12/02/2025,1908729306,Foundation Years Nurs - Debdale,"£9,361.32"
Manchester City Council,1007,Corporate Services,Electricity,27/02/2025,1908744571,Haven Power Ltd,"£9,313.84"
Manchester City Council,1004,Childrens & Education Services,Third party payments to other Local Authorities,03/02/2025,5105973700,Aquinas College,"£9,295.00"
Manchester City Council,1004,Childrens & Education Services,Third party payments relating to Voluntary Organisations,12/02/2025,1908729534,Little Learning Ladder,"£9,291.60"
Manchester City Council,1012,Regeneration Finance,Training and Development,10/02/2025,5105974843,Ncfe,"£9,289.50"
Manchester City Council,1004,Childrens & Education Services,Third party payments relating to Voluntary Organisations,12/02/2025,1908729348,Little Spuds Day Nursery,"£9,280.50"
Manchester City Council,1007,Corporate Services,Fees,14/02/2025,1908714461,Newlyn Plc,"£9,279.35"
Manchester City Council,1007,Corporate Services,Licences Purchase,25/02/2025,5105976564,Ivanti UK Limited,"£9,258.00"
Manchester City Council,1007,Corporate Services,Postage,13/02/2025,5105975416,Royal Mail Group Plc,"£9,247.84"
Manchester City Council,1000,Manchester Leisure,Rents,27/02/2025,5105977879,Redacted Personal Information,"£9,247.26"
Manchester City Council,1012,Regeneration Finance,Rents,11/02/2025,1908726981,Avison Young (UK) Ltd,"£9,236.63"
Manchester City Council,1004,Childrens & Education Services,Payments for services,27/02/2025,5105977003,HM Prison and Probation Service,"£9,212.00"
Manchester City Council,1000,Manchester Leisure,Third party payments relating to Voluntary Organisations,28/02/2025,5105978098,SSG Sustainable Living,"£9,194.61"
Manchester City Council,1004,Childrens & Education Services,Grant Payments,27/02/2025,1908745801,Paypoint,"£9,192.54"
Manchester City Council,1004,Childrens & Education Services,Third party payments relating to Voluntary Organisations,05/02/2025,5105974074,Manchester Uni NHS Foundation Trust,"£9,166.67"
Manchester City Council,1000,Manchester Leisure,Electricity,28/02/2025,5105973947,Switch2 Energey Limited,"£9,165.87"
Manchester City Council,1004,Childrens & Education Services,Third party payments relating to Voluntary Organisations,12/02/2025,1908729270,Brighter Beginnings Wetherby,"£9,156.00"
Manchester City Council,1007,Corporate Services,Works and associated costs for Land and Buildings,17/02/2025,5105974755,EQUANS Regeneration Limited,"£9,153.22"
Manchester City Council,1004,Childrens & Education Services,Third party payments relating to Voluntary Organisations,12/02/2025,1908728613,Clever Bees Nursery Ltd,"£9,134.20"
Manchester City Council,1004,Childrens & Education Services,Transport Coach Hire,12/02/2025,5105975633,Hastings Private Hire,"£9,132.00"
Manchester City Council,1000,Manchester Leisure,Equipment,14/02/2025,5105974606,Cromwell Polythene Limited,"£9,128.00"
Manchester City Council,1000,Manchester Leisure,Bed & Breakfast Acc,06/02/2025,5105974432,AJD Property Limited,"£9,124.00"
Manchester City Council,1009,Housing General Fund,Building Works,28/02/2025,1908745858,T F Jones Property Services Ltd,"£9,100.42"
Manchester City Council,1005,Adult Social Care,Agency staff provision,18/02/2025,1908734558,Reed Employment Plc,"£9,075.58"
Manchester City Council,1004,Childrens & Education Services,Third party payments to other Local Authorities,11/02/2025,5105975420,Belmont School Ltd,"£9,066.92"
Manchester City Council,1004,Childrens & Education Services,Third party payments to other Local Authorities,11/02/2025,5105975419,Belmont School Ltd,"£9,066.92"
Manchester City Council,1004,Childrens & Education Services,Third party payments to other Local Authorities,11/02/2025,5105975418,Belmont School Ltd,"£9,066.92"
Manchester City Council,1004,Childrens & Education Services,Third party payments to other Local Authorities,11/02/2025,5105975414,Belmont School Ltd,"£9,066.88"
Manchester City Council,1004,Childrens & Education Services,Grant Payments,04/02/2025,1908718625,Paypoint,"£9,056.42"
Manchester City Council,1004,Childrens & Education Services,Third party payments relating to Voluntary Organisations,12/02/2025,1908728745,Brighter Beginnings Charlestown,"£9,055.80"
Manchester City Council,1004,Childrens & Education Services,Third party payments relating to Voluntary Organisations,12/02/2025,1908728902,Tiddlywinks Nursery-Clayton No.4 Ac,"£9,055.80"
Manchester City Council,1004,Childrens & Education Services,Third party payments relating to Voluntary Organisations,12/02/2025,1908728746,Brighter Beginnings Burnage,"£9,055.80"
Manchester City Council,1004,Childrens & Education Services,Third party payments relating to Voluntary Organisations,12/02/2025,1908728752,Building Blocks Day Nursery Moston,"£9,055.80"
Manchester City Council,1004,Childrens & Education Services,Third party payments relating to Voluntary Organisations,12/02/2025,1908728914,Winstanley Day Nursery,"£9,055.80"
Manchester City Council,1004,Childrens & Education Services,Third party payments relating to Voluntary Organisations,12/02/2025,1908729225,Tiny Steps Nursery,"£9,050.40"
Manchester City Council,1004,Childrens & Education Services,Third party payments relating to Voluntary Organisations,12/02/2025,1908728651,Tiddlywinks Nursery-Clayton No.4 Ac,"£9,050.40"
Manchester City Council,1004,Childrens & Education Services,Third party payments relating to Voluntary Organisations,12/02/2025,1908729075,Early Days Day Nursery,"£9,050.40"
Manchester City Council,1004,Childrens & Education Services,Third party payments relating to Voluntary Organisations,12/02/2025,1908729111,Hillcity Day Nursery,"£9,050.40"
Manchester City Council,1012,Regeneration Finance,External repairs and maintenance for buildings,28/02/2025,5105977971,Andrew G Podmore & Son,"£9,048.00"
Manchester City Council,1005,Adult Social Care,Supporting People Payments,10/02/2025,5105973719,Turning Point (Services) Limited,"£9,039.67"
Manchester City Council,1004,Childrens & Education Services,Third party payments relating to Voluntary Organisations,12/02/2025,1908728585,Kids Around The Clock,"£9,008.50"
Manchester City Council,1004,Childrens & Education Services,Professional fees,06/02/2025,5105974424,Kloodle Ltd,"£9,000.00"
Manchester City Council,1004,Childrens & Education Services,Home Care ,21/02/2025,1908738956,Positive Care Solutions Ltd,"£9,000.00"
Manchester City Council,1004,Childrens & Education Services,Home Care ,07/02/2025,1908725711,Positive Care Solutions Ltd,"£9,000.00"
Manchester City Council,1005,Adult Social Care,Equipment,24/02/2025,5105976884,Invacare Limited,"£9,000.00"
Manchester City Council,1013,Highways Services,Professional fees,14/02/2025,5105974305,Pell Frischmann Consultants Ltd,"£8,991.68"
Manchester City Council,1000,Manchester Leisure,Refuse Collection,28/02/2025,5105976607,Redgate Holdings Ltd,"£8,967.20"
Manchester City Council,1004,Childrens & Education Services,Payments for services,07/02/2025,5105974681,Dragon Occupational Therapy Ltd,"£8,943.10"
Manchester City Council,1004,Childrens & Education Services,Transport Coach Hire,28/02/2025,5105977949,AA Buses,"£8,916.50"
Manchester City Council,1002,Hospitality + Trading Services,Professional Fees,24/02/2025,5105977076,APSE,"£8,895.00"
Manchester City Council,1002,Hospitality + Trading Services,Electricity,27/02/2025,1908744601,Haven Power Ltd,"£8,892.80"
Manchester City Council,1007,Corporate Services,Electricity,27/02/2025,1908744602,Haven Power Ltd,"£8,880.63"
Manchester City Council,1004,Childrens & Education Services,Residential Care Homes Payments,21/02/2025,1908739011,W.H. Services (Cheadle) Ltd,"£8,835.00"
Manchester City Council,1004,Childrens & Education Services,Payments for services,28/02/2025,5105978183,A S K Healthcare Ltd,"£8,828.80"
Manchester City Council,1004,Childrens & Education Services,Third party payments relating to Voluntary Organisations,12/02/2025,1908729418,Tiddlywinks Nursery-Clayton No.4 Ac,"£8,812.80"
Manchester City Council,1005,Adult Social Care,Agency staff provision,24/02/2025,1908740137,Reed Employment Plc,"£8,806.63"
Manchester City Council,1007,Corporate Services,Water - Metered,27/02/2025,1908744373,Anglian Water Business (National),"£8,805.92"
Manchester City Council,1003,Environment and Operations,Construction Works,28/02/2025,5105977365,Rosgal Ltd,"£8,805.66"
Manchester City Council,1000,Manchester Leisure,Grant and subscriptions awarded,05/02/2025,5105973852,Coffee4Craig Ltd,"£8,750.00"
Manchester City Council,1005,Adult Social Care,Professional fees,28/02/2025,5105974594,The Hazeldene Medical Centre,"£8,748.68"
Manchester City Council,1004,Childrens & Education Services,Third party payments relating to Voluntary Organisations,12/02/2025,1908728561,Foundation Years Nurs - Debdale,"£8,736.15"
Manchester City Council,1002,Hospitality + Trading Services,Security,11/02/2025,5105974955,Showsec International Ltd,"£8,728.72"
Manchester City Council,1013,Highways Services,Professional fees,12/02/2025,5105975095,Waterman Infrastructure and,"£8,699.68"
Manchester City Council,1004,Childrens & Education Services,Third party payments relating to Voluntary Organisations,12/02/2025,1908729283,Crumpsall Playgroup,"£8,699.40"
Manchester City Council,1000,Manchester Leisure,Electricity,27/02/2025,1908745466,Npower,"£8,676.68"
Manchester City Council,1007,Corporate Services,Fees,26/02/2025,1908723611,Newlyn Plc,"£8,652.88"
Manchester City Council,1005,Adult Social Care,External repairs and maintenance for buildings,19/02/2025,5105976454,Sheridan Lifts Ltd,"£8,628.08"
Manchester City Council,1007,Corporate Services,Agency staff provision,04/02/2025,1908718471,Reed Employment Plc,"£8,626.11"
Manchester City Council,1007,Corporate Services,Agency staff provision,18/02/2025,1908734558,Reed Employment Plc,"£8,621.29"
Manchester City Council,1013,Highways Services,Professional fees,11/02/2025,5105974231,Mace Ltd,"£8,617.73"
Manchester City Council,1004,Childrens & Education Services,Third party payments relating to Voluntary Organisations,12/02/2025,1908729346,Redacted Personal Information,"£8,611.20"
Manchester City Council,1010,Housing Revenue Account,Professional fees,17/02/2025,5105975869,Capita Property & Infras'ture Ltd,"£8,600.00"
Manchester City Council,1007,Corporate Services,Professional fees,06/02/2025,5105974431,S&P Global Limited,"£8,600.00"
Manchester City Council,1000,Manchester Leisure,Gas,27/02/2025,1908744177,SEFE ENERGY Ltd,"£8,598.78"
Manchester City Council,1013,Highways Services,Professional fees,24/02/2025,5105977030,BWB Consulting Ltd,"£8,597.07"
Manchester City Council,1004,Childrens & Education Services,Third party payments relating to Voluntary Organisations,12/02/2025,1908729447,Redacted Personal Information,"£8,590.20"
Manchester City Council,1000,Manchester Leisure,Refuse Collection,28/02/2025,5105975638,Biffa Municipal Limited,"£8,568.48"
Manchester City Council,1004,Childrens & Education Services,Home Care ,21/02/2025,1908738957,Positive Care Solutions Ltd,"£8,550.00"
Manchester City Council,1004,Childrens & Education Services,Home Care ,07/02/2025,1908725712,Positive Care Solutions Ltd,"£8,550.00"
Manchester City Council,1004,Childrens & Education Services,Third party payments relating to Voluntary Organisations,12/02/2025,1908729032,Bizzie Kidz Nursery Ltd,"£8,547.60"
Manchester City Council,1011,Chief Executives,Printing,21/02/2025,5105974897,Chapel Press Ltd,"£8,537.00"
Manchester City Council,1005,Adult Social Care,Carer Support Payments ,17/02/2025,5105976383,Talbot House Support Centre,"£8,501.35"
Manchester City Council,1009,Housing General Fund,Works and associated costs for Land and Buildings,10/02/2025,5105975002,Hawkins Brown Design Ltd,"£8,500.00"
Manchester City Council,1005,Adult Social Care,I T Provision,26/02/2025,5105977561,Access UK Ltd,"£8,500.00"
Manchester City Council,1000,Manchester Leisure,Legal Fees,03/02/2025,1908717823,Antony Hodari Holding Ltd,"£8,500.00"
Manchester City Council,1000,Manchester Leisure,Refuse Collection,17/02/2025,5105974765,Biffa Municipal Limited,"£8,472.92"
Manchester City Council,1004,Childrens & Education Services,Third party payments relating to Voluntary Organisations,12/02/2025,1908728525,Brighter Beginnings Charlestown,"£8,442.85"
Manchester City Council,1004,Childrens & Education Services,Third party payments relating to Voluntary Organisations,12/02/2025,1908729295,Early Inspirations Nursery,"£8,439.60"
Manchester City Council,1011,Chief Executives,Agency staff provision,18/02/2025,1908734558,Reed Employment Plc,"£8,437.56"
Manchester City Council,1007,Corporate Services,Electricity,27/02/2025,1908744573,Haven Power Ltd,"£8,434.92"
Manchester City Council,1013,Highways Services,Payments to Sub-Contractors,12/02/2025,5105974821,Northern Marking Limited,"£8,422.16"
Manchester City Council,1004,Childrens & Education Services,Third party payments relating to Voluntary Organisations,12/02/2025,1908729257,BearNecessities Childcare Ltd,"£8,361.60"
Manchester City Council,1004,Childrens & Education Services,Transport Coach Hire,28/02/2025,5105975130,AA Buses,"£8,360.00"
Manchester City Council,1004,Childrens & Education Services,Third party payments relating to Voluntary Organisations,12/02/2025,1908728904,Tiddlywinks Day Nursery,"£8,359.20"
Manchester City Council,1004,Childrens & Education Services,Third party payments relating to Voluntary Organisations,12/02/2025,1908728766,DeeDee's Childcare Limited,"£8,359.20"
Manchester City Council,1004,Childrens & Education Services,Third party payments relating to Voluntary Organisations,12/02/2025,1908728788,Foundation Years Nurs - Debdale,"£8,359.20"
Manchester City Council,1000,Manchester Leisure,Responsive Repairs Work,26/02/2025,5105977514,Buckleys Property Services Ltd,"£8,341.73"
Manchester City Council,1004,Childrens & Education Services,Payments for services,20/02/2025,5105977028,Time Specialist Support Ltd,"£8,320.00"
Manchester City Council,1000,Manchester Leisure,Refuse Collection,28/02/2025,5105975374,Biffa Municipal Limited,"£8,300.00"
Manchester City Council,1005,Adult Social Care,Agency staff provision,10/02/2025,1908726320,Reed Employment Plc,"£8,286.25"
Manchester City Council,1000,Manchester Leisure,Rents,28/02/2025,5105977984,Haynes Property Management,"£8,262.58"
Manchester City Council,1004,Childrens & Education Services,Third party payments relating to Voluntary Organisations,12/02/2025,1908728589,Little Angels Day Nursery Ltd,"£8,233.35"
Manchester City Council,1009,Housing General Fund,Building Works,28/02/2025,1908745869,A & K Building Services Ltd,"£8,229.00"
Manchester City Council,1007,Corporate Services,Printing,14/02/2025,5105976414,Ricoh UK Ltd.,"£8,214.28"
Manchester City Council,1010,Housing Revenue Account,Council Dwelling Adaptations,06/02/2025,5105974032,Rexel UK Ltd,"£8,212.50"
Manchester City Council,1004,Childrens & Education Services,Third party payments to other Local Authorities,25/02/2025,5105977383,Evolve Education Manchester Ltd,"£8,198.33"
Manchester City Council,1005,Adult Social Care,Agency staff provision,24/02/2025,1908740137,Reed Employment Plc,"£8,192.97"
Manchester City Council,1004,Childrens & Education Services,Residential Care Homes Payments,21/02/2025,1908738981,The Together Trust,"£8,192.50"
Manchester City Council,1004,Childrens & Education Services,Third party payments to other Local Authorities,28/02/2025,5105976605,Broadstones Independent Special Sch,"£8,189.36"
Manchester City Council,1007,Corporate Services,Fees,06/02/2025,5105974501,Pannone Corporate LLP,"£8,184.65"
Manchester City Council,1004,Childrens & Education Services,Third party payments relating to Voluntary Organisations,12/02/2025,1908729417,Tiddlywinks Day Nursery Ltd Ancoats,"£8,181.00"
Manchester City Council,1004,Childrens & Education Services,Third party payments relating to Voluntary Organisations,12/02/2025,1908729554,Moor Allerton Preparatory School,"£8,174.40"
Manchester City Council,1013,Highways Services,Professional fees,11/02/2025,5105974233,Mace Ltd,"£8,171.10"
Manchester City Council,1004,Childrens & Education Services,Third party payments relating to Voluntary Organisations,12/02/2025,1908728567,Happy Kids Childcare Ltd,"£8,170.50"
Manchester City Council,1004,Childrens & Education Services,Third party payments relating to Voluntary Organisations,12/02/2025,1908729042,Brighter Beginnings Newton Heath,"£8,170.50"
Manchester City Council,1000,Manchester Leisure,Third party payments relating to Voluntary Organisations,06/02/2025,5105974591,Greater Manchester Immigration Aid,"£8,158.00"
Manchester City Council,1010,Housing Revenue Account,Council Dwelling Fees,06/02/2025,5105974027,Rexel UK Ltd,"£8,152.52"
Manchester City Council,1013,Highways Services,Professional fees,11/02/2025,5105974237,Mace Ltd,"£8,146.80"
Manchester City Council,1004,Childrens & Education Services,Third party payments relating to Voluntary Organisations,12/02/2025,1908729338,Monkey Puzzle Day Nursery,"£8,143.20"
Manchester City Council,1005,Adult Social Care,External repairs and maintenance for buildings,28/02/2025,5105977272,Sheridan Lifts Ltd,"£8,135.86"
Manchester City Council,1009,Housing General Fund,Building Works,28/02/2025,1908745851,UPS Building & Maintenance Ltd,"£8,134.84"
Manchester City Council,1004,Childrens & Education Services,Third party payments to other Local Authorities,14/02/2025,5105975474,The Radclyffe School,"£8,113.00"
Manchester City Council,1007,Corporate Services,Postage,20/02/2025,5105975417,Royal Mail Group Plc,"£8,098.46"
Manchester City Council,1000,Manchester Leisure,Electricity,27/02/2025,1908744638,Haven Power Ltd,"£8,067.42"
Manchester City Council,1000,Manchester Leisure,Special Event,03/02/2025,1908716160,Kool-it Services Ltd,"£8,065.00"
Manchester City Council,1004,Childrens & Education Services,Third party payments relating to Voluntary Organisations,12/02/2025,1908729135,Little Faces Nursery Ltd,"£8,044.80"
Manchester City Council,1004,Childrens & Education Services,Pay School Budget,12/02/2025,1908729150,Martenscroft Nursery School,"£8,044.80"
Manchester City Council,1005,Adult Social Care,Agency staff provision,24/02/2025,1908740137,Reed Employment Plc,"£8,026.36"
Manchester City Council,1013,Highways Services,Professional fees,12/02/2025,5105975098,Waterman Infrastructure and,"£8,000.32"
Manchester City Council,1012,Regeneration Finance,Grant and subscriptions awarded,07/02/2025,5105974664,Manchester Digital Ltd,"£8,000.00"
Manchester City Council,1000,Manchester Leisure,Gas,27/02/2025,1908744121,SEFE ENERGY Ltd,"£7,962.50"
Manchester City Council,1000,Manchester Leisure,Reuse credits,17/02/2025,5105974768,Biffa Municipal Limited,"£7,942.28"
Manchester City Council,1004,Childrens & Education Services,Third party payments relating to Voluntary Organisations,12/02/2025,1908729279,Wisemaster Builders Childcare Ltd,"£7,936.50"
Manchester City Council,1004,Childrens & Education Services,Third party payments relating to Voluntary Organisations,12/02/2025,1908728756,Wisemaster Builders Childcare Ltd,"£7,923.83"
Manchester City Council,1004,Childrens & Education Services,Third party payments to other Local Authorities,28/02/2025,5105978081,Strive Academy,"£7,920.00"
Manchester City Council,1009,Housing General Fund,Building Works,28/02/2025,1908745870,T F Jones Property Services Ltd,"£7,919.82"
Manchester City Council,1004,Childrens & Education Services,Third party payments to other Local Authorities,12/02/2025,5105975669,The Birtenshaw Group,"£7,887.75"
Manchester City Council,1004,Childrens & Education Services,Third party payments to other Local Authorities,12/02/2025,5105975668,The Birtenshaw Group,"£7,887.75"
Manchester City Council,1004,Childrens & Education Services,Third party payments to other Local Authorities,07/02/2025,5105974738,The Birtenshaw Group,"£7,887.75"
Manchester City Council,1004,Childrens & Education Services,Third party payments to other Local Authorities,12/02/2025,5105975661,The Birtenshaw Group,"£7,887.75"
Manchester City Council,1004,Childrens & Education Services,Third party payments to other Local Authorities,12/02/2025,5105975670,The Birtenshaw Group,"£7,886.92"
Manchester City Council,1004,Childrens & Education Services,Third party payments to other Local Authorities,12/02/2025,5105975484,The Birtenshaw Group,"£7,885.26"
Manchester City Council,1004,Childrens & Education Services,Third party payments relating to Voluntary Organisations,12/02/2025,1908729246,Acorn Grove Neighbourhood Nursery,"£7,879.20"
Manchester City Council,1004,Childrens & Education Services,Residential Care Homes Payments,21/02/2025,1908738986,Kaleidoscope Assessment Services,"£7,857.14"
Manchester City Council,1004,Childrens & Education Services,Residential Care Homes Payments,14/02/2025,1908732758,Kaleidoscope Assessment Services,"£7,857.14"
Manchester City Council,1004,Childrens & Education Services,Third party payments relating to Voluntary Organisations,12/02/2025,1908729129,King David Nursery,"£7,835.30"
Manchester City Council,1007,Corporate Services,Water - Metered,27/02/2025,1908744370,Anglian Water Business (National),"£7,829.84"
Manchester City Council,1004,Childrens & Education Services,Agency staff provision,24/02/2025,1908740137,Reed Employment Plc,"£7,816.38"
Manchester City Council,1004,Childrens & Education Services,Third party payments to other Local Authorities,25/02/2025,5105977443,Sale Grammar School,"£7,814.00"
Manchester City Council,1004,Childrens & Education Services,Third party payments relating to Voluntary Organisations,12/02/2025,1908729421,Tiny Steps Nursery,"£7,776.00"
Manchester City Council,1004,Childrens & Education Services,Third party payments relating to Voluntary Organisations,12/02/2025,1908729478,Total Childcare Ltd,"£7,770.00"
Manchester City Council,1010,Housing Revenue Account,Council Dwelling Fees,06/02/2025,5105974036,Rexel UK Ltd,"£7,757.19"
Manchester City Council,1011,Chief Executives,Construction Works,20/02/2025,5105976144,Rosgal Ltd,"£7,721.18"
Manchester City Council,1000,Manchester Leisure,Third party payments relating to Voluntary Organisations,21/02/2025,5105977078,Cromwood Ltd,"£7,720.00"
Manchester City Council,1003,Environment and Operations,Construction Works,28/02/2025,5105977392,Rosgal Ltd,"£7,719.68"
Manchester City Council,1005,Adult Social Care,Payments for services,14/02/2025,1908733279,The Robert Darbishire Practice,"£7,718.50"
Manchester City Council,1004,Childrens & Education Services,Third party payments relating to Voluntary Organisations,12/02/2025,1908729419,Tiddlywinks Day Nursery,"£7,718.40"
Manchester City Council,1004,Childrens & Education Services,Transport Coach Hire,10/02/2025,5105973934,DM Travel,"£7,715.00"
Manchester City Council,1004,Childrens & Education Services,Third party payments relating to Voluntary Organisations,12/02/2025,1908729422,Tiny Steps Nursery Gorton Ltd,"£7,712.70"
Manchester City Council,1000,Manchester Leisure,Professional fees,18/02/2025,1908734406,MJV & Co Solicitors Ltd,"£7,700.00"
Manchester City Council,1007,Corporate Services,Counsel Costs,14/02/2025,1908733224,DEANS COURT CHAMBERS,"£7,700.00"
Manchester City Council,1005,Adult Social Care,Agency staff provision,10/02/2025,1908726320,Reed Employment Plc,"£7,674.87"
Manchester City Council,1004,Childrens & Education Services,Third party payments relating to Voluntary Organisations,12/02/2025,1908728903,Tiddlywinks Day Nursery,"£7,662.60"
Manchester City Council,1004,Childrens & Education Services,Third party payments relating to Voluntary Organisations,12/02/2025,1908728829,Little Spuds Day Nursery,"£7,662.60"
Manchester City Council,1004,Childrens & Education Services,Third party payments relating to Voluntary Organisations,12/02/2025,1908728916,WMB Born2win Day Nursery,"£7,662.60"
Manchester City Council,1004,Childrens & Education Services,Third party payments relating to Voluntary Organisations,12/02/2025,1908728798,Happy Kids Childcare Ltd,"£7,662.60"
Manchester City Council,1004,Childrens & Education Services,Third party payments relating to Voluntary Organisations,12/02/2025,1908729408,Superkids Levenshulme Ltd,"£7,660.80"
Manchester City Council,1007,Corporate Services,External repairs and maintenance for buildings,11/02/2025,5105974820,National Football Museum,"£7,650.00"
Manchester City Council,1007,Corporate Services,Works and associated costs for Land and Buildings,11/02/2025,5105975353,Ramboll UK Limited,"£7,650.00"
Manchester City Council,1009,Housing General Fund,Building Works,28/02/2025,1908745846,Stannah Lift Services Ltd,"£7,644.00"
Manchester City Council,1004,Childrens & Education Services,Third party payments relating to Voluntary Organisations,12/02/2025,1908728866,Park View Day Nursery,"£7,627.77"
Manchester City Council,1004,Childrens & Education Services,Third party payments relating to Voluntary Organisations,12/02/2025,1908729404,St Bede'S Pre School,"£7,617.60"
Manchester City Council,1004,Childrens & Education Services,Agency staff provision,18/02/2025,1908734558,Reed Employment Plc,"£7,612.46"
Manchester City Council,1004,Childrens & Education Services,Third party payments relating to Voluntary Organisations,12/02/2025,1908729285,DeeDee's Childcare Limited,"£7,590.00"
Manchester City Council,1009,Housing General Fund,Building Works,03/02/2025,1908717797,T F Jones Property Services Ltd,"£7,589.91"
Manchester City Council,1009,Housing General Fund,Building Works,28/02/2025,1908745864,T F Jones Property Services Ltd,"£7,586.80"
Manchester City Council,1007,Corporate Services,Fees,26/02/2025,1908723612,Newlyn Plc,"£7,567.28"
Manchester City Council,1007,Corporate Services,Electricity,27/02/2025,1908744622,Haven Power Ltd,"£7,563.79"
Manchester City Council,1004,Childrens & Education Services,Third party payments relating to Voluntary Organisations,12/02/2025,1908729416,Tiddlywinks Day Nursery Ltd,"£7,562.40"
Manchester City Council,1004,Childrens & Education Services,Third party payments relating to Voluntary Organisations,12/02/2025,1908729316,Happy Tots Nursery,"£7,555.28"
Manchester City Council,1004,Childrens & Education Services,Payments for services,27/02/2025,5105977869,EK Outreach Services Ltd,"£7,546.00"
Manchester City Council,1003,Environment and Operations,Construction Works,28/02/2025,5105976849,J.Hopkins (Contractors) Ltd.,"£7,544.40"
Manchester City Council,1004,Childrens & Education Services,Payments for services,18/02/2025,5105976539,HM Prison and Probation Service,"£7,544.00"
Manchester City Council,1004,Childrens & Education Services,Third party payments relating to Voluntary Organisations,12/02/2025,1908729092,Foundation Years Nurs - Debdale,"£7,542.00"
Manchester City Council,1004,Childrens & Education Services,Third party payments relating to Voluntary Organisations,12/02/2025,1908729056,Christies Day Nursery,"£7,542.00"
Manchester City Council,1004,Childrens & Education Services,Third party payments relating to Voluntary Organisations,12/02/2025,1908728639,St.Wilfrids Playgroup,"£7,542.00"
Manchester City Council,1004,Childrens & Education Services,Third party payments relating to Voluntary Organisations,12/02/2025,1908729211,Sutton Road Nursery Ltd,"£7,542.00"
Manchester City Council,1004,Childrens & Education Services,Third party payments relating to Voluntary Organisations,12/02/2025,1908729177,Park View Day Nursery,"£7,542.00"
Manchester City Council,1004,Childrens & Education Services,Third party payments relating to Voluntary Organisations,12/02/2025,1908728532,Building Blocks Day Nursery Moston,"£7,542.00"
Manchester City Council,1004,Childrens & Education Services,Third party payments relating to Voluntary Organisations,12/02/2025,1908729521,Kids Planet Wythenshawe,"£7,522.48"
Manchester City Council,1004,Childrens & Education Services,Agency staff provision,24/02/2025,1908740137,Reed Employment Plc,"£7,519.96"
Manchester City Council,1004,Childrens & Education Services,Third party payments to other Local Authorities,12/02/2025,5105975727,St James' Catholic High School,"£7,505.00"
Manchester City Council,1004,Childrens & Education Services,Third party payments relating to Voluntary Organisations,12/02/2025,1908728591,Redacted Personal Information,"£7,500.10"
Manchester City Council,1003,Environment and Operations,Construction Works,27/02/2025,5105977216,RIBA 1834 Ltd,"£7,500.00"
Manchester City Council,1000,Manchester Leisure,Legal Fees,03/02/2025,1908717815,Canter Levin & Berg Limited,"£7,500.00"
Manchester City Council,1010,Housing Revenue Account,Professional fees,07/02/2025,5105974629,Irish Community Care Manchester,"£7,500.00"
Manchester City Council,1011,Chief Executives,Third party payments relating to Voluntary Organisations,17/02/2025,1908734208,Reflecteen Hub,"£7,500.00"
Manchester City Council,1000,Manchester Leisure,Legal Fees,04/02/2025,1908718490,T & A Solicitors,"£7,500.00"
Manchester City Council,1000,Manchester Leisure,Grant and subscriptions awarded,10/02/2025,1908709044,The North Manchester Youth Collecti,"£7,500.00"
Manchester City Council,1004,Childrens & Education Services,Agency staff provision,13/02/2025,5105975919,Barlow Hall Primary School,"£7,500.00"
Manchester City Council,1011,Chief Executives,Professional Fees,28/02/2025,5105976388,ConnectwithJapan Ltd,"£7,500.00"
Manchester City Council,1004,Childrens & Education Services,Agency staff provision,18/02/2025,1908734558,Reed Employment Plc,"£7,496.29"
Manchester City Council,1009,Housing General Fund,Building Works,03/02/2025,1908717804,T F Jones Property Services Ltd,"£7,494.48"
Manchester City Council,1007,Corporate Services,ICT Sup & Maintnance,19/02/2025,5105975719,Unifii,"£7,493.30"
Manchester City Council,1013,Highways Services,Professional fees,12/02/2025,5105975094,Waterman Infrastructure and,"£7,488.00"
Manchester City Council,1011,Chief Executives,Third party payments relating to Voluntary Organisations,17/02/2025,1908734207,Somali Adult Social Care Agency,"£7,477.71"
Manchester City Council,1012,Regeneration Finance,Professional Fees,28/02/2025,5105975771,Phil Jones Associates Limited,"£7,447.00"
Manchester City Council,1009,Housing General Fund,Building Works,03/02/2025,1908717807,T F Jones Property Services Ltd,"£7,443.92"
Manchester City Council,1000,Manchester Leisure,Contract Cleaning External,28/02/2025,5105974556,Scrutiny Cleaning Services,"£7,434.13"
Manchester City Council,1010,Housing Revenue Account,Council Dwelling Adaptations,27/02/2025,5105977776,AP Solutions Limited ,"£7,413.83"
Manchester City Council,1011,Chief Executives,Third party payments relating to Voluntary Organisations,21/02/2025,1908739024,Manchester Mind,"£7,407.50"
Manchester City Council,1004,Childrens & Education Services,Third party payments to other Local Authorities,17/02/2025,5105975421,Belmont School Ltd,"£7,405.57"
Manchester City Council,1010,Housing Revenue Account,Council Dwelling Adaptations,06/02/2025,5105974010,Rexel UK Ltd,"£7,394.86"
Manchester City Council,1004,Childrens & Education Services,Foster Payments,03/02/2025,1908717947,Five Rivers Ireland Limited,"£7,385.94"
Manchester City Council,1004,Childrens & Education Services,Third party payments relating to Voluntary Organisations,12/02/2025,1908729293,Early Days Day Nursery,"£7,383.00"
Manchester City Council,1009,Housing General Fund,Building Works,03/02/2025,1908717793,T F Jones Property Services Ltd,"£7,379.96"
Manchester City Council,1004,Childrens & Education Services,Third party payments relating to Voluntary Organisations,12/02/2025,1908728533,Building Blocks Nursery (Blackley),"£7,353.45"
Manchester City Council,1009,Housing General Fund,Building Works,17/02/2025,1908734202,Stannah Lift Services Ltd,"£7,351.00"
Manchester City Council,1004,Childrens & Education Services,Personal needs of client,28/02/2025,5105978148,Haven Healthcare Services,"£7,350.00"
Manchester City Council,1013,Highways Services,Professional Fees,28/02/2025,5105977538,Hydrock,"£7,350.00"
Manchester City Council,1000,Manchester Leisure,Responsive Repairs Work,14/02/2025,5105975290,Redacted Personal Information,"£7,344.00"
Manchester City Council,1005,Adult Social Care,Third party payments relating to Voluntary Organisations,19/02/2025,5105976781,Manchester Womens Aid,"£7,340.67"
Manchester City Council,1004,Childrens & Education Services,Third party payments relating to Voluntary Organisations,12/02/2025,1908729386,Precious Kids Day Nursery,"£7,326.00"
Manchester City Council,1007,Corporate Services,I T Provision,28/02/2025,5105976541,Trustmarque Solutions Ltd,"£7,312.00"
Manchester City Council,1011,Chief Executives,Rents,04/02/2025,5105973831,Select Plant Hire Ltd,"£7,285.74"
Manchester City Council,1004,Childrens & Education Services,Agency staff provision,04/02/2025,1908718471,Reed Employment Plc,"£7,280.39"
Manchester City Council,1013,Highways Services,Professional fees,14/02/2025,5105974482,Pell Frischmann Consultants Ltd,"£7,279.50"
Manchester City Council,1007,Corporate Services,Agency staff provision,17/02/2025,5105974621,G2V Recruitment Grp t/a Vivid Resou,"£7,275.00"
Manchester City Council,1012,Regeneration Finance,External repairs and maintenance for buildings,11/02/2025,5105974967,SMS Solar Maintenance Services,"£7,257.23"
Manchester City Council,1007,Corporate Services,Grant Payments,17/02/2025,5105974791,Oldham Borough Council,"£7,245.00"
Manchester City Council,1000,Manchester Leisure,Refuse Collection,17/02/2025,5105974794,Biffa Municipal Limited,"£7,240.50"
Manchester City Council,1011,Chief Executives,Examination Fees,11/02/2025,5105975312,Toxicology UK Ltd,"£7,225.00"
Manchester City Council,1004,Childrens & Education Services,Third party payments relating to Voluntary Organisations,12/02/2025,1908729488,Network Nurseries Limited,"£7,221.60"
Manchester City Council,1004,Childrens & Education Services,Third party payments relating to Voluntary Organisations,12/02/2025,1908729355,Manchester Montessori House,"£7,219.68"
Manchester City Council,1004,Childrens & Education Services,Third party payments relating to Voluntary Organisations,12/02/2025,1908729345,Little Faces Nursery Ltd,"£7,209.00"
Manchester City Council,1000,Manchester Leisure,Responsive Repairs Work,24/02/2025,1908738764,KozyGuru UK Limited,"£7,200.00"
Manchester City Council,1012,Regeneration Finance,Professional fees,10/02/2025,5105974056,LGRE Limited,"£7,200.00"
Manchester City Council,1010,Housing Revenue Account,Professional fees,27/02/2025,5105977087,Capita Property & Infras'ture Ltd,"£7,190.00"
Manchester City Council,1004,Childrens & Education Services,Third party payments relating to Voluntary Organisations,12/02/2025,1908729438,Your Nursery Ltd,"£7,154.40"
Manchester City Council,1004,Childrens & Education Services,Third party payments relating to Voluntary Organisations,12/02/2025,1908729268,Brighter Beginnings Fallowfield,"£7,128.00"
Manchester City Council,1005,Adult Social Care,Supporting People Payments,04/02/2025,5105973983,Praxis Care Group,"£7,121.83"
Manchester City Council,1004,Childrens & Education Services,Third party payments relating to Voluntary Organisations,12/02/2025,1908728654,Tiny Steps Nursery,"£7,102.05"
Manchester City Council,1000,Manchester Leisure,Furniture,04/02/2025,5105973909,Rtech Group Limited,"£7,087.50"
Manchester City Council,1000,Manchester Leisure,Car Parking Permits,27/02/2025,5105977585,Park NOW Limited,"£7,082.47"
Manchester City Council,1000,Manchester Leisure,Library Materials Acquisition,11/02/2025,1908727041,Bibliographic Data Services Ltd,"£7,060.00"
Manchester City Council,1004,Childrens & Education Services,Third party payments relating to Voluntary Organisations,12/02/2025,1908729052,Wisemaster Builders Childcare Ltd,"£7,039.20"
Manchester City Council,1004,Childrens & Education Services,Third party payments relating to Voluntary Organisations,12/02/2025,1908728516,BearNecessities Childcare Ltd,"£7,039.20"
Manchester City Council,1004,Childrens & Education Services,Third party payments relating to Voluntary Organisations,12/02/2025,1908729140,Littleways Day Nursery,"£7,039.20"
Manchester City Council,1004,Childrens & Education Services,Payments for services,28/02/2025,5105977564,Salford College,"£7,026.67"
Manchester City Council,1004,Childrens & Education Services,Third party payments relating to Voluntary Organisations,12/02/2025,1908728743,Brighter Beginnings New Moston,"£7,024.05"
Manchester City Council,1004,Childrens & Education Services,Third party payments relating to Voluntary Organisations,12/02/2025,1908729423,Tiny Turtles Day Care Ltd,"£7,017.60"
Manchester City Council,1009,Housing General Fund,Building Works,28/02/2025,1908745840,Stannah Lift Services Ltd,"£7,005.00"
Manchester City Council,1000,Manchester Leisure,Legal Fees,03/02/2025,1908717766,SLS Solicitors,"£7,000.00"
Manchester City Council,1011,Chief Executives,Works and associated costs for Land and Buildings,11/02/2025,5105975388,Deloitte & Touche Llp,"£7,000.00"
Manchester City Council,1000,Manchester Leisure,Grant and subscriptions awarded,05/02/2025,5105974210,Longsight Community Art Space CIC,"£7,000.00"
Manchester City Council,1004,Childrens & Education Services,Third party payments relating to Voluntary Organisations,12/02/2025,1908728758,Redacted Personal Information,"£6,966.00"
Manchester City Council,1004,Childrens & Education Services,Third party payments relating to Voluntary Organisations,12/02/2025,1908728906,Tiny Steps Nursery Gorton Ltd,"£6,966.00"
Manchester City Council,1004,Childrens & Education Services,Third party payments relating to Voluntary Organisations,12/02/2025,1908728737,BearNecessities Childcare Ltd,"£6,966.00"
Manchester City Council,1004,Childrens & Education Services,Third party payments relating to Voluntary Organisations,12/02/2025,1908728869,Rainbow Nursery Manchester Ltd,"£6,966.00"
Manchester City Council,1004,Childrens & Education Services,Foster Payments,14/02/2025,1908732698,Capstone Foster Care,"£6,962.60"
Manchester City Council,1013,Highways Services,Professional fees,12/02/2025,5105975093,Waterman Infrastructure and,"£6,960.00"
Manchester City Council,1004,Childrens & Education Services,Court Fees,18/02/2025,1908734735,Liberata,"£6,949.00"
Manchester City Council,1010,Housing Revenue Account,Council Dwelling Fees,06/02/2025,5105974026,Rexel UK Ltd,"£6,925.73"
Manchester City Council,1004,Childrens & Education Services,Third party payments relating to Voluntary Organisations,12/02/2025,1908728855,Noddy's Day Nursery,"£6,907.95"
Manchester City Council,1004,Childrens & Education Services,Third party payments relating to Voluntary Organisations,12/02/2025,1908729265,Brighter Beginnings Rusholme,"£6,904.80"
Manchester City Council,1004,Childrens & Education Services,Third party payments relating to Voluntary Organisations,12/02/2025,1908729275,Building Blocks Nursery (Blackley),"£6,904.80"
Manchester City Council,1011,Chief Executives,Counsel Costs,27/02/2025,1908745592,Central Chambers,"£6,900.00"
Manchester City Council,1009,Housing General Fund,Building Works,03/02/2025,1908717808,T F Jones Property Services Ltd,"£6,896.94"
Manchester City Council,1000,Manchester Leisure,Professional Fees,28/02/2025,5105977043,Redacted Personal Information,"£6,890.00"
Manchester City Council,1004,Childrens & Education Services,Third party payments relating to Voluntary Organisations,12/02/2025,1908729274,Building Blocks Day Nursery Moston,"£6,879.60"
Manchester City Council,1004,Childrens & Education Services,Third party payments relating to Voluntary Organisations,12/02/2025,1908729384,Park View Day Nursery,"£6,879.60"
Manchester City Council,1000,Manchester Leisure,Electricity,27/02/2025,1908744616,Haven Power Ltd,"£6,874.74"
Manchester City Council,1011,Chief Executives,Third party payments relating to Voluntary Organisations,21/02/2025,1908739025,Cheetham Hill Advice Centre.,"£6,857.50"
Manchester City Council,1004,Childrens & Education Services,Foster Payments,14/02/2025,1908732768,Child Action Northwest,"£6,857.20"
Manchester City Council,1004,Childrens & Education Services,Third party payments relating to Voluntary Organisations,12/02/2025,1908729286,Didsbury Childminding Limited,"£6,850.80"
Manchester City Council,1011,Chief Executives,Third party payments relating to Voluntary Organisations,17/02/2025,1908734206,Ceebee Gold Foundation Intl,"£6,850.00"
Manchester City Council,1004,Childrens & Education Services,Foster Payments,07/02/2025,1908725677,Fostering Solutions,"£6,824.34"
Manchester City Council,1012,Regeneration Finance,Hire of Premises,03/02/2025,5105973757,Levenshulme Inspire Community,"£6,816.60"
Manchester City Council,1009,Housing General Fund,Building Works,28/02/2025,1908745839,Stannah Lift Services Ltd,"£6,795.00"
Manchester City Council,1005,Adult Social Care,Agency staff provision,10/02/2025,1908726320,Reed Employment Plc,"£6,794.72"
Manchester City Council,1004,Childrens & Education Services,Residential Care Homes Payments,07/02/2025,1908725589,Residential Child Care,"£6,790.80"
Manchester City Council,1004,Childrens & Education Services,Third party payments relating to Voluntary Organisations,12/02/2025,1908729102,Happy Days Nursery,"£6,787.80"
Manchester City Council,1004,Childrens & Education Services,Foster Payments,21/02/2025,1908738965,Foster Care Associates Limited,"£6,786.50"
Manchester City Council,1009,Housing General Fund,Works and associated costs for Land and Buildings,24/02/2025,1908740222,H M Revenues and Customs,"£6,750.00"
Manchester City Council,1007,Corporate Services,Works and associated costs for Land and Buildings,28/02/2025,5105976366,Mace Ltd,"£6,750.00"
Manchester City Council,1011,Chief Executives,Third party payments relating to Voluntary Organisations,21/02/2025,1908739023,Rainbow Haven,"£6,727.50"
Manchester City Council,1004,Childrens & Education Services,Third party payments to other Local Authorities,12/02/2025,5105975657,Redacted Personal Information,"£6,711.94"
Manchester City Council,1004,Childrens & Education Services,Third party payments relating to Voluntary Organisations,12/02/2025,1908729584,Superkids Levenshulme Ltd,"£6,703.20"
Manchester City Council,1007,Corporate Services,Fees,26/02/2025,1908714415,CDER GROUP LIMITED,"£6,688.11"
Manchester City Council,1004,Childrens & Education Services,Foster Payments,21/02/2025,1908738921,IGF Buisness Credit Limited,"£6,687.63"
Manchester City Council,1011,Chief Executives,Court Fees,18/02/2025,1908734738,Liberata,"£6,680.68"
Manchester City Council,1004,Childrens & Education Services,Transport Coach Hire,04/02/2025,5105973937,High Bee Ltd,"£6,678.88"
Manchester City Council,1004,Childrens & Education Services,Third party payments to other Local Authorities,12/02/2025,5105975603,St James' Catholic High School,"£6,668.00"
Manchester City Council,1004,Childrens & Education Services,Third party payments relating to Voluntary Organisations,12/02/2025,1908729523,Kids Around The Clock,"£6,666.60"
Manchester City Council,1000,Manchester Leisure,Third party payments relating to Voluntary Organisations,06/02/2025,5105974297,Waythrough,"£6,666.00"
Manchester City Council,1000,Manchester Leisure,Electricity,27/02/2025,1908744617,Haven Power Ltd,"£6,663.99"
Manchester City Council,1009,Housing General Fund,Building Works,17/02/2025,1908733597,T F Jones Property Services Ltd,"£6,656.77"
Manchester City Council,1005,Adult Social Care,Payments for services,13/02/2025,5105975976,Phoenix Futures,"£6,642.86"
Manchester City Council,1004,Childrens & Education Services,Third party payments relating to Voluntary Organisations,12/02/2025,1908729291,Bertram Nursery Group,"£6,632.29"
Manchester City Council,1004,Childrens & Education Services,Third party payments relating to Voluntary Organisations,12/02/2025,1908729409,Sutton Road Nursery Ltd,"£6,629.17"
Manchester City Council,1002,Hospitality + Trading Services,Water - Metered,27/02/2025,1908744407,Anglian Water Business (National),"£6,628.78"
Manchester City Council,1004,Childrens & Education Services,Third party payments relating to Voluntary Organisations,12/02/2025,1908729269,Brighter Beginnings Newton Heath,"£6,624.00"
Manchester City Council,1005,Adult Social Care,Agency staff provision,04/02/2025,1908718471,Reed Employment Plc,"£6,622.96"
Manchester City Council,1010,Housing Revenue Account,Council Dwelling Adaptations,13/02/2025,5105976000,Corstorphine & Wright Limited,"£6,617.50"
Manchester City Council,1009,Housing General Fund,Building Works,17/02/2025,1908734200,Stannah Lift Services Ltd,"£6,613.00"
Manchester City Council,1004,Childrens & Education Services,Foster Payments,07/02/2025,1908725596,By the Bridge North West,"£6,600.97"
Manchester City Council,1004,Childrens & Education Services,Foster Payments,07/02/2025,1908725577,Oldham Borough Council,"£6,585.96"
Manchester City Council,1000,Manchester Leisure,Professional Fees,10/02/2025,5105975239,Daly Drains Ltd,"£6,585.96"
Manchester City Council,1004,Childrens & Education Services,Third party payments relating to Voluntary Organisations,12/02/2025,1908729565,Paint Pots (Manchester) Ltd,"£6,576.00"
Manchester City Council,1009,Housing General Fund,Building Works,28/02/2025,1908745862,T F Jones Property Services Ltd,"£6,558.81"
Manchester City Council,1005,Adult Social Care,Supporting People Payments,28/02/2025,5105977138,Praxis Care Group,"£6,556.20"
Manchester City Council,1010,Housing Revenue Account,Council Dwelling Adaptations,28/02/2025,5105975049,Pts Plumbing Trade Supplies,"£6,540.76"
Manchester City Council,1004,Childrens & Education Services,Third party payments relating to Voluntary Organisations,12/02/2025,1908729184,Redacted Personal Information,"£6,536.40"
Manchester City Council,1004,Childrens & Education Services,Third party payments relating to Voluntary Organisations,12/02/2025,1908729067,Total Childcare Ltd,"£6,536.40"
Manchester City Council,1004,Childrens & Education Services,Foster Payments,07/02/2025,1908725630,Phoenix Fostering,"£6,532.01"
Manchester City Council,1004,Childrens & Education Services,Third party payments relating to Voluntary Organisations,12/02/2025,1908729420,Tiddlywinks Day Nursery,"£6,528.00"
Manchester City Council,1010,Housing Revenue Account,Council Dwelling Fees,06/02/2025,5105974000,Rexel UK Ltd,"£6,524.51"
Manchester City Council,1005,Adult Social Care,External repairs and maintenance for buildings,25/02/2025,5105977273,Sheridan Lifts Ltd,"£6,520.19"
Manchester City Council,1005,Adult Social Care,Supporting People Payments,10/02/2025,5105973711,Turning Point (Services) Limited,"£6,514.07"
Manchester City Council,1013,Highways Services,Professional Fees,06/02/2025,5105974416,Waterman Infrastructure and,"£6,500.00"
Manchester City Council,1013,Highways Services,Professional Fees,06/02/2025,5105974417,Waterman Infrastructure and,"£6,500.00"
Manchester City Council,1000,Manchester Leisure,Furniture,26/02/2025,5105977641,Rtec Carpets Ltd,"£6,466.00"
Manchester City Council,1009,Housing General Fund,Building Works,24/02/2025,5105977260,Wythenshawe Community Housing Group,"£6,464.41"
Manchester City Council,1000,Manchester Leisure,Professional fees,18/02/2025,5105974568,City Build Manchester Ltd,"£6,452.17"
Manchester City Council,1000,Manchester Leisure,Car Parking Permits,27/02/2025,5105977584,Park NOW Limited,"£6,450.90"
Manchester City Council,1004,Childrens & Education Services,Foster Payments,07/02/2025,1908725655,Fostering Solutions,"£6,444.90"
Manchester City Council,1004,Childrens & Education Services,Foster Payments,07/02/2025,1908725656,Fostering Solutions,"£6,444.90"
Manchester City Council,1004,Childrens & Education Services,Third party payments to other Local Authorities,04/02/2025,5105973785,Keys PCE Limited,"£6,444.90"
Manchester City Council,1004,Childrens & Education Services,Third party payments to other Local Authorities,04/02/2025,5105973786,Keys PCE Limited,"£6,444.90"
Manchester City Council,1000,Manchester Leisure,Rents,19/02/2025,5105976644,Haynes Property Management,"£6,438.46"
Manchester City Council,1000,Manchester Leisure,Professional fees,28/02/2025,5105977201,Savills (UK) Ltd,"£6,431.00"
Manchester City Council,1004,Childrens & Education Services,Foster Payments,07/02/2025,1908725669,Fostering Solutions,"£6,421.34"
Manchester City Council,1005,Adult Social Care,Agency staff provision,10/02/2025,1908726320,Reed Employment Plc,"£6,417.83"
Manchester City Council,1009,Housing General Fund,Building Works,03/02/2025,1908717801,T F Jones Property Services Ltd,"£6,416.78"
Manchester City Council,1005,Adult Social Care,Agency staff provision,18/02/2025,1908734558,Reed Employment Plc,"£6,412.14"
Manchester City Council,1013,Highways Services,Furniture,20/02/2025,5105976978,H Jenkinson & Co Ltd.,"£6,395.00"
Manchester City Council,1007,Corporate Services,Agency staff provision,10/02/2025,1908726320,Reed Employment Plc,"£6,389.02"
Manchester City Council,1007,Corporate Services,Agency staff provision,24/02/2025,1908740137,Reed Employment Plc,"£6,386.48"
Manchester City Council,1009,Housing General Fund,Building Works,28/02/2025,1908745871,T F Jones Property Services Ltd,"£6,384.79"
Manchester City Council,1004,Childrens & Education Services,Foster Payments,21/02/2025,1908739009,The Fostering Team,"£6,381.04"
Manchester City Council,1007,Corporate Services,Agency staff provision,24/02/2025,1908740137,Reed Employment Plc,"£6,380.24"
Manchester City Council,1011,Chief Executives,Counsel Costs,13/02/2025,1908731839,Redacted Personal Information,"£6,350.00"
Manchester City Council,1000,Manchester Leisure,Furniture,05/02/2025,5105974322,Rtech Group Limited,"£6,337.51"
Manchester City Council,1009,Housing General Fund,Building Works,03/02/2025,1908717805,T F Jones Property Services Ltd,"£6,337.40"
Manchester City Council,1013,Highways Services,Professional Fees,28/02/2025,5105977177,Wilde Consultants Ltd,"£6,317.72"
Manchester City Council,1004,Childrens & Education Services,Third party payments relating to Voluntary Organisations,12/02/2025,1908729542,Manchester Muslim Prep School,"£6,312.00"
Manchester City Council,1013,Highways Services,Electricity,27/02/2025,1908745458,Haven Power Ltd,"£6,304.59"
Manchester City Council,1004,Childrens & Education Services,Third party payments to other Local Authorities,20/02/2025,5105976008,Ashton On Mersey High School,"£6,303.00"
Manchester City Council,1000,Manchester Leisure,Legal Fees,04/02/2025,1908718489,Veritas Solicitors,"£6,300.00"
Manchester City Council,1007,Corporate Services,Water - Metered,27/02/2025,1908744254,Anglian Water Business (National),"£6,291.82"
Manchester City Council,1004,Childrens & Education Services,Transport Coach Hire,06/02/2025,5105974465,AFJ Ltd,"£6,280.00"
Manchester City Council,1004,Childrens & Education Services,Transport Coach Hire,06/02/2025,5105974436,Britannia Minibuses Ltd,"£6,272.00"
Manchester City Council,1004,Childrens & Education Services,Third party payments relating to Voluntary Organisations,12/02/2025,1908728832,The Big Life Company,"£6,269.40"
Manchester City Council,1004,Childrens & Education Services,Third party payments relating to Voluntary Organisations,12/02/2025,1908729525,Monkey Puzzle Day Nursery,"£6,264.00"
Manchester City Council,1011,Chief Executives,Agency staff provision,24/02/2025,1908740137,Reed Employment Plc,"£6,256.73"
Manchester City Council,1000,Manchester Leisure,Professional fees,06/02/2025,5105974565,Riverside ECHG,"£6,238.44"
Manchester City Council,1000,Manchester Leisure,Professional fees,11/02/2025,5105975285,Riverside ECHG,"£6,238.44"
Manchester City Council,1000,Manchester Leisure,Professional fees,06/02/2025,5105974564,Riverside ECHG,"£6,238.44"
Manchester City Council,1000,Manchester Leisure,Professional fees,11/02/2025,5105975283,Riverside ECHG,"£6,238.44"
Manchester City Council,1004,Childrens & Education Services,Pay School Budget,12/02/2025,1908728624,Rack House Primary School,"£6,234.72"
Manchester City Council,1005,Adult Social Care,Third party payments relating to Voluntary Organisations,27/02/2025,5105977835,Pure Innovations Ltd,"£6,229.58"
Manchester City Council,1004,Childrens & Education Services,Third party payments relating to Voluntary Organisations,12/02/2025,1908728854,Clever Bees Nursery Ltd,"£6,211.35"
Manchester City Council,1004,Childrens & Education Services,Third party payments relating to Voluntary Organisations,12/02/2025,1908729266,Brighter Beginnings Charlestown,"£6,208.45"
Manchester City Council,1011,Chief Executives,Legal Fees,13/02/2025,1908731946,Weightmans LLP Solicitors,"£6,205.29"
Manchester City Council,1010,Housing Revenue Account,Vehicle Plant Furniture and Equipment,05/02/2025,5105973815,Advanced Business,"£6,195.42"
Manchester City Council,1004,Childrens & Education Services,Third party payments to other Local Authorities,17/02/2025,5105975413,Belmont School Ltd,"£6,190.42"
Manchester City Council,1004,Childrens & Education Services,Third party payments to other Local Authorities,11/02/2025,5105975411,Belmont School Ltd,"£6,190.42"
Manchester City Council,1004,Childrens & Education Services,Third party payments to other Local Authorities,11/02/2025,5105975390,Belmont School Ltd,"£6,190.42"
Manchester City Council,1004,Childrens & Education Services,Third party payments to other Local Authorities,11/02/2025,5105975412,Belmont School Ltd,"£6,190.42"
Manchester City Council,1004,Childrens & Education Services,Foster Payments,07/02/2025,1908725667,Fostering Solutions,"£6,181.26"
Manchester City Council,1004,Childrens & Education Services,Foster Payments,07/02/2025,1908725653,Fostering Solutions,"£6,181.26"
Manchester City Council,1007,Corporate Services,Works and associated costs for Land and Buildings,11/02/2025,5105975356,Ove Arup & Partners Ltd,"£6,178.12"
Manchester City Council,1004,Childrens & Education Services,Foster Payments,14/02/2025,1908732677,Three Circles Fostering Ltd,"£6,170.24"
Manchester City Council,1004,Childrens & Education Services,Foster Payments,07/02/2025,1908725614,Three Circles Fostering Ltd,"£6,170.24"
Manchester City Council,1004,Childrens & Education Services,Payments for services,06/02/2025,5105974474,Irwell Valley Housing Association,"£6,167.93"
Manchester City Council,1004,Childrens & Education Services,Payments for services,06/02/2025,5105974473,Irwell Valley Housing Association,"£6,167.93"
Manchester City Council,1004,Childrens & Education Services,Rents,06/02/2025,5105974475,Irwell Valley Housing Association,"£6,167.93"
Manchester City Council,1004,Childrens & Education Services,Payments for services,06/02/2025,5105974477,Irwell Valley Housing Association,"£6,167.93"
Manchester City Council,1004,Childrens & Education Services,Third party payments relating to Voluntary Organisations,12/02/2025,1908729281,Christies Day Nursery,"£6,159.60"
Manchester City Council,1007,Corporate Services,Professional fees,10/02/2025,5105973885,Mace Ltd,"£6,158.00"
Manchester City Council,1009,Housing General Fund,Building Works,03/02/2025,1908717772,Stannah Lift Services Ltd,"£6,145.00"
Manchester City Council,1000,Manchester Leisure,Refuse Collection,28/02/2025,5105975606,Biffa Municipal Limited,"£6,120.00"
Manchester City Council,1004,Childrens & Education Services,Third party payments to other Local Authorities,17/02/2025,5105975579,Blessed Thomas Holford School,"£6,118.00"
Manchester City Council,1009,Housing General Fund,Building Works,03/02/2025,1908717799,T F Jones Property Services Ltd,"£6,108.68"
Manchester City Council,1004,Childrens & Education Services,Foster Payments,07/02/2025,1908725574,Action For Children,"£6,098.01"
Manchester City Council,1011,Chief Executives,Professional Fees,12/02/2025,5105974198,Redacted Personal Information,"£6,073.60"
Manchester City Council,1000,Manchester Leisure,Professional Fees,10/02/2025,5105975189,Daly Drains Ltd,"£6,071.08"
Manchester City Council,1009,Housing General Fund,Building Works,28/02/2025,1908745867,T F Jones Property Services Ltd,"£6,068.48"
Manchester City Council,1007,Corporate Services,Vehicle Costs,05/02/2025,5105974378,Cyclescheme Ltd,"£6,067.32"
Manchester City Council,1013,Highways Services,Professional fees,12/02/2025,5105975097,Waterman Infrastructure and,"£6,052.86"
Manchester City Council,1000,Manchester Leisure,Grant and subscriptions awarded,27/02/2025,5105977817,Empower Youth Zones Ltd,"£6,050.00"
Manchester City Council,1004,Childrens & Education Services,Third party payments relating to Voluntary Organisations,12/02/2025,1908729182,Rainbow Nursery Manchester Ltd,"£6,033.60"
Manchester City Council,1004,Childrens & Education Services,Third party payments relating to Voluntary Organisations,12/02/2025,1908729220,Tiddlywinks Day Nursery Ltd,"£6,033.60"
Manchester City Council,1004,Childrens & Education Services,Payments to Academie,12/02/2025,1908728540,Co-op Academy Medlock,"£6,033.60"
Manchester City Council,1004,Childrens & Education Services,Third party payments relating to Voluntary Organisations,12/02/2025,1908729224,Tiddlywinks Day Nursery,"£6,033.60"
Manchester City Council,1004,Childrens & Education Services,Third party payments relating to Voluntary Organisations,12/02/2025,1908728652,Tiddlywinks Day Nursery,"£6,033.60"
Manchester City Council,1004,Childrens & Education Services,Third party payments relating to Voluntary Organisations,12/02/2025,1908729201,Simply Cherish Day Nursery,"£6,033.60"
Manchester City Council,1004,Childrens & Education Services,Third party payments relating to Voluntary Organisations,12/02/2025,1908729235,Winstanley Day Nursery,"£6,033.60"
Manchester City Council,1004,Childrens & Education Services,Pay School Budget,12/02/2025,1908729057,Collyhurst Nursery School,"£6,033.60"
Manchester City Council,1004,Childrens & Education Services,Third party payments relating to Voluntary Organisations,12/02/2025,1908729496,Manchester Uni NHS Foundation Trust,"£6,030.60"
Manchester City Council,1004,Childrens & Education Services,Third party payments relating to Voluntary Organisations,03/02/2025,1908717755,Manchester Uni NHS Foundation Trust,"£6,030.60"
Manchester City Council,1004,Childrens & Education Services,Third party payments to other Local Authorities,11/02/2025,5105975380,Progress Schools Ltd,"£6,029.00"
Manchester City Council,1004,Childrens & Education Services,Agency staff provision,04/02/2025,1908718471,Reed Employment Plc,"£6,023.43"
Manchester City Council,1009,Housing General Fund,Building Works,03/02/2025,1908717795,T F Jones Property Services Ltd,"£6,019.65"
Manchester City Council,1000,Manchester Leisure,Refuse Collection,28/02/2025,5105975640,Biffa Municipal Limited,"£6,000.00"
Manchester City Council,1004,Childrens & Education Services,Third party payments to other Local Authorities,14/02/2025,5105974592,Blackpool Council,"£6,000.00"
Manchester City Council,1000,Manchester Leisure,Electricity,27/02/2025,1908745388,Haven Power Ltd,"£5,996.54"
Manchester City Council,1004,Childrens & Education Services,Third party payments to other Local Authorities,14/02/2025,5105976155,Rossendale School Priory,"£5,993.82"
Manchester City Council,1004,Childrens & Education Services,Third party payments to other Local Authorities,11/02/2025,5105975389,Belmont School Ltd,"£5,990.73"
Manchester City Council,1004,Childrens & Education Services,Foster Payments,21/02/2025,1908738991,The Fostering Team,"£5,978.57"
Manchester City Council,1003,Environment and Operations,Construction Works,28/02/2025,5105977368,Rosgal Ltd,"£5,970.39"
Manchester City Council,1003,Environment and Operations,Construction Works,28/02/2025,5105977440,Dowhigh Ltd,"£5,966.93"
Manchester City Council,1009,Housing General Fund,Building Works,03/02/2025,1908717773,Stannah Lift Services Ltd,"£5,961.00"
Manchester City Council,1004,Childrens & Education Services,Transport Coach Hire,06/02/2025,5105974463,AFJ Ltd,"£5,960.00"
Manchester City Council,1005,Adult Social Care,"Consumable items eg Toilet rolls, soap etc",14/02/2025,5105976031,Lower Hey Boarding Kennels,"£5,940.00"
Manchester City Council,1007,Corporate Services,Electricity,27/02/2025,1908744679,Haven Power Ltd,"£5,936.27"
Manchester City Council,1004,Childrens & Education Services,Third party payments relating to Voluntary Organisations,12/02/2025,1908729399,Small Wonders Pdn Ltd,"£5,922.80"
Manchester City Council,1004,Childrens & Education Services,Payments for services,20/02/2025,5105976998,HM Prison and Probation Service,"£5,922.00"
Manchester City Council,1004,Childrens & Education Services,Payments for services,20/02/2025,5105976997,HM Prison and Probation Service,"£5,922.00"
Manchester City Council,1004,Childrens & Education Services,Foster Payments,21/02/2025,1908738992,The Fostering Team,"£5,918.78"
Manchester City Council,1009,Housing General Fund,Building Works,28/02/2025,1908745859,T F Jones Property Services Ltd,"£5,911.09"
Manchester City Council,1000,Manchester Leisure,Hire of Equipment,28/02/2025,5105978164,dbnAudile Limited,"£5,906.71"
Manchester City Council,1004,Childrens & Education Services,Transport Coach Hire,10/02/2025,5105973847,Galaxy Transport (Manchester) Ltd,"£5,890.00"
Manchester City Council,1007,Corporate Services,Professional fees,28/02/2025,5105978112,Mace Ltd,"£5,880.00"
Manchester City Council,1000,Manchester Leisure,Contract Cleaning External,28/02/2025,5105973977,Clean Event Services,"£5,875.00"
Manchester City Council,1009,Housing General Fund,Building Works,28/02/2025,1908745841,Stannah Lift Services Ltd,"£5,856.00"
Manchester City Council,1005,Adult Social Care,Payments for services,14/02/2025,1908733276,Cornbrook Medical Practice,"£5,855.50"
Manchester City Council,1000,Manchester Leisure,Gas,27/02/2025,1908744147,SEFE ENERGY Ltd,"£5,839.28"
Manchester City Council,1000,Manchester Leisure,Electricity,27/02/2025,1908744674,Haven Power Ltd,"£5,838.76"
Manchester City Council,1007,Corporate Services,Licences Purchase,28/02/2025,5105974188,Softcat,"£5,838.10"
Manchester City Council,1004,Childrens & Education Services,Third party payments relating to Voluntary Organisations,12/02/2025,1908729462,Brighter Beginnings Fallowfield,"£5,832.00"
Manchester City Council,1004,Childrens & Education Services,Foster Payments,21/02/2025,1908739004,The Fostering Team,"£5,829.11"
Manchester City Council,1009,Housing General Fund,Building Works,03/02/2025,1908717794,T F Jones Property Services Ltd,"£5,828.36"
Manchester City Council,1009,Housing General Fund,Building Works,28/02/2025,1908745868,A & K Building Services Ltd,"£5,825.00"
Manchester City Council,1004,Childrens & Education Services,Transport Coach Hire,06/02/2025,5105974466,AFJ Ltd,"£5,816.00"
Manchester City Council,1009,Housing General Fund,Building Works,03/02/2025,1908717796,T F Jones Property Services Ltd,"£5,812.37"
Manchester City Council,1007,Corporate Services,Works and associated costs for Land and Buildings,17/02/2025,5105975450,EQUANS Regeneration Limited,"£5,806.64"
Manchester City Council,1004,Childrens & Education Services,Foster Payments,14/02/2025,1908732691,UK Fostering Ltd,"£5,801.65"
Manchester City Council,1000,Manchester Leisure,Legal Fees,11/02/2025,1908726941,Liberay Legal Limited,"£5,800.00"
Manchester City Council,1000,Manchester Leisure,Legal Fees,04/02/2025,1908718476,Veritas Solicitors,"£5,800.00"
Manchester City Council,1004,Childrens & Education Services,Third party payments relating to Voluntary Organisations,12/02/2025,1908729315,Happy Kids Childcare Ltd,"£5,799.40"
Manchester City Council,1004,Childrens & Education Services,Third party payments relating to Voluntary Organisations,12/02/2025,1908728522,Redacted Personal Information,"£5,782.20"
Manchester City Council,1000,Manchester Leisure,Rents,19/02/2025,5105974110,B & A Properties,"£5,776.43"
Manchester City Council,1004,Childrens & Education Services,Third party payments to other Local Authorities,06/02/2025,5105974478,First Steps Together Ltd,"£5,743.66"
Manchester City Council,1004,Childrens & Education Services,Payments for services,17/02/2025,5105975129,Reed Employment Plc,"£5,741.07"
Manchester City Council,1007,Corporate Services,Professional Fees,28/02/2025,5105974134,Arcus Global Limited,"£5,737.50"
Manchester City Council,1004,Childrens & Education Services,Foster Payments,07/02/2025,1908725634,Compass Fostering NW Ltd,"£5,727.87"
Manchester City Council,1004,Childrens & Education Services,Foster Payments,07/02/2025,1908725730,Families@familycare Ltd,"£5,723.84"
Manchester City Council,1004,Childrens & Education Services,Payments for services,24/02/2025,5105976712,Reed Employment Plc,"£5,716.75"
Manchester City Council,1004,Childrens & Education Services,Third party payments relating to Voluntary Organisations,12/02/2025,1908729304,Manchester Uni NHS Foundation Trust,"£5,713.20"
Manchester City Council,1004,Childrens & Education Services,Third party payments relating to Voluntary Organisations,03/02/2025,1908717757,Manchester Uni NHS Foundation Trust,"£5,713.20"
Manchester City Council,1009,Housing General Fund,Building Works,03/02/2025,1908717771,Stannah Lift Services Ltd,"£5,711.00"
Manchester City Council,1004,Childrens & Education Services,Transport Coach Hire,14/02/2025,5105976129,AFJ Ltd,"£5,700.00"
Manchester City Council,1011,Chief Executives,Postage,28/02/2025,5105976103,Whistl North Ltd,"£5,686.40"
Manchester City Council,1004,Childrens & Education Services,Transport Coach Hire,06/02/2025,5105974462,AFJ Ltd,"£5,680.00"
Manchester City Council,1005,Adult Social Care,Supporting People Payments,13/02/2025,5105976053,Child Action Northwest,"£5,674.30"
Manchester City Council,1004,Childrens & Education Services,Third party payments to other Local Authorities,27/02/2025,5105977926,Pinc College NW,"£5,666.66"
Manchester City Council,1007,Corporate Services,Agency staff provision,04/02/2025,1908718471,Reed Employment Plc,"£5,665.49"
Manchester City Council,1007,Corporate Services,Agency staff provision,10/02/2025,1908726320,Reed Employment Plc,"£5,665.49"
Manchester City Council,1004,Childrens & Education Services,Transport Coach Hire,06/02/2025,5105974464,AFJ Ltd,"£5,662.00"
Manchester City Council,1004,Childrens & Education Services,Third party payments relating to Voluntary Organisations,12/02/2025,1908729154,Merry Kidz Childcare Ltd,"£5,656.50"
Manchester City Council,1000,Manchester Leisure,Agency staff provision,24/02/2025,1908740137,Reed Employment Plc,"£5,650.19"
Manchester City Council,1009,Housing General Fund,Building Works,28/02/2025,1908745843,Stannah Lift Services Ltd,"£5,641.00"
Manchester City Council,1013,Highways Services,Professional Fees,11/02/2025,5105975287,Waterman Infrastructure and,"£5,639.25"
Manchester City Council,1002,Hospitality + Trading Services,Goods purchased for resale in Council outlets,24/02/2025,5105977220,Albert Jones Memorials,"£5,627.40"
Manchester City Council,1009,Housing General Fund,Building Works,03/02/2025,1908717802,T F Jones Property Services Ltd,"£5,626.69"
Manchester City Council,1011,Chief Executives,Counsel Costs,11/02/2025,1908727034,18 St John Street Chambers,"£5,625.00"
Manchester City Council,1009,Housing General Fund,Building Works,28/02/2025,1908745847,Hoist & Shower Chair Company,"£5,624.65"
Manchester City Council,1003,Environment and Operations,Construction Works,20/02/2025,5105976514,J.Hopkins (Contractors) Ltd.,"£5,621.58"
Manchester City Council,1011,Chief Executives,Third party payments relating to Voluntary Organisations,17/02/2025,1908734209,Wythenshawe Community Initiative,"£5,612.50"
Manchester City Council,1004,Childrens & Education Services,Payments for services,28/02/2025,5105977556,Reed Employment Plc,"£5,609.91"
Manchester City Council,1004,Childrens & Education Services,Payments for services,10/02/2025,5105973683,Reed Employment Plc,"£5,609.91"
Manchester City Council,1004,Childrens & Education Services,Third party payments relating to Voluntary Organisations,12/02/2025,1908729477,Didsbury Childminding Limited,"£5,605.20"
Manchester City Council,1004,Childrens & Education Services,Transport Coach Hire,14/02/2025,5105976102,AFJ Ltd,"£5,593.00"
Manchester City Council,1007,Corporate Services,Electricity,27/02/2025,1908744613,Haven Power Ltd,"£5,591.01"
Manchester City Council,1011,Chief Executives,Agency staff provision,04/02/2025,1908718471,Reed Employment Plc,"£5,585.86"
Manchester City Council,1004,Childrens & Education Services,Third party payments relating to Voluntary Organisations,12/02/2025,1908728849,Moor Allerton Preparatory School,"£5,572.80"
Manchester City Council,1004,Childrens & Education Services,Third party payments relating to Voluntary Organisations,12/02/2025,1908728830,Littleways Daisy Bank,"£5,572.80"
Manchester City Council,1004,Childrens & Education Services,Third party payments relating to Voluntary Organisations,12/02/2025,1908728749,Brighter Beginnings Wetherby,"£5,572.80"
Manchester City Council,1004,Childrens & Education Services,Third party payments relating to Voluntary Organisations,12/02/2025,1908729037,Brighter Beginnings New Moston,"£5,572.70"
Manchester City Council,1004,Childrens & Education Services,Third party payments relating to Voluntary Organisations,12/02/2025,1908729522,Kids Start Ltd,"£5,565.00"
Manchester City Council,1004,Childrens & Education Services,Third party payments relating to Voluntary Organisations,12/02/2025,1908729294,Summit Education Society Ltd,"£5,562.20"
Manchester City Council,1004,Childrens & Education Services,Transport Coach Hire,14/02/2025,5105976131,AFJ Ltd,"£5,548.00"
Manchester City Council,1000,Manchester Leisure,Third party payments relating to Voluntary Organisations,06/02/2025,5105974259,Waythrough,"£5,545.00"
Manchester City Council,1005,Adult Social Care,Agency staff provision,18/02/2025,1908734558,Reed Employment Plc,"£5,539.52"
Manchester City Council,1004,Childrens & Education Services,Third party payments relating to Voluntary Organisations,12/02/2025,1908729223,Tiddlywinks Day Nursery,"£5,530.80"
Manchester City Council,1004,Childrens & Education Services,Third party payments relating to Voluntary Organisations,12/02/2025,1908729039,Brighter Beginnings Charlestown,"£5,530.80"
Manchester City Council,1004,Childrens & Education Services,Third party payments relating to Voluntary Organisations,12/02/2025,1908728612,New Amigos Day Nursery,"£5,530.80"
Manchester City Council,1004,Childrens & Education Services,Third party payments relating to Voluntary Organisations,12/02/2025,1908729045,Bubbly Bear Day Care Nursery,"£5,530.80"
Manchester City Council,1004,Childrens & Education Services,Third party payments relating to Voluntary Organisations,12/02/2025,1908729028,BearNecessities Childcare Ltd,"£5,530.80"
Manchester City Council,1004,Childrens & Education Services,Third party payments relating to Voluntary Organisations,12/02/2025,1908728659,Trinity House Community Resource Ce,"£5,530.80"
Manchester City Council,1004,Childrens & Education Services,Payments to Academie,12/02/2025,1908728513,Barlow Hall Primary Sch (Academy,"£5,530.80"
Manchester City Council,1012,Regeneration Finance,External repairs and maintenance for buildings,13/02/2025,5105974920,Fairway Landscapes Ltd,"£5,530.00"
Manchester City Council,1004,Childrens & Education Services,Transport Coach Hire,28/02/2025,5105976133,AFJ Ltd,"£5,510.00"
Manchester City Council,1004,Childrens & Education Services,Transport Coach Hire,06/02/2025,5105974442,AFJ Ltd,"£5,510.00"
Manchester City Council,1004,Childrens & Education Services,Foster Payments,07/02/2025,1908725688,The National Fostering Agency Ltd,"£5,508.08"
Manchester City Council,1004,Childrens & Education Services,Third party payments relating to Voluntary Organisations,12/02/2025,1908729532,Little Faces Nursery Ltd,"£5,508.00"
Manchester City Council,1004,Childrens & Education Services,Carer Support Payments ,28/02/2025,1908746062,Positive Care Solutions Ltd,"£5,500.00"
Manchester City Council,1004,Childrens & Education Services,Carer Support Payments ,28/02/2025,1908746061,Positive Care Solutions Ltd,"£5,500.00"
Manchester City Council,1004,Childrens & Education Services,Carer Support Payments ,28/02/2025,1908746060,Positive Care Solutions Ltd,"£5,500.00"
Manchester City Council,1004,Childrens & Education Services,Carer Support Payments ,28/02/2025,1908746063,Positive Care Solutions Ltd,"£5,500.00"
Manchester City Council,1004,Childrens & Education Services,Carer Support Payments ,28/02/2025,1908746069,Positive Care Solutions Ltd,"£5,500.00"
Manchester City Council,1004,Childrens & Education Services,Carer Support Payments ,28/02/2025,1908746068,Positive Care Solutions Ltd,"£5,500.00"
Manchester City Council,1004,Childrens & Education Services,Carer Support Payments ,28/02/2025,1908746071,Positive Care Solutions Ltd,"£5,500.00"
Manchester City Council,1004,Childrens & Education Services,Carer Support Payments ,28/02/2025,1908746067,Positive Care Solutions Ltd,"£5,500.00"
Manchester City Council,1004,Childrens & Education Services,Carer Support Payments ,28/02/2025,1908746066,Positive Care Solutions Ltd,"£5,500.00"
Manchester City Council,1004,Childrens & Education Services,Carer Support Payments ,28/02/2025,1908746065,Positive Care Solutions Ltd,"£5,500.00"
Manchester City Council,1004,Childrens & Education Services,Carer Support Payments ,28/02/2025,1908746064,Positive Care Solutions Ltd,"£5,500.00"
Manchester City Council,1004,Childrens & Education Services,Foster Payments,14/02/2025,1908732715,The Foster Care Charity,"£5,478.17"
Manchester City Council,1000,Manchester Leisure,Electricity,27/02/2025,1908744673,Haven Power Ltd,"£5,474.57"
Manchester City Council,1004,Childrens & Education Services,Third party payments relating to Voluntary Organisations,12/02/2025,1908729538,The Big Life Company,"£5,467.20"
Manchester City Council,1004,Childrens & Education Services,Foster Payments,07/02/2025,1908725743,Olive Branch Fostering,"£5,464.99"
Manchester City Council,1005,Adult Social Care,Equipment,28/02/2025,5105978193,Drive Devilbiss Healthcare Ltd,"£5,463.00"
Manchester City Council,1004,Childrens & Education Services,Payments for services,17/02/2025,5105976209,Fairfield Care Ltd,"£5,450.00"
Manchester City Council,1004,Childrens & Education Services,Third party payments relating to Voluntary Organisations,12/02/2025,1908728583,Kids Planet Wythenshawe,"£5,441.41"
Manchester City Council,1012,Regeneration Finance,Insurance,14/02/2025,1908728116,CBRE Ltd (Glasgow),"£5,431.11"
Manchester City Council,1004,Childrens & Education Services,Home Care ,17/02/2025,5105976359,Staff Resources Ltd,"£5,426.50"
Manchester City Council,1004,Childrens & Education Services,Third party payments relating to Voluntary Organisations,12/02/2025,1908729374,New Amigos Day Nursery,"£5,422.25"
Manchester City Council,1000,Manchester Leisure,Rents,27/02/2025,5105977840,Ashley Property services,"£5,417.50"
Manchester City Council,1000,Manchester Leisure,Reuse credits,17/02/2025,5105974728,Biffa Municipal Limited,"£5,416.66"
Manchester City Council,1004,Childrens & Education Services,Professional fees,11/02/2025,5105975322,Lancashire Alternate Provision,"£5,405.00"
Manchester City Council,1004,Childrens & Education Services,Home Care ,18/02/2025,5105976546,Mentoring with Esteem Ltd,"£5,400.00"
Manchester City Council,1007,Corporate Services,Professional Fees,28/02/2025,5105975721,Trustmarque Solutions Ltd,"£5,400.00"
Manchester City Council,1004,Childrens & Education Services,Home Care ,18/02/2025,5105976545,Mentoring with Esteem Ltd,"£5,400.00"
Manchester City Council,1011,Chief Executives,Works and associated costs for Land and Buildings,17/02/2025,5105976390,Pierre Angulaire Limited,"£5,400.00"
Manchester City Council,1004,Childrens & Education Services,Home Care ,18/02/2025,5105976548,Mentoring with Esteem Ltd,"£5,400.00"
Manchester City Council,1002,Hospitality + Trading Services,Building Materials for direct delivery,13/02/2025,1908730573,NORTHERNARB TREE SERVIC,"£5,400.00"
Manchester City Council,1000,Manchester Leisure,Professional fees,05/02/2025,5105973923,Inforhousing,"£5,400.00"
Manchester City Council,1004,Childrens & Education Services,Foster Payments,21/02/2025,1908738967,Foster Care Associates Limited,"£5,398.65"
Manchester City Council,1005,Adult Social Care,Agency staff provision,24/02/2025,1908740137,Reed Employment Plc,"£5,396.88"
Manchester City Council,1012,Regeneration Finance,Furniture,12/02/2025,5105975614,Oasis UK formerly Box-It (NW),"£5,393.88"
Manchester City Council,1004,Childrens & Education Services,Foster Payments,21/02/2025,1908738993,The Fostering Team,"£5,380.71"
Manchester City Council,1004,Childrens & Education Services,Foster Payments,21/02/2025,1908738990,The Fostering Team,"£5,380.71"
Manchester City Council,1004,Childrens & Education Services,Agency staff provision,10/02/2025,1908726320,Reed Employment Plc,"£5,370.60"
Manchester City Council,1000,Manchester Leisure,Grant and subscriptions awarded,06/02/2025,5105974393,Visit From the Stork,"£5,370.05"
Manchester City Council,1005,Adult Social Care,Third party payments relating to Voluntary Organisations,04/02/2025,5105973589,Wythenshawe Community Housing Group,"£5,361.82"
Manchester City Council,1005,Adult Social Care,Third party payments relating to Voluntary Organisations,04/02/2025,5105973588,Wythenshawe Community Housing Group,"£5,361.82"
Manchester City Council,1005,Adult Social Care,Third party payments relating to Voluntary Organisations,05/02/2025,5105973962,Wythenshawe Community Housing Group,"£5,361.82"
Manchester City Council,1005,Adult Social Care,Third party payments relating to Voluntary Organisations,04/02/2025,5105973591,Wythenshawe Community Housing Group,"£5,361.82"
Manchester City Council,1004,Childrens & Education Services,Third party payments relating to Voluntary Organisations,12/02/2025,1908729309,Georgie Porgie's Network Nursey Ltd,"£5,356.80"
Manchester City Council,1004,Childrens & Education Services,Third party payments relating to Voluntary Organisations,12/02/2025,1908729350,Littleways Day Nursery,"£5,355.00"
Manchester City Council,1000,Manchester Leisure,Legal Fees,04/02/2025,1908718474,Bond Turner Solicitors,"£5,350.00"
Manchester City Council,1004,Childrens & Education Services,Third party payments to other Local Authorities,10/02/2025,5105975041,Hollingworth Primary School,"£5,350.00"
Manchester City Council,1007,Corporate Services,Electricity,27/02/2025,1908744619,Haven Power Ltd,"£5,347.43"
Manchester City Council,1004,Childrens & Education Services,Foster Payments,21/02/2025,1908738976,Foster Care Associates Limited,"£5,347.19"
Manchester City Council,1004,Childrens & Education Services,Rents,25/02/2025,1908722564,Unitex Trading Limited,"£5,346.90"
Manchester City Council,1009,Housing General Fund,Building Works,17/02/2025,1908733596,T F Jones Property Services Ltd,"£5,343.32"
Manchester City Council,1004,Childrens & Education Services,Furniture,20/02/2025,1908738831,SOFOLOGY LIMITED,"£5,326.00"
Manchester City Council,1009,Housing General Fund,Works and associated costs for Land and Buildings,28/02/2025,5105974159,OFR Consultants Limited,"£5,312.00"
Manchester City Council,1007,Corporate Services,Vehicle Costs,28/02/2025,5105977972,Cyclescheme Ltd,"£5,310.50"
Manchester City Council,1007,Corporate Services,Electricity,27/02/2025,1908744632,Haven Power Ltd,"£5,307.74"
Manchester City Council,1004,Childrens & Education Services,Foster Payments,14/02/2025,1908732702,Swiis Foster Care Ltd,"£5,305.03"
Manchester City Council,1004,Childrens & Education Services,Transport Coach Hire,12/02/2025,5105974469,AFJ Ltd,"£5,301.00"
Manchester City Council,1004,Childrens & Education Services,Third party payments to other Local Authorities,28/02/2025,5105978063,Redacted Personal Information,"£5,298.90"
Manchester City Council,1000,Manchester Leisure,Payments to Sub-Contractors,26/02/2025,5105977623,Redacted Personal Information,"£5,290.00"
Manchester City Council,1000,Manchester Leisure,Works and associated costs for Land and Buildings,19/02/2025,5105975642,City Build Manchester Ltd,"£5,286.19"
Manchester City Council,1004,Childrens & Education Services,Foster Payments,14/02/2025,1908732709,The Foster Care Charity,"£5,280.91"
Manchester City Council,1004,Childrens & Education Services,Professional fees,12/02/2025,5105975736,Aspire Family Assessment Services,"£5,273.44"
Manchester City Council,1007,Corporate Services,Works and associated costs for Land and Buildings,11/02/2025,5105975228,Ove Arup & Partners Ltd,"£5,269.50"
Manchester City Council,1004,Childrens & Education Services,Third party payments relating to Voluntary Organisations,12/02/2025,1908729589,Tiddlywinks Day Nursery Ltd Ancoats,"£5,265.00"
Manchester City Council,1004,Childrens & Education Services,Foster Payments,07/02/2025,1908725778,Embrace Therapeutic Fostering,"£5,258.31"
Manchester City Council,1007,Corporate Services,Training and Development,27/02/2025,5105977543,Meritec Limited,"£5,250.00"
Manchester City Council,1004,Childrens & Education Services,Professional fees,24/02/2025,5105977357,H Jenkinson & Co Ltd.,"£5,249.42"
Manchester City Council,1004,Childrens & Education Services,Third party payments to other Local Authorities,25/02/2025,5105977414,Rochdale Mbc,"£5,249.41"
Manchester City Council,1004,Childrens & Education Services,Foster Payments,28/02/2025,1908746081,Organic Fostering Ltd,"£5,240.00"
Manchester City Council,1004,Childrens & Education Services,Foster Payments,28/02/2025,1908746080,Organic Fostering Ltd,"£5,240.00"
Manchester City Council,1000,Manchester Leisure,Agency staff provision,04/02/2025,1908718471,Reed Employment Plc,"£5,239.39"
Manchester City Council,1004,Childrens & Education Services,"Consumable items eg Toilet rolls, soap etc",03/02/2025,1908717144,C2E908500585Q UKVI,"£5,239.00"
Manchester City Council,1004,Childrens & Education Services,Transport Coach Hire,14/02/2025,5105976121,AFJ Ltd,"£5,220.00"
Manchester City Council,1004,Childrens & Education Services,Professional fees,06/02/2025,1908723630,Youth Support,"£5,220.00"
Manchester City Council,1004,Childrens & Education Services,Transport Coach Hire,14/02/2025,5105976109,AFJ Ltd,"£5,220.00"
Manchester City Council,1004,Childrens & Education Services,Third party payments relating to Voluntary Organisations,12/02/2025,1908729226,Tiny Steps Nursery Gorton Ltd,"£5,216.55"
Manchester City Council,1004,Childrens & Education Services,Third party payments relating to Voluntary Organisations,12/02/2025,1908729432,Winstanley Day Nursery,"£5,214.30"
Manchester City Council,1009,Housing General Fund,Building Works,28/02/2025,1908745842,Stannah Lift Services Ltd,"£5,214.00"
Manchester City Council,1004,Childrens & Education Services,Third party payments to other Local Authorities,25/02/2025,5105977449,Kings Road Primary School,"£5,210.00"
Manchester City Council,1000,Manchester Leisure,Electricity,27/02/2025,1908744589,Haven Power Ltd,"£5,205.62"
Manchester City Council,1005,Adult Social Care,Agency staff provision,04/02/2025,1908718471,Reed Employment Plc,"£5,202.43"
Manchester City Council,1000,Manchester Leisure,Legal Fees,04/02/2025,1908718475,Legal HD Ltd Client Account,"£5,200.00"
Manchester City Council,1007,Corporate Services,Elec Car Lease,10/02/2025,1908725909,Northumbria Healthcare NHS FT,"£5,188.10"
Manchester City Council,1004,Childrens & Education Services,Foster Payments,14/02/2025,1908732737,Olive Branch Fostering,"£5,179.79"
Manchester City Council,1004,Childrens & Education Services,Third party payments relating to Voluntary Organisations,12/02/2025,1908729379,Community Minded Ltd,"£5,177.50"
Manchester City Council,1007,Corporate Services,I T Provision,28/02/2025,5105975016,Insight Direct (Uk) Ltd,"£5,143.00"
Manchester City Council,1000,Manchester Leisure,"Consumable items eg Toilet rolls, soap etc",13/02/2025,1908730459,CREATE DEVELOPMENTS MANC,"£5,132.80"
Manchester City Council,1004,Childrens & Education Services,Transport Coach Hire,06/02/2025,5105974450,AFJ Ltd,"£5,130.00"
Manchester City Council,1004,Childrens & Education Services,Transport Coach Hire,06/02/2025,5105974461,AFJ Ltd,"£5,130.00"
Manchester City Council,1004,Childrens & Education Services,Transport Coach Hire,06/02/2025,5105974449,AFJ Ltd,"£5,130.00"
Manchester City Council,1005,Adult Social Care,External repairs and maintenance for buildings,19/02/2025,5105976453,Sheridan Lifts Ltd,"£5,123.25"
Manchester City Council,1007,Corporate Services,Refuse Collection,10/02/2025,5105974302,Restore Datashred Limited,"£5,117.11"
Manchester City Council,1000,Manchester Leisure,Gas,27/02/2025,1908744198,SEFE ENERGY Ltd,"£5,105.06"
Manchester City Council,1000,Manchester Leisure,Car Parking Permits,20/02/2025,5105976863,Park NOW Limited,"£5,104.94"
Manchester City Council,1007,Corporate Services,Gas,27/02/2025,1908744109,SEFE ENERGY Ltd,"£5,093.92"
Manchester City Council,1004,Childrens & Education Services,Transport Coach Hire,06/02/2025,5105974446,AFJ Ltd,"£5,080.00"
Manchester City Council,1004,Childrens & Education Services,Transport Coach Hire,14/02/2025,5105976128,AFJ Ltd,"£5,080.00"
Manchester City Council,1004,Childrens & Education Services,Transport Coach Hire,06/02/2025,5105974447,AFJ Ltd,"£5,080.00"
Manchester City Council,1004,Childrens & Education Services,Foster Payments,21/02/2025,1908738915,UK Fostering Ltd,"£5,070.67"
Manchester City Council,1004,Childrens & Education Services,Foster Payments,14/02/2025,1908732689,UK Fostering Ltd,"£5,070.67"
Manchester City Council,1004,Childrens & Education Services,Foster Payments,21/02/2025,1908738920,UK Fostering Ltd,"£5,070.67"
Manchester City Council,1000,Manchester Leisure,Furniture,28/02/2025,5105978143,Rtech Group Limited,"£5,058.33"
Manchester City Council,1012,Regeneration Finance,Agency staff provision,28/02/2025,5105977898,Turner & Townsend Project,"£5,055.00"
Manchester City Council,1004,Childrens & Education Services,Third party payments to other Local Authorities,12/02/2025,5105975635,Hyde High School,"£5,052.00"
Manchester City Council,1005,Adult Social Care,Agency staff provision,10/02/2025,1908726320,Reed Employment Plc,"£5,047.23"
Manchester City Council,1004,Childrens & Education Services,Foster Payments,21/02/2025,1908738971,Foster Care Associates Limited,"£5,045.56"
Manchester City Council,1000,Manchester Leisure,Agency staff provision,10/02/2025,1908726320,Reed Employment Plc,"£5,043.11"
Manchester City Council,1004,Childrens & Education Services,Third party payments relating to Voluntary Organisations,12/02/2025,1908729382,Paintpots (Manchester) Ltd.,"£5,042.40"
Manchester City Council,1004,Childrens & Education Services,Payments for services,21/02/2025,5105977180,Redacted Personal Information,"£5,040.00"
Manchester City Council,1004,Childrens & Education Services,Third party payments relating to Voluntary Organisations,12/02/2025,1908728530,Bristowe Street Playgroup,"£5,028.00"
Manchester City Council,1004,Childrens & Education Services,Third party payments relating to Voluntary Organisations,12/02/2025,1908729145,Manchester Settlement,"£5,028.00"
Manchester City Council,1004,Childrens & Education Services,Third party payments relating to Voluntary Organisations,12/02/2025,1908728617,Redacted Personal Information,"£5,028.00"
Manchester City Council,1004,Childrens & Education Services,Third party payments relating to Voluntary Organisations,12/02/2025,1908729139,Littleways Daisy Bank,"£5,028.00"
Manchester City Council,1004,Childrens & Education Services,Pay School Budget,12/02/2025,1908728626,Ringway Primary School,"£5,028.00"
Manchester City Council,1004,Childrens & Education Services,Third party payments relating to Voluntary Organisations,12/02/2025,1908728526,Brighter Beginnings Burnage,"£5,028.00"
Manchester City Council,1004,Childrens & Education Services,Third party payments relating to Voluntary Organisations,12/02/2025,1908728517,Manchester Creche,"£5,028.00"
Manchester City Council,1004,Childrens & Education Services,Pay School Budget,12/02/2025,1908728512,Armitage CE Primary School,"£5,023.81"
Manchester City Council,1004,Childrens & Education Services,Foster Payments,07/02/2025,1908725621,Three Circles Fostering Ltd,"£5,018.36"
Manchester City Council,1004,Childrens & Education Services,Foster Payments,14/02/2025,1908732690,Three Circles Fostering Ltd,"£5,018.36"
Manchester City Council,1004,Childrens & Education Services,Professional fees,07/02/2025,5105974776,Lancashire Alternate Provision,"£5,018.00"
Manchester City Council,1004,Childrens & Education Services,Foster Payments,14/02/2025,1908732738,Olive Branch Fostering,"£5,012.70"
Manchester City Council,1004,Childrens & Education Services,Foster Payments,07/02/2025,1908725599,By the Bridge North West,"£5,010.62"
Manchester City Council,1010,Housing Revenue Account,Council Dwelling Adaptations,05/02/2025,5105974379,Stannah Lift Services Ltd,"£5,008.00"
Manchester City Council,1004,Childrens & Education Services,Foster Payments,07/02/2025,1908725660,Fostering Solutions,"£5,006.50"
Manchester City Council,1005,Adult Social Care,Third party payments relating to Voluntary Organisations,28/02/2025,5105977827,Race Equality Foundation,"£5,000.00"
Manchester City Council,1005,Adult Social Care,Payments for services,19/02/2025,5105976697,Kaleidoscope Project,"£5,000.00"
Manchester City Council,1000,Manchester Leisure,Professional fees,19/02/2025,5105976654,GAYDIO Community Interest Company,"£5,000.00"
Manchester City Council,1000,Manchester Leisure,Grant and subscriptions awarded,28/02/2025,5105977380,HOME,"£5,000.00"
Manchester City Council,1006,Childrens Services,Works and associated costs for Land and Buildings,24/02/2025,5105977134,Big Stars Play Club,"£5,000.00"
Manchester City Council,1000,Manchester Leisure,Professional fees,28/02/2025,5105975224,Something To Aim For,"£5,000.00"
Manchester City Council,1000,Manchester Leisure,Third party payments relating to Voluntary Organisations,11/02/2025,5105975326,The Depaul Trust,"£5,000.00"
Manchester City Council,1012,Regeneration Finance,Professional fees,28/02/2025,5105975150,Embassy,"£5,000.00"
Manchester City Council,1000,Manchester Leisure,Works and associated costs for Land and Buildings,28/02/2025,5105975154,WSP UK Limited,"£5,000.00"
Manchester City Council,1012,Regeneration Finance,Grant and subscriptions awarded,26/02/2025,5105977712,Flourish Together CIC,"£5,000.00"
Manchester City Council,1005,Adult Social Care,"Consumable items eg Toilet rolls, soap etc",03/02/2025,1908717016,ISCC2G8L98688G UKVI,"£5,000.00"
Manchester City Council,1000,Manchester Leisure,External repairs and maintenance for buildings,28/02/2025,5105977672,Sants Fabrications Ltd,"£5,000.00"
Manchester City Council,1011,Chief Executives,Professional Fees,28/02/2025,5105976748,Babel Films Ltd,"£5,000.00"
Manchester City Council,1003,Environment and Operations,Building Works,12/02/2025,5105975366,Boxyard Ltd,"£5,000.00"
Manchester City Council,1000,Manchester Leisure,Grant and subscriptions awarded,04/02/2025,5105973820,The Mustard Tree,"£5,000.00"
Manchester City Council,1000,Manchester Leisure,Library Materials Acquisition,11/02/2025,1908727054,Kompass (UK) Ltd,"£4,995.00"
Manchester City Council,1011,Chief Executives,Construction Works,28/02/2025,5105978005,Fairway Landscapes Ltd,"£4,990.00"
Manchester City Council,1003,Environment and Operations,Construction Works,28/02/2025,5105975955,Wilde Consultants Ltd,"£4,986.27"
Manchester City Council,1004,Childrens & Education Services,Foster Payments,07/02/2025,1908725661,Fostering Solutions,"£4,976.74"
Manchester City Council,1004,Childrens & Education Services,Foster Payments,07/02/2025,1908725598,By the Bridge North West,"£4,969.10"
Manchester City Council,1011,Chief Executives,Printing,24/02/2025,5105977172,Impression (Bolton) Ltd,"£4,955.00"
Manchester City Council,1004,Childrens & Education Services,Third party payments to other Local Authorities,28/02/2025,5105978047,ED FOR ALL LTD,"£4,950.00"
Manchester City Council,1004,Childrens & Education Services,Third party payments to other Local Authorities,17/02/2025,5105976393,Lancashire County Council,"£4,945.50"
Manchester City Council,1005,Adult Social Care,Payments for services,10/02/2025,5105974470,Kaleidoscope Project,"£4,942.00"
Manchester City Council,1000,Manchester Leisure,Payments to Sub-Contractors,14/02/2025,5105976416,Community Security (North West),"£4,938.78"
Manchester City Council,1004,Childrens & Education Services,Payments for services,19/02/2025,5105976753,HM Prison and Probation Service,"£4,935.00"
Manchester City Council,1007,Corporate Services,Professional Fees,05/02/2025,5105974100,Pick Everard,"£4,930.55"
Manchester City Council,1004,Childrens & Education Services,Transport Coach Hire,14/02/2025,5105976108,AFJ Ltd,"£4,930.00"
Manchester City Council,1000,Manchester Leisure,Contract Cleaning External,05/02/2025,5105973979,Clean Event Services,"£4,926.00"
Manchester City Council,1004,Childrens & Education Services,Third party payments relating to Voluntary Organisations,12/02/2025,1908729364,Mini Miners Nursery,"£4,919.70"
Manchester City Council,1000,Manchester Leisure,Payments to Sub-Contractors,28/02/2025,5105977950,RC Solutions CCTV & Pitch Care Ltd,"£4,917.68"
Manchester City Council,1000,Manchester Leisure,Payments to Sub-Contractors,05/02/2025,5105973799,RC Solutions CCTV & Pitch Care Ltd,"£4,917.68"
Manchester City Council,1013,Highways Services,Payments to Sub-Contractors,28/02/2025,5105977140,Northern Marking Limited,"£4,916.03"
Manchester City Council,1012,Regeneration Finance,Home Care ,18/02/2025,1908734385,Wisemaster Builders Childcare Ltd,"£4,912.50"
Manchester City Council,1005,Adult Social Care,Grant Payments,28/02/2025,5105975407,Bolton Mbc,"£4,900.00"
Manchester City Council,1004,Childrens & Education Services,Agency staff provision,10/02/2025,1908726320,Reed Employment Plc,"£4,891.96"
Manchester City Council,1004,Childrens & Education Services,Foster Payments,07/02/2025,1908725601,By the Bridge North West,"£4,878.76"
Manchester City Council,1005,Adult Social Care,Agency staff provision,04/02/2025,1908718471,Reed Employment Plc,"£4,878.42"
Manchester City Council,1004,Childrens & Education Services,Third party payments relating to Voluntary Organisations,12/02/2025,1908728821,Redacted Personal Information,"£4,876.20"
Manchester City Council,1004,Childrens & Education Services,Third party payments relating to Voluntary Organisations,12/02/2025,1908728848,Redacted Personal Information,"£4,876.20"
Manchester City Council,1004,Childrens & Education Services,Third party payments relating to Voluntary Organisations,12/02/2025,1908728744,Brighter Beginnings Rusholme,"£4,876.20"
Manchester City Council,1004,Childrens & Education Services,Third party payments relating to Voluntary Organisations,12/02/2025,1908728892,Tarbiyah Nurseries Ltd,"£4,876.20"
Manchester City Council,1004,Childrens & Education Services,Third party payments relating to Voluntary Organisations,12/02/2025,1908728797,Happy Days Nursery,"£4,876.20"
Manchester City Council,1005,Adult Social Care,Agency staff provision,24/02/2025,1908740137,Reed Employment Plc,"£4,862.83"
Manchester City Council,1012,Regeneration Finance,Professional Fees,12/02/2025,5105975726,Bennetts Associates Architects,"£4,860.00"
Manchester City Council,1004,Childrens & Education Services,Payments for services,28/02/2025,5105978028,Reed Employment Plc,"£4,837.77"
Manchester City Council,1000,Manchester Leisure,Furniture,05/02/2025,5105974127,Rtech Group Limited,"£4,833.34"
Manchester City Council,1004,Childrens & Education Services,Agency staff provision,04/02/2025,1908718471,Reed Employment Plc,"£4,831.52"
Manchester City Council,1009,Housing General Fund,Building Works,17/02/2025,1908734198,Stannah Lift Services Ltd,"£4,831.00"
Manchester City Council,1004,Childrens & Education Services,Foster Payments,21/02/2025,1908738927,Therapeutic Fostering Ltd,"£4,830.42"
Manchester City Council,1004,Childrens & Education Services,Foster Payments,21/02/2025,1908738928,Therapeutic Fostering Ltd,"£4,830.42"
Manchester City Council,1004,Childrens & Education Services,Foster Payments,21/02/2025,1908738926,Therapeutic Fostering Ltd,"£4,830.42"
Manchester City Council,1004,Childrens & Education Services,Third party payments relating to Voluntary Organisations,12/02/2025,1908728774,Ducklings Didsbury,"£4,829.76"
Manchester City Council,1004,Childrens & Education Services,Residential Care Homes Payments,07/02/2025,1908725785,Family Care Associates Ltd,"£4,829.75"
Manchester City Council,1004,Childrens & Education Services,Transport Coach Hire,06/02/2025,5105974448,AFJ Ltd,"£4,826.00"
Manchester City Council,1004,Childrens & Education Services,Foster Payments,07/02/2025,1908725746,Olive Branch Fostering,"£4,816.26"
Manchester City Council,1007,Corporate Services,Electricity,27/02/2025,1908744610,Haven Power Ltd,"£4,815.04"
Manchester City Council,1000,Manchester Leisure,Professional fees,06/02/2025,5105974144,Freshrb CIC,"£4,800.00"
Manchester City Council,1004,Childrens & Education Services,Transport Coach Hire,13/02/2025,5105975964,Redacted Personal Information,"£4,800.00"
Manchester City Council,1004,Childrens & Education Services,Agency staff provision,18/02/2025,1908734558,Reed Employment Plc,"£4,792.78"
Manchester City Council,1004,Childrens & Education Services,Foster Payments,07/02/2025,1908725586,Fostering Ltd,"£4,782.99"
Manchester City Council,1006,Childrens Services,Works and associated costs for Land and Buildings,10/02/2025,5105974932,School of Play Mcr Ltd,"£4,782.00"
Manchester City Council,1005,Adult Social Care,Agency staff provision,10/02/2025,1908726320,Reed Employment Plc,"£4,779.06"
Manchester City Council,1004,Childrens & Education Services,Foster Payments,07/02/2025,1908725662,Fostering Solutions,"£4,727.90"
Manchester City Council,1000,Manchester Leisure,Security,19/02/2025,5105976554,UNIQUE SPECIALIST SERVICES,"£4,704.00"
Manchester City Council,1000,Manchester Leisure,Security,19/02/2025,5105976555,UNIQUE SPECIALIST SERVICES,"£4,704.00"
Manchester City Council,1000,Manchester Leisure,Security,19/02/2025,5105976556,UNIQUE SPECIALIST SERVICES,"£4,704.00"
Manchester City Council,1000,Manchester Leisure,Security,19/02/2025,5105976553,UNIQUE SPECIALIST SERVICES,"£4,704.00"
Manchester City Council,1010,Housing Revenue Account,Council Dwelling Fees,06/02/2025,5105974028,Rexel UK Ltd,"£4,690.20"
Manchester City Council,1012,Regeneration Finance,Home Care ,18/02/2025,1908734360,Brighter Beginnings Rusholme,"£4,689.75"
Manchester City Council,1011,Chief Executives,Works and associated costs for Land and Buildings,14/02/2025,5105976232,HAGS-SMP Limited,"£4,675.00"
Manchester City Council,1004,Childrens & Education Services,Foster Payments,21/02/2025,1908738970,Foster Care Associates Limited,"£4,667.14"
Manchester City Council,1005,Adult Social Care,Grant and subscriptions awarded,11/02/2025,5105973862,LGBT Foundation,"£4,666.00"
Manchester City Council,1004,Childrens & Education Services,Foster Payments,14/02/2025,1908732714,The Foster Care Charity,"£4,665.50"
Manchester City Council,1004,Childrens & Education Services,Third party payments relating to Voluntary Organisations,12/02/2025,1908728568,Happy Tots Nursery,"£4,650.90"
Manchester City Council,1004,Childrens & Education Services,Third party payments to other Local Authorities,19/02/2025,5105976833,Meadows Care Ltd,"£4,650.00"
Manchester City Council,1004,Childrens & Education Services,Third party payments to other Local Authorities,19/02/2025,5105976807,Meadows Care Ltd,"£4,650.00"
Manchester City Council,1000,Manchester Leisure,Library Materials Acquisition,11/02/2025,1908727043,Bibliographic Data Services Ltd,"£4,644.00"
Manchester City Council,1007,Corporate Services,Electricity,27/02/2025,1908744618,Haven Power Ltd,"£4,636.29"
Manchester City Council,1013,Highways Services,Professional fees,11/02/2025,5105974232,Mace Ltd,"£4,635.00"
Manchester City Council,1004,Childrens & Education Services,Foster Payments,07/02/2025,1908725742,Olive Branch Fostering,"£4,634.81"
Manchester City Council,1004,Childrens & Education Services,Foster Payments,07/02/2025,1908725741,Olive Branch Fostering,"£4,634.81"
Manchester City Council,1004,Childrens & Education Services,Foster Payments,07/02/2025,1908725745,Olive Branch Fostering,"£4,634.81"
Manchester City Council,1004,Childrens & Education Services,Professional fees,11/02/2025,5105975325,Lancashire Alternate Provision,"£4,632.00"
Manchester City Council,1010,Housing Revenue Account,Council Dwelling Adaptations,25/02/2025,5105977386,Rexel UK Ltd,"£4,628.43"
Manchester City Council,1004,Childrens & Education Services,Foster Payments,07/02/2025,1908725620,Three Circles Fostering Ltd,"£4,625.20"
Manchester City Council,1004,Childrens & Education Services,Foster Payments,14/02/2025,1908732683,Three Circles Fostering Ltd,"£4,625.20"
Manchester City Council,1000,Manchester Leisure,Electricity,28/02/2025,5105976943,Switch2 Energey Limited,"£4,618.12"
Manchester City Council,1000,Manchester Leisure,Electricity,20/02/2025,5105975135,Switch2 Energey Limited,"£4,618.12"
Manchester City Council,1004,Childrens & Education Services,Third party payments relating to Voluntary Organisations,12/02/2025,1908729482,Bertram Nursery Group,"£4,616.52"
Manchester City Council,1003,Environment and Operations,Construction Works,24/02/2025,5105975952,Wilde Consultants Ltd,"£4,608.00"
Manchester City Council,1004,Childrens & Education Services,Payments for services,20/02/2025,5105976996,HM Prison and Probation Service,"£4,606.00"
Manchester City Council,1004,Childrens & Education Services,Foster Payments,21/02/2025,1908738930,Therapeutic Fostering Ltd,"£4,605.05"
Manchester City Council,1004,Childrens & Education Services,Foster Payments,21/02/2025,1908738929,Therapeutic Fostering Ltd,"£4,605.05"
Manchester City Council,1000,Manchester Leisure,Third party payments relating to Voluntary Organisations,28/02/2025,5105978096,SSG Sustainable Living,"£4,597.50"
Manchester City Council,1005,Adult Social Care,Agency staff provision,24/02/2025,1908740137,Reed Employment Plc,"£4,594.73"
Manchester City Council,1007,Corporate Services,Works and associated costs for Land and Buildings,11/02/2025,5105975352,Ramboll UK Limited,"£4,594.50"
Manchester City Council,1013,Highways Services,Professional fees,12/02/2025,5105975092,Waterman Infrastructure and,"£4,590.00"
Manchester City Council,1004,Childrens & Education Services,Third party payments relating to Voluntary Organisations,12/02/2025,1908728605,Manchester Early Learning Centre,"£4,588.05"
Manchester City Council,1004,Childrens & Education Services,Foster Payments,07/02/2025,1908725593,Excel Fostering Limited,"£4,585.83"
Manchester City Council,1004,Childrens & Education Services,Foster Payments,07/02/2025,1908725592,Excel Fostering Limited,"£4,585.83"
Manchester City Council,1004,Childrens & Education Services,Foster Payments,21/02/2025,1908738975,Foster Care Associates Limited,"£4,579.94"
Manchester City Council,1012,Regeneration Finance,I T Provision,03/02/2025,5105973614,CoStar UK Ltd,"£4,574.57"
Manchester City Council,1011,Chief Executives,Printing,04/02/2025,5105973621,The Purple Company (UK) Ltd,"£4,572.00"
Manchester City Council,1004,Childrens & Education Services,Third party payments relating to Voluntary Organisations,12/02/2025,1908729043,Brighter Beginnings Wetherby,"£4,567.10"
Manchester City Council,1013,Highways Services,Purchase of stores for re-distribution,26/02/2025,1908742774,Marshalls Mono Ltd,"£4,560.00"
Manchester City Council,1004,Childrens & Education Services,Transport Coach Hire,13/02/2025,5105975965,Redacted Personal Information,"£4,560.00"
Manchester City Council,1007,Corporate Services,Water - Metered,27/02/2025,1908744545,Anglian Water Business (National),"£4,558.52"
Manchester City Council,1004,Childrens & Education Services,Third party payments to other Local Authorities,07/02/2025,5105974628,Abbey Hill Academy,"£4,558.00"
Manchester City Council,1004,Childrens & Education Services,Agency staff provision,24/02/2025,1908740137,Reed Employment Plc,"£4,554.83"
Manchester City Council,1004,Childrens & Education Services,Foster Payments,21/02/2025,1908738916,UK Fostering Ltd,"£4,553.76"
Manchester City Council,1004,Childrens & Education Services,Foster Payments,14/02/2025,1908732699,Swiis Foster Care Ltd,"£4,551.73"
Manchester City Council,1004,Childrens & Education Services,Foster Payments,14/02/2025,1908732704,Swiis Foster Care Ltd,"£4,551.73"
Manchester City Council,1005,Adult Social Care,Funeral and coroner related services,26/02/2025,5105977592,Greater Manchester Funeral Service,"£4,538.00"
Manchester City Council,1004,Childrens & Education Services,Third party payments relating to Voluntary Organisations,12/02/2025,1908729593,Tiny Steps Nursery,"£4,536.00"
Manchester City Council,1004,Childrens & Education Services,Third party payments relating to Voluntary Organisations,12/02/2025,1908729047,Building Blocks Nursery (Blackley),"£4,525.20"
Manchester City Council,1004,Childrens & Education Services,Third party payments relating to Voluntary Organisations,12/02/2025,1908729141,The Big Life Company,"£4,525.20"
Manchester City Council,1004,Childrens & Education Services,Third party payments relating to Voluntary Organisations,12/02/2025,1908728523,Brighter Beginnings New Moston,"£4,525.20"
Manchester City Council,1004,Childrens & Education Services,Third party payments relating to Voluntary Organisations,12/02/2025,1908729236,WMB Born2reign Day Nursery,"£4,525.20"
Manchester City Council,1004,Childrens & Education Services,Third party payments relating to Voluntary Organisations,12/02/2025,1908729180,Precious Kids Day Nursery,"£4,525.20"
Manchester City Council,1004,Childrens & Education Services,Third party payments relating to Voluntary Organisations,12/02/2025,1908728604,Merry Kidz Childcare Limited,"£4,525.20"
Manchester City Council,1004,Childrens & Education Services,Third party payments relating to Voluntary Organisations,12/02/2025,1908729096,Georgie Porgies Wythenshawe,"£4,525.20"
Manchester City Council,1004,Childrens & Education Services,Third party payments relating to Voluntary Organisations,12/02/2025,1908729175,Paintpots (Manchester) Ltd.,"£4,525.20"
Manchester City Council,1004,Childrens & Education Services,Third party payments relating to Voluntary Organisations,12/02/2025,1908728653,Tiddlywinks Day Nursery,"£4,525.20"
Manchester City Council,1004,Childrens & Education Services,Third party payments relating to Voluntary Organisations,12/02/2025,1908728657,Tiny Turtles Daycare Ltd,"£4,525.20"
Manchester City Council,1004,Childrens & Education Services,Third party payments relating to Voluntary Organisations,12/02/2025,1908728541,Crumpsall Playgroup,"£4,525.20"
Manchester City Council,1004,Childrens & Education Services,Third party payments relating to Voluntary Organisations,12/02/2025,1908728565,Georgie Porgies Wythenshawe,"£4,525.20"
Manchester City Council,1004,Childrens & Education Services,Third party payments relating to Voluntary Organisations,12/02/2025,1908729166,Clever Bees Nursery Ltd,"£4,525.20"
Manchester City Council,1000,Manchester Leisure,Electricity,27/02/2025,1908744587,Haven Power Ltd,"£4,524.98"
Manchester City Council,1005,Adult Social Care,Agency staff provision,04/02/2025,1908718471,Reed Employment Plc,"£4,522.98"
Manchester City Council,1004,Childrens & Education Services,Foster Payments,07/02/2025,1908725557,Fostering People Ltd,"£4,519.49"
Manchester City Council,1004,Childrens & Education Services,Foster Payments,07/02/2025,1908725556,Fostering People Ltd,"£4,519.49"
Manchester City Council,1007,Corporate Services,Works and associated costs for Land and Buildings,19/02/2025,5105975463,Kaberry Construction Ltd,"£4,500.00"
Manchester City Council,1005,Adult Social Care,Grant and subscriptions awarded,24/02/2025,5105977298,Age Concern Manchester,"£4,500.00"
Manchester City Council,1013,Highways Services,Payments to Sub-Contractors,27/02/2025,5105977875,Clearway Drainage Systems Ltd,"£4,500.00"
Manchester City Council,1004,Childrens & Education Services,Foster Payments,07/02/2025,1908725645,Compass Fostering NW Ltd,"£4,485.39"
Manchester City Council,1004,Childrens & Education Services,Foster Payments,07/02/2025,1908725643,Compass Fostering NW Ltd,"£4,485.39"
Manchester City Council,1010,Housing Revenue Account,Council Dwelling Adaptations,06/02/2025,5105974009,Rexel UK Ltd,"£4,468.15"
Manchester City Council,1010,Housing Revenue Account,Council Dwelling Adaptations,06/02/2025,5105974381,Hoist & Shower Chair Company,"£4,463.65"
Manchester City Council,1004,Childrens & Education Services,Third party payments relating to Voluntary Organisations,12/02/2025,1908728508,Acorn Grove Neighbourhood Nursery,"£4,462.35"
Manchester City Council,1000,Manchester Leisure,"Consumable items eg Toilet rolls, soap etc",03/02/2025,1908717352,BEEHOSTING PROPERTY MANAG,"£4,455.00"
Manchester City Council,1004,Childrens & Education Services,Foster Payments,07/02/2025,1908725591,Excel Fostering Limited,"£4,452.53"
Manchester City Council,1004,Childrens & Education Services,Foster Payments,21/02/2025,1908738925,Therapeutic Fostering Ltd,"£4,451.91"
Manchester City Council,1004,Childrens & Education Services,Foster Payments,07/02/2025,1908725571,Assured Fostering Limited,"£4,450.71"
Manchester City Council,1004,Childrens & Education Services,Foster Payments,07/02/2025,1908725570,Assured Fostering Limited,"£4,450.71"
Manchester City Council,1004,Childrens & Education Services,Foster Payments,07/02/2025,1908725569,Assured Fostering Limited,"£4,450.71"
Manchester City Council,1005,Adult Social Care,Agency staff provision,10/02/2025,1908726320,Reed Employment Plc,"£4,443.66"
Manchester City Council,1002,Hospitality + Trading Services,Gas,27/02/2025,1908744133,SEFE ENERGY Ltd,"£4,438.04"
Manchester City Council,1004,Childrens & Education Services,Foster Payments,14/02/2025,1908732667,Excel Fostering Limited,"£4,437.90"
Manchester City Council,1004,Childrens & Education Services,Payments for services,20/02/2025,5105976992,HM Prison and Probation Service,"£4,435.00"
Manchester City Council,1000,Manchester Leisure,Gas,27/02/2025,1908744188,SEFE ENERGY Ltd,"£4,434.79"
Manchester City Council,1004,Childrens & Education Services,Residential Care Homes Payments,14/02/2025,1908732774,Devon Homes,"£4,417.00"
Manchester City Council,1000,Manchester Leisure,Electricity,27/02/2025,1908744615,Haven Power Ltd,"£4,410.45"
Manchester City Council,1005,Adult Social Care,Payments for services,12/02/2025,1908729685,Cameolord Pharmacy Ltd,"£4,400.66"
Manchester City Council,1000,Manchester Leisure,Special Event,13/02/2025,5105975052,Showmed,"£4,400.00"
Manchester City Council,1004,Childrens & Education Services,Payments for services,21/02/2025,5105977157,Clear Steps Plus Consultancy,"£4,400.00"
Manchester City Council,1004,Childrens & Education Services,Foster Payments,14/02/2025,1908732682,Three Circles Fostering Ltd,"£4,393.94"
Manchester City Council,1004,Childrens & Education Services,Foster Payments,07/02/2025,1908725619,Three Circles Fostering Ltd,"£4,393.94"
Manchester City Council,1005,Adult Social Care,Agency staff provision,18/02/2025,1908734558,Reed Employment Plc,"£4,393.83"
Manchester City Council,1012,Regeneration Finance,Training and Development,06/02/2025,5105974434,CPCAB Ltd,"£4,392.00"
Manchester City Council,1012,Regeneration Finance,Training and Development,24/02/2025,5105977230,CPCAB Ltd,"£4,392.00"
Manchester City Council,1000,Manchester Leisure,Third party payments relating to Voluntary Organisations,13/02/2025,5105973867,Independent Choices Gtr Manchester,"£4,390.00"
Manchester City Council,1004,Childrens & Education Services,Foster Payments,07/02/2025,1908725644,Compass Fostering NW Ltd,"£4,382.47"
Manchester City Council,1007,Corporate Services,Professional fees,26/02/2025,1908737818,Chalfont Project,"£4,381.54"
Manchester City Council,1007,Corporate Services,Equipment,13/02/2025,5105976018,Gordon Morris Ltd,"£4,379.96"
Manchester City Council,1004,Childrens & Education Services,Foster Payments,07/02/2025,1908725654,Fostering Solutions,"£4,377.51"
Manchester City Council,1004,Childrens & Education Services,Foster Payments,07/02/2025,1908725678,Fostering Solutions,"£4,377.51"
Manchester City Council,1004,Childrens & Education Services,Foster Payments,07/02/2025,1908725679,Fostering Solutions,"£4,377.51"
Manchester City Council,1012,Regeneration Finance,External repairs and maintenance for buildings,28/02/2025,5105976050,Redgate Holdings Ltd,"£4,370.00"
Manchester City Council,1007,Corporate Services,Car Parking Permits,13/02/2025,5105974685,Patrol Bus Lanes,"£4,366.00"
Manchester City Council,1004,Childrens & Education Services,Foster Payments,21/02/2025,1908738979,Connect Fostering Services Ltd.,"£4,362.14"
Manchester City Council,1004,Childrens & Education Services,Foster Payments,21/02/2025,1908738978,Connect Fostering Services Ltd.,"£4,362.14"
Manchester City Council,1004,Childrens & Education Services,Third party payments to other Local Authorities,21/02/2025,5105977173,Altrincham College Of Arts,"£4,361.00"
Manchester City Council,1004,Childrens & Education Services,Third party payments relating to Voluntary Organisations,12/02/2025,1908728907,Tiny Turtles Day Care Ltd,"£4,353.75"
Manchester City Council,1005,Adult Social Care,Agency staff provision,18/02/2025,1908734558,Reed Employment Plc,"£4,353.09"
Manchester City Council,1004,Childrens & Education Services,Foster Payments,14/02/2025,1908732723,Fusion Fostering Limited,"£4,351.47"
Manchester City Council,1005,Adult Social Care,Agency staff provision,10/02/2025,1908726320,Reed Employment Plc,"£4,347.84"
Manchester City Council,1000,Manchester Leisure,Refuse Collection,28/02/2025,5105977144,Biffa Municipal Limited,"£4,340.00"
Manchester City Council,1004,Childrens & Education Services,Foster Payments,21/02/2025,1908738972,Foster Care Associates Limited,"£4,338.87"
Manchester City Council,1011,Chief Executives,Catering,17/02/2025,5105976505,Manchester Central,"£4,335.00"
Manchester City Council,1000,Manchester Leisure,Contract Cleaning External,17/02/2025,5105974731,Biffa Municipal Limited,"£4,333.33"
Manchester City Council,1007,Corporate Services,Electricity,27/02/2025,1908744667,Haven Power Ltd,"£4,325.30"
Manchester City Council,1004,Childrens & Education Services,Transport Coach Hire,14/02/2025,5105976089,AFJ Ltd,"£4,318.00"
Manchester City Council,1000,Manchester Leisure,Electricity,27/02/2025,1908744665,Haven Power Ltd,"£4,317.54"
Manchester City Council,1004,Childrens & Education Services,Rents,14/02/2025,1908722567,Partners Of Prisoners & Families,"£4,315.52"
Manchester City Council,1004,Childrens & Education Services,Foster Payments,07/02/2025,1908725602,By the Bridge North West,"£4,312.83"
Manchester City Council,1011,Chief Executives,Payments to Sub-Contractors,24/02/2025,5105977320,Redacted Personal Information,"£4,309.39"
Manchester City Council,1004,Childrens & Education Services,Foster Payments,21/02/2025,1908739010,The Fostering Team,"£4,306.83"
Manchester City Council,1004,Childrens & Education Services,Transport Coach Hire,06/02/2025,5105974439,AFJ Ltd,"£4,300.00"
Manchester City Council,1004,Childrens & Education Services,Foster Payments,07/02/2025,1908725674,Fostering Solutions,"£4,298.77"
Manchester City Council,1004,Childrens & Education Services,Foster Payments,07/02/2025,1908725691,Alpha Plus Fostering Limited,"£4,298.46"
Manchester City Council,1004,Childrens & Education Services,Third party payments relating to Voluntary Organisations,12/02/2025,1908728791,Georgie Porgies Wythenshawe,"£4,295.70"
Manchester City Council,1012,Regeneration Finance,Electricity,20/02/2025,5105976919,British Gas Plc,"£4,295.54"
Manchester City Council,1004,Childrens & Education Services,Foster Payments,07/02/2025,1908725795,Foster Care Link Ltd,"£4,291.02"
Manchester City Council,1004,Childrens & Education Services,Foster Payments,07/02/2025,1908725794,Foster Care Link Ltd,"£4,291.02"
Manchester City Council,1004,Childrens & Education Services,Third party payments relating to Voluntary Organisations,12/02/2025,1908729473,Christies Day Nursery,"£4,280.40"
Manchester City Council,1004,Childrens & Education Services,Third party payments relating to Voluntary Organisations,12/02/2025,1908729398,Simply Cherish Day Nursery,"£4,278.75"
Manchester City Council,1004,Childrens & Education Services,Foster Payments,14/02/2025,1908732686,UK Fostering Ltd,"£4,272.11"
Manchester City Council,1004,Childrens & Education Services,Foster Payments,21/02/2025,1908738917,UK Fostering Ltd,"£4,272.11"
Manchester City Council,1004,Childrens & Education Services,Foster Payments,07/02/2025,1908725732,Families@familycare Ltd,"£4,263.74"
Manchester City Council,1004,Childrens & Education Services,Third party payments relating to Voluntary Organisations,12/02/2025,1908729264,Brighter Beginnings New Moston,"£4,258.80"
Manchester City Council,1004,Childrens & Education Services,Payments for services,14/02/2025,5105976152,Staff Resources Ltd,"£4,258.05"
Manchester City Council,1000,Manchester Leisure,Third party payments relating to Voluntary Organisations,28/02/2025,5105974690,24-7 Locks Ltd,"£4,258.00"
Manchester City Council,1004,Childrens & Education Services,Agency staff provision,10/02/2025,1908726320,Reed Employment Plc,"£4,254.00"
Manchester City Council,1004,Childrens & Education Services,Foster Payments,07/02/2025,1908725750,Sunbeam Fostering Agency Ltd,"£4,253.51"
Manchester City Council,1004,Childrens & Education Services,Foster Payments,07/02/2025,1908725675,Fostering Solutions,"£4,246.38"
Manchester City Council,1004,Childrens & Education Services,Foster Payments,07/02/2025,1908725684,The National Fostering Agency Ltd,"£4,246.07"
Manchester City Council,1004,Childrens & Education Services,Foster Payments,07/02/2025,1908725699,Alpha Plus Fostering Limited,"£4,242.38"
Manchester City Council,1004,Childrens & Education Services,Foster Payments,07/02/2025,1908725728,Fostering People Ltd,"£4,241.09"
Manchester City Council,1004,Childrens & Education Services,Foster Payments,21/02/2025,1908738974,Foster Care Associates Limited,"£4,237.70"
Manchester City Council,1005,Adult Social Care,Agency staff provision,04/02/2025,1908718471,Reed Employment Plc,"£4,223.52"
Manchester City Council,1004,Childrens & Education Services,Third party payments relating to Voluntary Organisations,12/02/2025,1908729149,Marion Scott Playgroup,"£4,223.52"
Manchester City Council,1004,Childrens & Education Services,Foster Payments,07/02/2025,1908725561,Safehouses North Ltd,"£4,207.94"
Manchester City Council,1004,Childrens & Education Services,Foster Payments,21/02/2025,1908738977,Connect Fostering Services Ltd.,"£4,207.14"
Manchester City Council,1004,Childrens & Education Services,Foster Payments,07/02/2025,1908725560,Safehouses North Ltd,"£4,202.27"
Manchester City Council,1003,Environment and Operations,Construction Works,24/02/2025,5105977362,Rosgal Ltd,"£4,201.76"
Manchester City Council,1004,Childrens & Education Services,Counsel Costs,10/02/2025,1908726015,DEANS COURT CHAMBERS,"£4,200.00"
Manchester City Council,1004,Childrens & Education Services,Third party payments to other Local Authorities,19/02/2025,5105976808,Meadows Care Ltd,"£4,200.00"
Manchester City Council,1004,Childrens & Education Services,Third party payments to other Local Authorities,19/02/2025,5105976834,Meadows Care Ltd,"£4,200.00"
Manchester City Council,1002,Hospitality + Trading Services,Building Materials for direct delivery,03/02/2025,1908717642,NORTHERNARB TREE SERVIC,"£4,200.00"
Manchester City Council,1011,Chief Executives,Works and associated costs for Land and Buildings,28/02/2025,5105977193,Fairway Landscapes Ltd,"£4,199.00"
Manchester City Council,1004,Childrens & Education Services,Foster Payments,14/02/2025,1908732680,Three Circles Fostering Ltd,"£4,193.10"
Manchester City Council,1004,Childrens & Education Services,Foster Payments,14/02/2025,1908732679,Three Circles Fostering Ltd,"£4,193.10"
Manchester City Council,1004,Childrens & Education Services,Foster Payments,14/02/2025,1908732681,Three Circles Fostering Ltd,"£4,193.10"
Manchester City Council,1004,Childrens & Education Services,Foster Payments,07/02/2025,1908725617,Three Circles Fostering Ltd,"£4,193.10"
Manchester City Council,1004,Childrens & Education Services,Foster Payments,07/02/2025,1908725618,Three Circles Fostering Ltd,"£4,193.10"
Manchester City Council,1004,Childrens & Education Services,Foster Payments,07/02/2025,1908725616,Three Circles Fostering Ltd,"£4,193.10"
Manchester City Council,1004,Childrens & Education Services,Agency staff provision,04/02/2025,1908718471,Reed Employment Plc,"£4,184.83"
Manchester City Council,1004,Childrens & Education Services,Foster Payments,07/02/2025,1908725585,Fostering Ltd,"£4,181.59"
Manchester City Council,1004,Childrens & Education Services,Payments for services,10/02/2025,5105974452,Choice Home Tutoring Ltd,"£4,180.52"
Manchester City Council,1004,Childrens & Education Services,Third party payments relating to Voluntary Organisations,12/02/2025,1908728868,Precious Kids Day Nursery,"£4,179.60"
Manchester City Council,1004,Childrens & Education Services,Third party payments relating to Voluntary Organisations,12/02/2025,1908728753,Building Blocks Nursery (Blackley),"£4,179.60"
Manchester City Council,1004,Childrens & Education Services,Third party payments relating to Voluntary Organisations,12/02/2025,1908728751,Bubbly Bear Day Care Nursery,"£4,179.60"
Manchester City Council,1004,Childrens & Education Services,Third party payments relating to Voluntary Organisations,12/02/2025,1908728762,Redacted Personal Information,"£4,179.60"
Manchester City Council,1004,Childrens & Education Services,Third party payments relating to Voluntary Organisations,12/02/2025,1908728887,Redacted Personal Information,"£4,179.60"
Manchester City Council,1004,Childrens & Education Services,Foster Payments,14/02/2025,1908732736,Olive Branch Fostering,"£4,177.25"
Manchester City Council,1009,Housing General Fund,Building Works,24/02/2025,5105977271,Wythenshawe Community Housing Group,"£4,170.51"
Manchester City Council,1004,Childrens & Education Services,Foster Payments,07/02/2025,1908725568,Safehouses North Ltd,"£4,169.85"
Manchester City Council,1004,Childrens & Education Services,Third party payments relating to Voluntary Organisations,12/02/2025,1908729267,Brighter Beginnings Burnage,"£4,169.50"
Manchester City Council,1007,Corporate Services,Works and associated costs for Land and Buildings,03/02/2025,5105973616,Rigg-Tech Ltd,"£4,168.33"
Manchester City Council,1000,Manchester Leisure,Legal Fees,03/02/2025,1908717762,Ryans Solicitors Ltd,"£4,166.67"
Manchester City Council,1004,Childrens & Education Services,Foster Payments,21/02/2025,1908739000,The Fostering Team,"£4,163.94"
Manchester City Council,1005,Adult Social Care,Equipment,17/02/2025,5105975458,Drive Devilbiss Healthcare Ltd,"£4,161.25"
Manchester City Council,1004,Childrens & Education Services,Payments for services,14/02/2025,5105976099,Empowering Equine CIC,"£4,160.00"
Manchester City Council,1004,Childrens & Education Services,Foster Payments,19/02/2025,1908736102,Redacted Personal Information,"£4,156.00"
Manchester City Council,1004,Childrens & Education Services,Foster Payments,19/02/2025,1908736105,Redacted Personal Information,"£4,156.00"
Manchester City Council,1004,Childrens & Education Services,Foster Payments,05/02/2025,1908720425,Redacted Personal Information,"£4,156.00"
Manchester City Council,1004,Childrens & Education Services,Foster Payments,05/02/2025,1908720431,Redacted Personal Information,"£4,156.00"
Manchester City Council,1004,Childrens & Education Services,Foster Payments,07/02/2025,1908725642,Compass Fostering NW Ltd,"£4,154.62"
Manchester City Council,1004,Childrens & Education Services,Third party payments relating to Voluntary Organisations,12/02/2025,1908729370,Moston Methodist Church Playgroup,"£4,151.40"
Manchester City Council,1000,Manchester Leisure,Grant and subscriptions awarded,10/02/2025,5105974376,LGBT Foundation,"£4,150.00"
Manchester City Council,1004,Childrens & Education Services,Foster Payments,07/02/2025,1908725641,Compass Fostering NW Ltd,"£4,149.04"
Manchester City Council,1005,Adult Social Care,Third party payments relating to Voluntary Organisations,12/02/2025,5105975695,Life By Ringley,"£4,146.95"
Manchester City Council,1004,Childrens & Education Services,Foster Payments,14/02/2025,1908732740,Olive Branch Fostering,"£4,145.94"
Manchester City Council,1004,Childrens & Education Services,Foster Payments,21/02/2025,1908738919,UK Fostering Ltd,"£4,140.36"
Manchester City Council,1004,Childrens & Education Services,Foster Payments,14/02/2025,1908732684,UK Fostering Ltd,"£4,140.36"
Manchester City Council,1011,Chief Executives,Agency staff provision,10/02/2025,1908726320,Reed Employment Plc,"£4,139.10"
Manchester City Council,1011,Chief Executives,Agency staff provision,10/02/2025,1908726320,Reed Employment Plc,"£4,137.80"
Manchester City Council,1004,Childrens & Education Services,Third party payments relating to Voluntary Organisations,12/02/2025,1908729543,Manchester Settlement,"£4,134.40"
Manchester City Council,1011,Chief Executives,Professional fees,12/02/2025,1908729667,AS Social Work Solutions Ltd,"£4,132.45"
Manchester City Council,1004,Childrens & Education Services,Foster Payments,14/02/2025,1908732783,Rainbow Fostering Services Ltd,"£4,129.44"
Manchester City Council,1004,Childrens & Education Services,Foster Payments,07/02/2025,1908725663,Fostering Solutions,"£4,127.42"
Manchester City Council,1004,Childrens & Education Services,Foster Payments,07/02/2025,1908725562,Safehouses North Ltd,"£4,123.80"
Manchester City Council,1004,Childrens & Education Services,Transport Coach Hire,13/02/2025,5105975963,Redacted Personal Information,"£4,115.00"
Manchester City Council,1005,Adult Social Care,Agency staff provision,10/02/2025,1908726320,Reed Employment Plc,"£4,111.10"
Manchester City Council,1004,Childrens & Education Services,Third party payments relating to Voluntary Organisations,12/02/2025,1908729292,Ducklings Didsbury,"£4,110.00"
Manchester City Council,1004,Childrens & Education Services,Foster Payments,07/02/2025,1908725670,Fostering Solutions,"£4,108.28"
Manchester City Council,1000,Manchester Leisure,Gas,27/02/2025,1908744194,SEFE ENERGY Ltd,"£4,105.35"
Manchester City Council,1004,Childrens & Education Services,Foster Payments,21/02/2025,1908738918,UK Fostering Ltd,"£4,099.13"
Manchester City Council,1004,Childrens & Education Services,Foster Payments,14/02/2025,1908732685,UK Fostering Ltd,"£4,099.13"
Manchester City Council,1004,Childrens & Education Services,Foster Payments,14/02/2025,1908732745,Barnardo's,"£4,098.16"
Manchester City Council,1004,Childrens & Education Services,Foster Payments,07/02/2025,1908725600,By the Bridge North West,"£4,097.19"
Manchester City Council,1000,Manchester Leisure,Furniture,05/02/2025,5105974096,Rtech Group Limited,"£4,095.84"
Manchester City Council,1004,Childrens & Education Services,Foster Payments,21/02/2025,1908738950,Fostering Solutions,"£4,095.09"
Manchester City Council,1004,Childrens & Education Services,Foster Payments,14/02/2025,1908732725,Fostering Solutions,"£4,088.03"
Manchester City Council,1004,Childrens & Education Services,Foster Payments,07/02/2025,1908725779,Embrace Therapeutic Fostering,"£4,085.39"
Manchester City Council,1004,Childrens & Education Services,Foster Payments,07/02/2025,1908725729,Families@familycare Ltd,"£4,084.25"
Manchester City Council,1004,Childrens & Education Services,Foster Payments,07/02/2025,1908725668,Fostering Solutions,"£4,083.54"
Manchester City Council,1000,Manchester Leisure,I T Provision,03/02/2025,5105973609,Upland Software UK Ltd,"£4,082.79"
Manchester City Council,1010,Housing Revenue Account,Council Dwelling Fees,06/02/2025,5105974037,Rexel UK Ltd,"£4,076.26"
Manchester City Council,1010,Housing Revenue Account,Council Dwelling Fees,06/02/2025,5105974021,Rexel UK Ltd,"£4,076.26"
Manchester City Council,1010,Housing Revenue Account,Council Dwelling Adaptations,11/02/2025,5105975443,GREEN GRANT INSTALLS,"£4,075.20"
Manchester City Council,1005,Adult Social Care,Agency staff provision,10/02/2025,1908726320,Reed Employment Plc,"£4,074.89"
Manchester City Council,1004,Childrens & Education Services,Foster Payments,07/02/2025,1908725646,Compass Fostering NW Ltd,"£4,073.09"
Manchester City Council,1000,Manchester Leisure,Agency staff provision,04/02/2025,1908718471,Reed Employment Plc,"£4,072.86"
Manchester City Council,1004,Childrens & Education Services,Foster Payments,14/02/2025,1908732697,Capstone Foster Care,"£4,070.30"
Manchester City Council,1004,Childrens & Education Services,Foster Payments,07/02/2025,1908725751,Sunbeam Fostering Agency Ltd,"£4,057.81"
Manchester City Council,1004,Childrens & Education Services,Third party payments relating to Voluntary Organisations,12/02/2025,1908729582,St Bede'S Pre School,"£4,052.14"
Manchester City Council,1004,Childrens & Education Services,Foster Payments,07/02/2025,1908725708,The National Fostering Agency Ltd,"£4,033.47"
Manchester City Council,1004,Childrens & Education Services,Foster Payments,14/02/2025,1908732784,Rainbow Fostering Services Ltd,"£4,033.13"
Manchester City Council,1011,Chief Executives,Works and associated costs for Land and Buildings,28/02/2025,5105977724,Fairway Landscapes Ltd,"£4,030.00"
Manchester City Council,1004,Childrens & Education Services,Foster Payments,07/02/2025,1908725697,Alpha Plus Fostering Limited,"£4,025.52"
Manchester City Council,1004,Childrens & Education Services,Foster Payments,07/02/2025,1908725698,Alpha Plus Fostering Limited,"£4,025.52"
Manchester City Council,1004,Childrens & Education Services,Third party payments relating to Voluntary Organisations,12/02/2025,1908728552,Ducklings Didsbury,"£4,022.40"
Manchester City Council,1004,Childrens & Education Services,Third party payments relating to Voluntary Organisations,12/02/2025,1908729040,Brighter Beginnings Burnage,"£4,022.40"
Manchester City Council,1004,Childrens & Education Services,Third party payments relating to Voluntary Organisations,12/02/2025,1908729237,WMB Born2win Day Nursery,"£4,022.40"
Manchester City Council,1004,Childrens & Education Services,Third party payments relating to Voluntary Organisations,12/02/2025,1908729103,Happy Kids Childcare Ltd,"£4,022.40"
Manchester City Council,1004,Childrens & Education Services,Third party payments relating to Voluntary Organisations,12/02/2025,1908729167,Noddy's Day Nursery,"£4,022.40"
Manchester City Council,1004,Childrens & Education Services,Third party payments relating to Voluntary Organisations,12/02/2025,1908729065,DeeDee's Childcare Limited,"£4,022.40"
Manchester City Council,1004,Childrens & Education Services,Third party payments relating to Voluntary Organisations,12/02/2025,1908728571,Heaton Park View Nursery,"£4,022.40"
Manchester City Council,1004,Childrens & Education Services,Foster Payments,07/02/2025,1908725680,Fostering Solutions,"£4,021.43"
Manchester City Council,1004,Childrens & Education Services,Third party payments relating to Voluntary Organisations,12/02/2025,1908729424,Tiny Turtles Daycare Ltd,"£4,017.00"
Manchester City Council,1004,Childrens & Education Services,Payments for services,21/02/2025,5105976140,Young Manchester,"£4,016.00"
Manchester City Council,1011,Chief Executives,Agency staff provision,18/02/2025,1908734558,Reed Employment Plc,"£4,014.62"
Manchester City Council,1004,Childrens & Education Services,Foster Payments,21/02/2025,1908738922,Therapeutic Fostering Ltd,"£4,006.72"
Manchester City Council,1004,Childrens & Education Services,Foster Payments,21/02/2025,1908738923,Therapeutic Fostering Ltd,"£4,006.72"
Manchester City Council,1004,Childrens & Education Services,Third party payments relating to Voluntary Organisations,12/02/2025,1908729375,Clever Bees Nursery Ltd,"£4,003.20"
Manchester City Council,1000,Manchester Leisure,Library Materials Acquisition,18/02/2025,1908734339,Azhar Enterprises Ltd,"£4,001.00"
Manchester City Council,1000,Manchester Leisure,Library Materials Acquisition,20/02/2025,1908735688,Azhar Enterprises Ltd,"£4,001.00"
Manchester City Council,1000,Manchester Leisure,Grant and subscriptions awarded,04/02/2025,5105973951,Blossom,"£4,000.00"
Manchester City Council,1013,Highways Services,Legal Fees,06/02/2025,1908723634,Redacted Personal Information,"£4,000.00"
Manchester City Council,1000,Manchester Leisure,Supporting People Payments,27/02/2025,5105977987,The River Manchester R/C 1153700,"£4,000.00"
Manchester City Council,1000,Manchester Leisure,Works and associated costs for Land and Buildings,11/02/2025,5105975153,WSP UK Limited,"£4,000.00"
Manchester City Council,1000,Manchester Leisure,Grant and subscriptions awarded,11/02/2025,5105975144,Benchill Primary School,"£4,000.00"
Manchester City Council,1011,Chief Executives,Funeral and coroner related services,13/02/2025,1908731844,Prof Mehta,"£4,000.00"
Manchester City Council,1000,Manchester Leisure,Legal Fees,27/02/2025,1908745495,Satchell Moran Solicitors,"£4,000.00"
Manchester City Council,1012,Regeneration Finance,Grant and subscriptions awarded,24/02/2025,5105977199,Manchester Alliance For,"£4,000.00"
Manchester City Council,1004,Childrens & Education Services,Professional fees,18/02/2025,5105975759,Diane Ainsworth Consulting,"£4,000.00"
Manchester City Council,1004,Childrens & Education Services,Foster Payments,07/02/2025,1908725780,Embrace Therapeutic Fostering,"£3,999.38"
Manchester City Council,1004,Childrens & Education Services,Foster Payments,21/02/2025,1908738924,Therapeutic Fostering Ltd,"£3,998.07"
Manchester City Council,1004,Childrens & Education Services,Foster Payments,07/02/2025,1908725737,Olive Branch Fostering,"£3,995.57"
Manchester City Council,1011,Chief Executives,Agency staff provision,10/02/2025,1908726320,Reed Employment Plc,"£3,992.85"
Manchester City Council,1004,Childrens & Education Services,Third party payments relating to Voluntary Organisations,12/02/2025,1908729537,Littleways Day Nursery,"£3,990.00"
Manchester City Council,1004,Childrens & Education Services,Foster Payments,14/02/2025,1908732703,Swiis Foster Care Ltd,"£3,985.36"
Manchester City Council,1004,Childrens & Education Services,Foster Payments,07/02/2025,1908725731,Families@familycare Ltd,"£3,985.36"
Manchester City Council,1007,Corporate Services,Hire of Equipment,10/02/2025,5105974264,Flowbird Smart City Uk Ltd,"£3,981.60"
Manchester City Council,1004,Childrens & Education Services,Third party payments relating to Voluntary Organisations,12/02/2025,1908729046,Building Blocks Day Nursery Moston,"£3,980.50"
Manchester City Council,1007,Corporate Services,Equipment,13/02/2025,5105975876,Detail Design Engineering Ltd,"£3,980.00"
Manchester City Council,1002,Hospitality + Trading Services,Electricity,27/02/2025,1908744634,Haven Power Ltd,"£3,978.16"
Manchester City Council,1004,Childrens & Education Services,Foster Payments,07/02/2025,1908725704,Alpha Plus Fostering Limited,"£3,976.08"
Manchester City Council,1004,Childrens & Education Services,Foster Payments,07/02/2025,1908725793,Foster Care Link Ltd,"£3,974.51"
Manchester City Council,1004,Childrens & Education Services,Foster Payments,07/02/2025,1908725792,Foster Care Link Ltd,"£3,974.51"
Manchester City Council,1004,Childrens & Education Services,Foster Payments,07/02/2025,1908725564,Safehouses North Ltd,"£3,973.89"
Manchester City Council,1004,Childrens & Education Services,Foster Payments,07/02/2025,1908725588,Fostering Ltd,"£3,972.65"
Manchester City Council,1004,Childrens & Education Services,Foster Payments,07/02/2025,1908725685,The National Fostering Agency Ltd,"£3,971.41"
Manchester City Council,1004,Childrens & Education Services,Foster Payments,07/02/2025,1908725707,The National Fostering Agency Ltd,"£3,970.97"
Manchester City Council,1005,Adult Social Care,Agency staff provision,04/02/2025,1908718471,Reed Employment Plc,"£3,967.55"
Manchester City Council,1011,Chief Executives,Equipment,28/02/2025,5105974365,Quadient UK Ltd (Consumables),"£3,964.14"
Manchester City Council,1000,Manchester Leisure,Water - Metered,21/02/2025,5105977086,Wythenshawe Forum Trust Ltd,"£3,963.14"
Manchester City Council,1005,Adult Social Care,Payments for services,28/02/2025,5105977249,Streetscene Addition Recovery,"£3,960.00"
Manchester City Council,1005,Adult Social Care,Payments for services,28/02/2025,5105977248,Streetscene Addition Recovery,"£3,960.00"
Manchester City Council,1004,Childrens & Education Services,Agency staff provision,18/02/2025,1908734558,Reed Employment Plc,"£3,954.61"
Manchester City Council,1004,Childrens & Education Services,Foster Payments,07/02/2025,1908725709,The National Fostering Agency Ltd,"£3,953.12"
Manchester City Council,1000,Manchester Leisure,Grant and subscriptions awarded,27/02/2025,5105977817,Empower Youth Zones Ltd,"£3,950.00"
Manchester City Council,1004,Childrens & Education Services,Transport Coach Hire,04/02/2025,5105973874,Redacted Personal Information,"£3,950.00"
Manchester City Council,1004,Childrens & Education Services,Residential Care Homes Payments,28/02/2025,1908746079,W.H. Services (Cheadle) Ltd,"£3,941.34"
Manchester City Council,1004,Childrens & Education Services,Foster Payments,07/02/2025,1908725683,The National Fostering Agency Ltd,"£3,941.15"
Manchester City Council,1004,Childrens & Education Services,Foster Payments,07/02/2025,1908725752,Sunbeam Fostering Agency Ltd,"£3,936.79"
Manchester City Council,1005,Adult Social Care,Agency staff provision,24/02/2025,1908740137,Reed Employment Plc,"£3,929.82"
Manchester City Council,1004,Childrens & Education Services,Foster Payments,07/02/2025,1908725703,The National Fostering Agency Ltd,"£3,927.61"
Manchester City Council,1000,Manchester Leisure,Third party payments relating to Voluntary Organisations,13/02/2025,5105974543,Manchester Action On Street Health,"£3,924.08"
Manchester City Council,1004,Childrens & Education Services,Third party payments relating to Voluntary Organisations,12/02/2025,1908729363,Manchester Early Learning Centre,"£3,924.00"
Manchester City Council,1004,Childrens & Education Services,Foster Payments,07/02/2025,1908725747,Sunbeam Fostering Agency Ltd,"£3,920.30"
Manchester City Council,1004,Childrens & Education Services,Foster Payments,07/02/2025,1908725748,Sunbeam Fostering Agency Ltd,"£3,920.30"
Manchester City Council,1004,Childrens & Education Services,Foster Payments,07/02/2025,1908725749,Sunbeam Fostering Agency Ltd,"£3,920.30"
Manchester City Council,1004,Childrens & Education Services,Third party payments relating to Voluntary Organisations,12/02/2025,1908729590,Tiddlywinks Nursery-Clayton No.4 Ac,"£3,916.80"
Manchester City Council,1000,Manchester Leisure,Reuse credits,17/02/2025,5105974704,Biffa Municipal Limited,"£3,915.00"
Manchester City Council,1004,Childrens & Education Services,Foster Payments,14/02/2025,1908732726,Fostering Solutions,"£3,912.93"
Manchester City Council,1002,Hospitality + Trading Services,Building Materials for direct delivery,28/02/2025,5105975581,Killgerm Chemicals Ltd,"£3,909.29"
Manchester City Council,1004,Childrens & Education Services,Third party payments to other Local Authorities,13/02/2025,5105975945,Old Trafford Community Academy,"£3,907.00"
Manchester City Council,1004,Childrens & Education Services,Third party payments to other Local Authorities,28/02/2025,5105978116,Broadstone Hall Primary,"£3,907.00"
Manchester City Council,1004,Childrens & Education Services,Foster Payments,21/02/2025,1908738973,Foster Care Associates Limited,"£3,905.69"
Manchester City Council,1005,Adult Social Care,Agency staff provision,18/02/2025,1908734558,Reed Employment Plc,"£3,902.63"
Manchester City Council,1004,Childrens & Education Services,Professional fees,05/02/2025,5105974150,Street Doctors,"£3,900.00"
Manchester City Council,1004,Childrens & Education Services,Payments for services,05/02/2025,5105974094,Sense,"£3,898.58"
Manchester City Council,1002,Hospitality + Trading Services,Vehicle Hire Costs,07/02/2025,5105974934,Manchester Van Hire Ltd,"£3,898.41"
Manchester City Council,1011,Chief Executives,Agency staff provision,24/02/2025,1908740137,Reed Employment Plc,"£3,897.26"
Manchester City Council,1005,Adult Social Care,Agency staff provision,24/02/2025,1908740137,Reed Employment Plc,"£3,894.87"
Manchester City Council,1004,Childrens & Education Services,Foster Payments,07/02/2025,1908725563,Safehouses North Ltd,"£3,894.40"
Manchester City Council,1004,Childrens & Education Services,Foster Payments,07/02/2025,1908725587,Fostering Ltd,"£3,892.98"
Manchester City Council,1011,Chief Executives,Legal Fees,13/02/2025,1908731989,Weightmans LLP Solicitors,"£3,887.61"
Manchester City Council,1004,Childrens & Education Services,Foster Payments,14/02/2025,1908732773,A1 Foster Care,"£3,881.29"
Manchester City Council,1011,Chief Executives,Agency staff provision,04/02/2025,1908718471,Reed Employment Plc,"£3,881.22"
Manchester City Council,1004,Childrens & Education Services,Foster Payments,07/02/2025,1908725753,Sunbeam Fostering Agency Ltd,"£3,879.16"
Manchester City Council,1004,Childrens & Education Services,Foster Payments,07/02/2025,1908725631,Compass Fostering NW Ltd,"£3,876.24"
Manchester City Council,1004,Childrens & Education Services,Foster Payments,07/02/2025,1908725636,Compass Fostering NW Ltd,"£3,876.24"
Manchester City Council,1004,Childrens & Education Services,Third party payments to other Local Authorities,14/02/2025,5105974682,Cheshire East Borough Council,"£3,874.00"
Manchester City Council,1004,Childrens & Education Services,Foster Payments,21/02/2025,1908738906,Safehouses North Ltd,"£3,871.41"
Manchester City Council,1004,Childrens & Education Services,Foster Payments,21/02/2025,1908738904,Safehouses North Ltd,"£3,871.41"
Manchester City Council,1004,Childrens & Education Services,Foster Payments,07/02/2025,1908725791,Foster Care Link Ltd,"£3,870.66"
Manchester City Council,1004,Childrens & Education Services,Foster Payments,07/02/2025,1908725706,The National Fostering Agency Ltd,"£3,870.04"
Manchester City Council,1004,Childrens & Education Services,Foster Payments,14/02/2025,1908732786,The Lorimer Group,"£3,868.49"
Manchester City Council,1013,Highways Services,Payments to Sub-Contractors,28/02/2025,5105976410,Clearway Drainage Systems Ltd,"£3,864.00"
Manchester City Council,1011,Chief Executives,Postage,28/02/2025,5105974360,Whistl North Ltd,"£3,863.75"
Manchester City Council,1004,Childrens & Education Services,Foster Payments,07/02/2025,1908725682,The National Fostering Agency Ltd,"£3,861.92"
Manchester City Council,1004,Childrens & Education Services,Third party payments relating to Voluntary Organisations,12/02/2025,1908729577,Small Wonders Pdn Ltd,"£3,859.20"
Manchester City Council,1012,Regeneration Finance,Security,27/02/2025,5105975683,Showsec International Ltd,"£3,858.36"
Manchester City Council,1012,Regeneration Finance,Security,26/02/2025,5105975689,Showsec International Ltd,"£3,858.36"
Manchester City Council,1012,Regeneration Finance,Security,26/02/2025,5105975684,Showsec International Ltd,"£3,858.36"
Manchester City Council,1012,Regeneration Finance,Security,26/02/2025,5105975688,Showsec International Ltd,"£3,858.36"
Manchester City Council,1012,Regeneration Finance,Security,26/02/2025,5105975686,Showsec International Ltd,"£3,858.36"
Manchester City Council,1004,Childrens & Education Services,Storage Costs,19/02/2025,5105976790,Restore PLC,"£3,852.19"
Manchester City Council,1004,Childrens & Education Services,Foster Payments,07/02/2025,1908725665,Fostering Solutions,"£3,851.32"
Manchester City Council,1004,Childrens & Education Services,Foster Payments,07/02/2025,1908725676,Fostering Solutions,"£3,846.75"
Manchester City Council,1004,Childrens & Education Services,Foster Payments,14/02/2025,1908732696,Capstone Foster Care,"£3,846.46"
Manchester City Council,1004,Childrens & Education Services,Third party payments to other Local Authorities,28/02/2025,5105978045,Enabling Futures Ltd,"£3,845.46"
Manchester City Council,1004,Childrens & Education Services,Third party payments to other Local Authorities,28/02/2025,5105978046,Enabling Futures Ltd,"£3,845.46"
Manchester City Council,1004,Childrens & Education Services,Third party payments relating to Voluntary Organisations,12/02/2025,1908729253,Manchester Steiner Ltd,"£3,837.60"
Manchester City Council,1004,Childrens & Education Services,Third party payments to other Local Authorities,12/02/2025,5105975637,South Failsworth Primary,"£3,830.00"
Manchester City Council,1004,Childrens & Education Services,Foster Payments,14/02/2025,1908732782,The Lorimer Group,"£3,829.78"
Manchester City Council,1004,Childrens & Education Services,Foster Payments,07/02/2025,1908725681,Fostering Solutions,"£3,824.16"
Manchester City Council,1004,Childrens & Education Services,Foster Payments,07/02/2025,1908725657,Fostering Solutions,"£3,824.16"
Manchester City Council,1004,Childrens & Education Services,Foster Payments,07/02/2025,1908725658,Fostering Solutions,"£3,824.16"
Manchester City Council,1004,Childrens & Education Services,Foster Payments,07/02/2025,1908725693,The National Fostering Agency Ltd,"£3,823.85"
Manchester City Council,1003,Environment and Operations,Construction Works,28/02/2025,5105977363,Rosgal Ltd,"£3,823.72"
Manchester City Council,1004,Childrens & Education Services,Pay School Budget,12/02/2025,1908729181,Rack House Primary School,"£3,821.28"
Manchester City Council,1004,Childrens & Education Services,Foster Payments,07/02/2025,1908725671,Fostering Solutions,"£3,820.70"
Manchester City Council,1004,Childrens & Education Services,Foster Payments,21/02/2025,1908738949,Fostering Solutions,"£3,812.67"
Manchester City Council,1004,Childrens & Education Services,Foster Payments,07/02/2025,1908725738,Olive Branch Fostering,"£3,812.62"
Manchester City Council,1004,Childrens & Education Services,Foster Payments,07/02/2025,1908725739,Olive Branch Fostering,"£3,812.62"
Manchester City Council,1005,Adult Social Care,Agency staff provision,18/02/2025,1908734558,Reed Employment Plc,"£3,810.29"
Manchester City Council,1004,Childrens & Education Services,Agency staff provision,18/02/2025,1908734558,Reed Employment Plc,"£3,802.19"
Manchester City Council,1009,Housing General Fund,Building Works,28/02/2025,1908745866,T F Jones Property Services Ltd,"£3,801.86"
Manchester City Council,1004,Childrens & Education Services,Foster Payments,07/02/2025,1908725635,Compass Fostering NW Ltd,"£3,800.29"
Manchester City Council,1004,Childrens & Education Services,Professional fees,25/02/2025,5105977075,The Education Community Partnership,"£3,800.00"
Manchester City Council,1011,Chief Executives,Funeral and coroner related services,13/02/2025,1908731845,Medical Reports Ltd,"£3,800.00"
Manchester City Council,1000,Manchester Leisure,Legal Fees,04/02/2025,1908718491,Peasegoods,"£3,800.00"
Manchester City Council,1000,Manchester Leisure,Electricity,27/02/2025,1908744570,Haven Power Ltd,"£3,798.49"
Manchester City Council,1004,Childrens & Education Services,Foster Payments,05/02/2025,1908720702,Redacted Personal Information,"£3,788.00"
Manchester City Council,1004,Childrens & Education Services,Foster Payments,19/02/2025,1908736380,Redacted Personal Information,"£3,788.00"
Manchester City Council,1004,Childrens & Education Services,Foster Payments,07/02/2025,1908725640,Compass Fostering NW Ltd,"£3,786.34"
Manchester City Council,1004,Childrens & Education Services,Foster Payments,07/02/2025,1908725638,Compass Fostering NW Ltd,"£3,786.34"
Manchester City Council,1009,Housing General Fund,Building Works,28/02/2025,1908745861,T F Jones Property Services Ltd,"£3,786.22"
Manchester City Council,1004,Childrens & Education Services,Agency staff provision,04/02/2025,1908718471,Reed Employment Plc,"£3,780.27"
Manchester City Council,1004,Childrens & Education Services,Agency staff provision,24/02/2025,1908740137,Reed Employment Plc,"£3,780.27"
Manchester City Council,1003,Environment and Operations,Construction Works,24/02/2025,5105976551,Wilde Consultants Ltd,"£3,779.75"
Manchester City Council,1004,Childrens & Education Services,Foster Payments,07/02/2025,1908725637,Compass Fostering NW Ltd,"£3,779.52"
Manchester City Council,1004,Childrens & Education Services,Foster Payments,07/02/2025,1908725639,Compass Fostering NW Ltd,"£3,779.52"
Manchester City Council,1004,Childrens & Education Services,Foster Payments,21/02/2025,1908738997,The Fostering Team,"£3,778.96"
Manchester City Council,1004,Childrens & Education Services,Third party payments relating to Voluntary Organisations,12/02/2025,1908729358,Maple House Day Nursery,"£3,772.80"
Manchester City Council,1004,Childrens & Education Services,Foster Payments,14/02/2025,1908732775,The Lorimer Group,"£3,766.68"
Manchester City Council,1004,Childrens & Education Services,Transport Coach Hire,12/02/2025,5105975667,Solomon Travel Solutions Ltd,"£3,755.43"
Manchester City Council,1004,Childrens & Education Services,Foster Payments,07/02/2025,1908725633,Compass Fostering NW Ltd,"£3,754.41"
Manchester City Council,1004,Childrens & Education Services,Foster Payments,07/02/2025,1908725632,Compass Fostering NW Ltd,"£3,754.41"
Manchester City Council,1000,Manchester Leisure,Works and associated costs for Land and Buildings,05/02/2025,5105974105,Greenwich Leisure Limited,"£3,752.94"
Manchester City Council,1000,Manchester Leisure,Gas,27/02/2025,1908744193,SEFE ENERGY Ltd,"£3,752.32"
Manchester City Council,1000,Manchester Leisure,"Consumable items eg Toilet rolls, soap etc",17/02/2025,5105974735,Biffa Municipal Limited,"£3,750.00"
Manchester City Council,1007,Corporate Services,Licences Purchase,05/02/2025,5105974298,ITS Software Systems Ltd,"£3,750.00"
Manchester City Council,1004,Childrens & Education Services,Foster Payments,07/02/2025,1908725692,The National Fostering Agency Ltd,"£3,747.28"
Manchester City Council,1002,Hospitality + Trading Services,Funeral and coroner related services,17/02/2025,5105975021,G E Robinson & Co Ltd,"£3,742.00"
Manchester City Council,1004,Childrens & Education Services,Third party payments to other Local Authorities,12/02/2025,5105975489,Side By Side (Children) Limited,"£3,740.00"
Manchester City Council,1004,Childrens & Education Services,Foster Payments,07/02/2025,1908725689,Alpha Plus Fostering Limited,"£3,738.62"
Manchester City Council,1004,Childrens & Education Services,Foster Payments,07/02/2025,1908725565,Safehouses North Ltd,"£3,738.38"
Manchester City Council,1004,Childrens & Education Services,Foster Payments,07/02/2025,1908725710,The National Fostering Agency Ltd,"£3,735.53"
Manchester City Council,1004,Childrens & Education Services,Third party payments to other Local Authorities,19/02/2025,5105976664,New Bridge School,"£3,735.00"
Manchester City Council,1004,Childrens & Education Services,Foster Payments,21/02/2025,1908738903,Safehouses North Ltd,"£3,730.72"
Manchester City Council,1004,Childrens & Education Services,Foster Payments,21/02/2025,1908738905,Safehouses North Ltd,"£3,730.72"
Manchester City Council,1004,Childrens & Education Services,Foster Payments,07/02/2025,1908725566,Safehouses North Ltd,"£3,730.67"
Manchester City Council,1004,Childrens & Education Services,Foster Payments,14/02/2025,1908732771,The Lorimer Group,"£3,729.03"
Manchester City Council,1004,Childrens & Education Services,Foster Payments,21/02/2025,1908738966,Foster Care Associates Limited,"£3,726.04"
Manchester City Council,1004,Childrens & Education Services,Foster Payments,14/02/2025,1908732664,Foster Care Values,"£3,724.65"
Manchester City Council,1004,Childrens & Education Services,Foster Payments,14/02/2025,1908732669,UK Fostering Ltd,"£3,720.87"
Manchester City Council,1005,Adult Social Care,Payments for services,28/02/2025,5105977736,Kaleidoscope Project,"£3,720.00"
Manchester City Council,1005,Adult Social Care,Payments for services,28/02/2025,5105977738,Kaleidoscope Project,"£3,720.00"
Manchester City Council,1004,Childrens & Education Services,Foster Payments,07/02/2025,1908725659,Fostering Solutions,"£3,709.46"
Manchester City Council,1004,Childrens & Education Services,Foster Payments,14/02/2025,1908732769,Child Action Northwest,"£3,707.60"
Manchester City Council,1013,Highways Services,Purchase of stores for re-distribution,28/02/2025,5105977615,Instarmac Group Ltd,"£3,707.20"
Manchester City Council,1005,Adult Social Care,Training and Development,20/02/2025,5105974540,A1 Risk Solutions Ltd,"£3,700.00"
Manchester City Council,1000,Manchester Leisure,Legal Fees,17/02/2025,1908733587,Claimsmiths Law,"£3,700.00"
Manchester City Council,1010,Housing Revenue Account,Council Dwelling Fees,06/02/2025,5105974046,Rexel UK Ltd,"£3,698.13"
Manchester City Council,1004,Childrens & Education Services,Foster Payments,07/02/2025,1908725664,Fostering Solutions,"£3,697.31"
Manchester City Council,1004,Childrens & Education Services,Foster Payments,07/02/2025,1908725666,Fostering Solutions,"£3,697.31"
Manchester City Council,1010,Housing Revenue Account,Council Dwelling Adaptations,06/02/2025,5105974084,Rexel UK Ltd,"£3,692.64"
Manchester City Council,1000,Manchester Leisure,Agency staff provision,24/02/2025,1908740137,Reed Employment Plc,"£3,691.13"
Manchester City Council,1004,Childrens & Education Services,Foster Payments,07/02/2025,1908725727,Fostering People Ltd,"£3,688.02"
Manchester City Council,1007,Corporate Services,Agency staff provision,18/02/2025,1908734558,Reed Employment Plc,"£3,686.32"
Manchester City Council,1007,Corporate Services,Agency staff provision,04/02/2025,1908718471,Reed Employment Plc,"£3,686.32"
Manchester City Council,1009,Housing General Fund,Building Works,03/02/2025,1908717806,T F Jones Property Services Ltd,"£3,679.30"
Manchester City Council,1004,Childrens & Education Services,Foster Payments,14/02/2025,1908732701,Swiis Foster Care Ltd,"£3,676.91"
Manchester City Council,1004,Childrens & Education Services,Foster Payments,21/02/2025,1908739005,The Fostering Team,"£3,676.82"
Manchester City Council,1004,Childrens & Education Services,Foster Payments,21/02/2025,1908739003,The Fostering Team,"£3,676.82"
Manchester City Council,1004,Childrens & Education Services,Foster Payments,07/02/2025,1908725648,Compass Fostering NW Ltd,"£3,675.62"
Manchester City Council,1012,Regeneration Finance,Electricity,27/02/2025,1908744659,Haven Power Ltd,"£3,673.77"
Manchester City Council,1004,Childrens & Education Services,Foster Payments,07/02/2025,1908725595,By the Bridge North West,"£3,663.58"
Manchester City Council,1004,Childrens & Education Services,Foster Payments,21/02/2025,1908738964,Foster Care Associates Limited,"£3,662.23"
Manchester City Council,1004,Childrens & Education Services,Foster Payments,21/02/2025,1908738969,Foster Care Associates Limited,"£3,662.23"
Manchester City Council,1004,Childrens & Education Services,Foster Payments,07/02/2025,1908725700,The National Fostering Agency Ltd,"£3,660.55"
Manchester City Council,1004,Childrens & Education Services,Foster Payments,07/02/2025,1908725567,Safehouses North Ltd,"£3,656.05"
Manchester City Council,1005,Adult Social Care,Payments for services,14/02/2025,5105976122,ACORN Recovery Projects,"£3,653.57"
Manchester City Council,1005,Adult Social Care,Payments for services,14/02/2025,5105976124,ACORN Recovery Projects,"£3,653.57"
Manchester City Council,1005,Adult Social Care,Payments for services,14/02/2025,5105976126,ACORN Recovery Projects,"£3,653.57"
Manchester City Council,1005,Adult Social Care,Payments for services,28/02/2025,5105976130,ACORN Recovery Projects,"£3,653.57"
Manchester City Council,1004,Childrens & Education Services,Foster Payments,21/02/2025,1908738968,Foster Care Associates Limited,"£3,652.95"
Manchester City Council,1000,Manchester Leisure,Housing Rents Debit,13/02/2025,1908726425,Redacted Personal Information,"£3,652.34"
Manchester City Council,1004,Childrens & Education Services,Foster Payments,07/02/2025,1908725726,Fostering People Ltd,"£3,649.20"
Manchester City Council,1000,Manchester Leisure,Stationery,14/02/2025,5105976235,Orbis Protect Ltd,"£3,648.90"
Manchester City Council,1004,Childrens & Education Services,Foster Payments,21/02/2025,1908739002,The Fostering Team,"£3,640.06"
Manchester City Council,1004,Childrens & Education Services,Foster Payments,05/02/2025,1908720466,Redacted Personal Information,"£3,640.00"
Manchester City Council,1004,Childrens & Education Services,Foster Payments,19/02/2025,1908736138,Redacted Personal Information,"£3,640.00"
Manchester City Council,1004,Childrens & Education Services,Foster Payments,21/02/2025,1908739006,The Fostering Team,"£3,636.08"
Manchester City Council,1004,Childrens & Education Services,Foster Payments,21/02/2025,1908738999,The Fostering Team,"£3,635.99"
Manchester City Council,1004,Childrens & Education Services,Foster Payments,21/02/2025,1908738996,The Fostering Team,"£3,635.99"
Manchester City Council,1004,Childrens & Education Services,Foster Payments,21/02/2025,1908739001,The Fostering Team,"£3,635.99"
Manchester City Council,1004,Childrens & Education Services,Foster Payments,21/02/2025,1908739008,The Fostering Team,"£3,635.99"
Manchester City Council,1004,Childrens & Education Services,Foster Payments,21/02/2025,1908739007,The Fostering Team,"£3,635.99"
Manchester City Council,1004,Childrens & Education Services,Foster Payments,21/02/2025,1908738995,The Fostering Team,"£3,635.99"
Manchester City Council,1004,Childrens & Education Services,Foster Payments,07/02/2025,1908725673,Fostering Solutions,"£3,632.95"
Manchester City Council,1004,Childrens & Education Services,Foster Payments,07/02/2025,1908725652,Fostering Solutions,"£3,632.95"
Manchester City Council,1004,Childrens & Education Services,Foster Payments,07/02/2025,1908725687,The National Fostering Agency Ltd,"£3,632.66"
Manchester City Council,1004,Childrens & Education Services,Foster Payments,07/02/2025,1908725694,Alpha Plus Fostering Limited,"£3,632.36"
Manchester City Council,1004,Childrens & Education Services,Agency staff provision,24/02/2025,1908740137,Reed Employment Plc,"£3,631.61"
Manchester City Council,1007,Corporate Services,Fees,26/02/2025,1908723613,Newlyn Plc,"£3,630.68"
Manchester City Council,1004,Childrens & Education Services,Transport Coach Hire,06/02/2025,5105974468,AFJ Ltd,"£3,626.53"
Manchester City Council,1004,Childrens & Education Services,Foster Payments,14/02/2025,1908732713,The Foster Care Charity,"£3,625.09"
Manchester City Council,1004,Childrens & Education Services,Foster Payments,07/02/2025,1908725723,Fostering People Ltd,"£3,618.26"
Manchester City Council,1004,Childrens & Education Services,Third party payments relating to Voluntary Organisations,12/02/2025,1908729262,Redacted Personal Information,"£3,616.80"
Manchester City Council,1004,Childrens & Education Services,Third party payments relating to Voluntary Organisations,12/02/2025,1908729322,Honeybear Day Nursery,"£3,610.80"
Manchester City Council,1004,Childrens & Education Services,Foster Payments,14/02/2025,1908732770,The Lorimer Group,"£3,609.86"
Manchester City Council,1005,Adult Social Care,Payments for services,11/02/2025,5105975288,The Nelson Trust,"£3,609.33"
Manchester City Council,1005,Adult Social Care,Payments for services,11/02/2025,5105975289,The Nelson Trust,"£3,609.33"
Manchester City Council,1004,Childrens & Education Services,Foster Payments,07/02/2025,1908725611,Three Circles Fostering Ltd,"£3,609.29"
Manchester City Council,1004,Childrens & Education Services,Foster Payments,14/02/2025,1908732674,Three Circles Fostering Ltd,"£3,609.29"
Manchester City Council,1004,Childrens & Education Services,Foster Payments,07/02/2025,1908725604,Foster Cares Ltd,"£3,606.27"
Manchester City Council,1004,Childrens & Education Services,Foster Payments,07/02/2025,1908725605,Foster Cares Ltd,"£3,606.27"
Manchester City Council,1004,Childrens & Education Services,Foster Payments,07/02/2025,1908725744,Olive Branch Fostering,"£3,603.75"
Manchester City Council,1004,Childrens & Education Services,Foster Payments,07/02/2025,1908725740,Olive Branch Fostering,"£3,603.75"
Manchester City Council,1004,Childrens & Education Services,Third party payments relating to Voluntary Organisations,12/02/2025,1908729467,Building Blocks Day Nursery Moston,"£3,603.60"
Manchester City Council,1004,Childrens & Education Services,Transport Coach Hire,21/02/2025,5105976437,Redacted Personal Information,"£3,600.00"
Manchester City Council,1004,Childrens & Education Services,Home Care ,18/02/2025,5105976549,Mentoring with Esteem Ltd,"£3,600.00"
Manchester City Council,1000,Manchester Leisure,Compensation Payments,04/02/2025,1908718020,Redacted Personal Information,"£3,600.00"
Manchester City Council,1000,Manchester Leisure,Third party payments relating to Voluntary Organisations,05/02/2025,5105973800,Justlife Foundation Limited,"£3,600.00"
Manchester City Council,1004,Childrens & Education Services,Home Care ,18/02/2025,5105976547,Mentoring with Esteem Ltd,"£3,600.00"
Manchester City Council,1000,Manchester Leisure,Professional Fees,10/02/2025,5105975238,Daly Drains Ltd,"£3,599.65"
Manchester City Council,1004,Childrens & Education Services,Foster Payments,07/02/2025,1908725701,The National Fostering Agency Ltd,"£3,596.03"
Manchester City Council,1004,Childrens & Education Services,Professional fees,03/02/2025,5105973592,Sensorywise Bramhall Ltd,"£3,595.00"
Manchester City Council,1004,Childrens & Education Services,Foster Payments,07/02/2025,1908725615,Three Circles Fostering Ltd,"£3,594.31"
Manchester City Council,1002,Hospitality + Trading Services,Equipment,28/02/2025,5105973701,Landscape Supply Company,"£3,594.00"
Manchester City Council,1005,Adult Social Care,Payments for services,12/02/2025,1908729685,Cameolord Pharmacy Ltd,"£3,592.30"
Manchester City Council,1004,Childrens & Education Services,Foster Payments,14/02/2025,1908732712,The Foster Care Charity,"£3,588.84"
Manchester City Council,1004,Childrens & Education Services,Foster Payments,14/02/2025,1908732711,The Foster Care Charity,"£3,588.84"
Manchester City Council,1004,Childrens & Education Services,Payments to Academie,12/02/2025,1908729597,Unity Community Primary School,"£3,583.80"
Manchester City Council,1004,Childrens & Education Services,Third party payments relating to Voluntary Organisations,12/02/2025,1908728608,Redacted Personal Information,"£3,582.45"
Manchester City Council,1004,Childrens & Education Services,Foster Payments,07/02/2025,1908725724,Fostering People Ltd,"£3,575.11"
Manchester City Council,1009,Housing General Fund,Building Works,17/02/2025,1908734199,Stannah Lift Services Ltd,"£3,572.00"
Manchester City Council,1004,Childrens & Education Services,Foster Payments,14/02/2025,1908732754,The Together Trust,"£3,568.10"
Manchester City Council,1004,Childrens & Education Services,Foster Payments,07/02/2025,1908725705,Alpha Plus Fostering Limited,"£3,560.21"
Manchester City Council,1004,Childrens & Education Services,Foster Payments,07/02/2025,1908725696,Alpha Plus Fostering Limited,"£3,560.21"
Manchester City Council,1012,Regeneration Finance,Home Care ,18/02/2025,1908734379,Hillcity Day Nursery,"£3,560.00"
Manchester City Council,1004,Childrens & Education Services,Foster Payments,07/02/2025,1908725695,Alpha Plus Fostering Limited,"£3,559.92"
Manchester City Council,1004,Childrens & Education Services,Foster Payments,07/02/2025,1908725686,The National Fostering Agency Ltd,"£3,559.92"
Manchester City Council,1007,Corporate Services,Cash Collection,10/02/2025,5105974187,NSL Ltd,"£3,559.86"
Manchester City Council,1005,Adult Social Care,Agency staff provision,04/02/2025,1908718471,Reed Employment Plc,"£3,554.86"
Manchester City Council,1004,Childrens & Education Services,Foster Payments,14/02/2025,1908732687,UK Fostering Ltd,"£3,551.36"
Manchester City Council,1005,Adult Social Care,Agency staff provision,18/02/2025,1908734558,Reed Employment Plc,"£3,543.35"
Manchester City Council,1005,Adult Social Care,Payments for services,14/02/2025,5105976186,Somewhere House Ltd,"£3,542.68"
Manchester City Council,1005,Adult Social Care,Payments for services,14/02/2025,5105976088,Somewhere House Ltd,"£3,542.68"
Manchester City Council,1005,Adult Social Care,Payments for services,14/02/2025,5105976087,Somewhere House Ltd,"£3,542.68"
Manchester City Council,1004,Childrens & Education Services,Foster Payments,21/02/2025,1908738994,The Fostering Team,"£3,542.32"
Manchester City Council,1004,Childrens & Education Services,Foster Payments,21/02/2025,1908738998,The Fostering Team,"£3,542.28"
Manchester City Council,1004,Childrens & Education Services,Foster Payments,07/02/2025,1908725610,Three Circles Fostering Ltd,"£3,537.10"
Manchester City Council,1004,Childrens & Education Services,Foster Payments,14/02/2025,1908732673,Three Circles Fostering Ltd,"£3,537.10"
Manchester City Council,1004,Childrens & Education Services,Payments for services,10/02/2025,5105974998,Time Specialist Support Ltd,"£3,536.00"
Manchester City Council,1004,Childrens & Education Services,Foster Payments,07/02/2025,1908725725,Fostering People Ltd,"£3,535.39"
Manchester City Council,1004,Childrens & Education Services,Third party payments relating to Voluntary Organisations,12/02/2025,1908729349,Littleways Daisy Bank,"£3,531.00"
Manchester City Council,1005,Adult Social Care,Payments for services,10/02/2025,5105974610,Kaleidoscope Project,"£3,530.00"
Manchester City Council,1005,Adult Social Care,Payments for services,24/02/2025,5105976696,Kaleidoscope Project,"£3,530.00"
Manchester City Council,1005,Adult Social Care,Payments for services,10/02/2025,5105974389,Kaleidoscope Project,"£3,530.00"
Manchester City Council,1005,Adult Social Care,Payments for services,10/02/2025,5105974612,Kaleidoscope Project,"£3,530.00"
Manchester City Council,1000,Manchester Leisure,Security,12/02/2025,5105973860,UNIQUE SPECIALIST SERVICES,"£3,528.00"
Manchester City Council,1000,Manchester Leisure,Security,26/02/2025,5105976830,UNIQUE SPECIALIST SERVICES,"£3,528.00"
Manchester City Council,1000,Manchester Leisure,Security,19/02/2025,5105976558,UNIQUE SPECIALIST SERVICES,"£3,528.00"
Manchester City Council,1000,Manchester Leisure,Security,28/02/2025,5105978153,UNIQUE SPECIALIST SERVICES,"£3,528.00"
Manchester City Council,1000,Manchester Leisure,Security,26/02/2025,5105976829,UNIQUE SPECIALIST SERVICES,"£3,528.00"
Manchester City Council,1000,Manchester Leisure,Security,19/02/2025,5105976559,UNIQUE SPECIALIST SERVICES,"£3,528.00"
Manchester City Council,1000,Manchester Leisure,Security,19/02/2025,5105975762,UNIQUE SPECIALIST SERVICES,"£3,528.00"
Manchester City Council,1000,Manchester Leisure,Security,19/02/2025,5105976560,UNIQUE SPECIALIST SERVICES,"£3,528.00"
Manchester City Council,1000,Manchester Leisure,Security,18/02/2025,5105976557,UNIQUE SPECIALIST SERVICES,"£3,528.00"
Manchester City Council,1005,Adult Social Care,Agency staff provision,18/02/2025,1908734558,Reed Employment Plc,"£3,524.84"
Manchester City Council,1007,Corporate Services,Electricity,10/02/2025,1908726002,Paypoint Co Uk,"£3,520.00"
Manchester City Council,1004,Childrens & Education Services,Third party payments relating to Voluntary Organisations,12/02/2025,1908728518,Manchester Creche,"£3,519.60"
Manchester City Council,1004,Childrens & Education Services,Third party payments relating to Voluntary Organisations,12/02/2025,1908728620,Park View Day Nursery,"£3,519.60"
Manchester City Council,1004,Childrens & Education Services,Third party payments relating to Voluntary Organisations,12/02/2025,1908729077,Early Inspirations Nursery,"£3,519.60"
Manchester City Council,1004,Childrens & Education Services,Third party payments relating to Voluntary Organisations,12/02/2025,1908729218,Vine Playgroup,"£3,519.60"
Manchester City Council,1004,Childrens & Education Services,Third party payments relating to Voluntary Organisations,12/02/2025,1908729138,Little Spuds Day Nursery,"£3,519.60"
Manchester City Council,1004,Childrens & Education Services,Third party payments relating to Voluntary Organisations,12/02/2025,1908728637,Small Wonders Pdn Ltd,"£3,519.60"
Manchester City Council,1004,Childrens & Education Services,Third party payments relating to Voluntary Organisations,12/02/2025,1908728614,Noddy's Day Nursery,"£3,519.60"
Manchester City Council,1004,Childrens & Education Services,Third party payments relating to Voluntary Organisations,12/02/2025,1908729227,Tiny Turtles Day Care Ltd,"£3,519.60"
Manchester City Council,1004,Childrens & Education Services,Third party payments relating to Voluntary Organisations,12/02/2025,1908729104,Happy Tots Nursery,"£3,519.60"
Manchester City Council,1004,Childrens & Education Services,Third party payments relating to Voluntary Organisations,12/02/2025,1908729073,Ducklings Didsbury,"£3,519.60"
Manchester City Council,1004,Childrens & Education Services,Third party payments relating to Voluntary Organisations,12/02/2025,1908729022,Redacted Personal Information,"£3,519.60"
Manchester City Council,1004,Childrens & Education Services,Foster Payments,14/02/2025,1908732755,The Lorimer Group,"£3,519.08"
Manchester City Council,1004,Childrens & Education Services,Third party payments relating to Voluntary Organisations,12/02/2025,1908729505,Happy Tots Nursery,"£3,517.80"
Manchester City Council,1004,Childrens & Education Services,Third party payments relating to Voluntary Organisations,12/02/2025,1908729260,Bizzie Kidz Nursery Ltd,"£3,511.20"
Manchester City Council,1004,Childrens & Education Services,Third party payments to other Local Authorities,27/02/2025,5105977909,Pinc College NW,"£3,508.32"
Manchester City Council,1007,Corporate Services,Electricity,27/02/2025,1908744666,Haven Power Ltd,"£3,505.19"
Manchester City Council,1012,Regeneration Finance,External repairs and maintenance for buildings,11/02/2025,5105975385,Temple Studios,"£3,500.00"
Manchester City Council,1007,Corporate Services,I T Provision,28/02/2025,5105975164,Insight Direct (Uk) Ltd,"£3,491.00"
Manchester City Council,1000,Manchester Leisure,Professional fees,06/02/2025,5105974599,Riverside ECHG,"£3,488.94"
Manchester City Council,1000,Manchester Leisure,Professional fees,06/02/2025,5105974385,Riverside ECHG,"£3,488.94"
Manchester City Council,1000,Manchester Leisure,Professional fees,06/02/2025,5105974597,Riverside ECHG,"£3,488.94"
Manchester City Council,1000,Manchester Leisure,Professional fees,06/02/2025,5105974386,Riverside ECHG,"£3,488.94"
Manchester City Council,1000,Manchester Leisure,Legal Fees,17/02/2025,1908733590,BLZ Solicitors,"£3,484.74"
Manchester City Council,1000,Manchester Leisure,Legal Fees,27/02/2025,1908745577,BLZ Limited T/A BLZ Solicitors,"£3,484.74"
Manchester City Council,1004,Childrens & Education Services,Foster Payments,05/02/2025,1908721156,Redacted Personal Information,"£3,484.00"
Manchester City Council,1004,Childrens & Education Services,Foster Payments,19/02/2025,1908736847,Redacted Personal Information,"£3,484.00"
Manchester City Council,1004,Childrens & Education Services,Foster Payments,14/02/2025,1908732707,Swiis Foster Care Ltd,"£3,483.47"
Manchester City Council,1004,Childrens & Education Services,Foster Payments,14/02/2025,1908732706,Swiis Foster Care Ltd,"£3,483.47"
Manchester City Council,1004,Childrens & Education Services,Third party payments relating to Voluntary Organisations,12/02/2025,1908728795,Redacted Personal Information,"£3,483.00"
Manchester City Council,1004,Childrens & Education Services,Third party payments relating to Voluntary Organisations,12/02/2025,1908728852,My Time Wellness,"£3,483.00"
Manchester City Council,1004,Childrens & Education Services,Third party payments relating to Voluntary Organisations,12/02/2025,1908728915,WMB Born2reign Day Nursery,"£3,483.00"
Manchester City Council,1004,Childrens & Education Services,Third party payments relating to Voluntary Organisations,12/02/2025,1908728908,Tiny Turtles Daycare Ltd,"£3,483.00"
Manchester City Council,1004,Childrens & Education Services,Third party payments relating to Voluntary Organisations,12/02/2025,1908728761,Redacted Personal Information,"£3,483.00"
Manchester City Council,1004,Childrens & Education Services,Third party payments relating to Voluntary Organisations,12/02/2025,1908728733,Redacted Personal Information,"£3,483.00"
Manchester City Council,1004,Childrens & Education Services,Third party payments relating to Voluntary Organisations,12/02/2025,1908728841,Merry Kidz Childcare Ltd,"£3,483.00"
Manchester City Council,1004,Childrens & Education Services,Third party payments relating to Voluntary Organisations,12/02/2025,1908728880,Redacted Personal Information,"£3,483.00"
Manchester City Council,1004,Childrens & Education Services,Third party payments relating to Voluntary Organisations,12/02/2025,1908728787,Redacted Personal Information,"£3,483.00"
Manchester City Council,1004,Childrens & Education Services,Third party payments relating to Voluntary Organisations,12/02/2025,1908729541,Manchester Montessori House,"£3,481.68"
Manchester City Council,1011,Chief Executives,Postage,03/02/2025,5105973698,Royal Mail Direct,"£3,480.00"
Manchester City Council,1004,Childrens & Education Services,Foster Payments,07/02/2025,1908725608,Three Circles Fostering Ltd,"£3,478.37"
Manchester City Council,1000,Manchester Leisure,Rents,12/02/2025,5105975723,Redacted Personal Information,"£3,478.00"
Manchester City Council,1002,Hospitality + Trading Services,Vehicle Hire Costs,05/02/2025,5105974329,Dawsongroup Sweepers,"£3,476.19"
Manchester City Council,1000,Manchester Leisure,Payments to Sub-Contractors,17/02/2025,5105975567,CJM Tree Care Limited,"£3,475.00"
Manchester City Council,1007,Corporate Services,Works and associated costs for Land and Buildings,20/02/2025,5105976870,PYMENTS ALCESTER LTD,"£3,470.00"
Manchester City Council,1013,Highways Services,Building Materials for direct delivery,14/02/2025,5105974614,William Smith Sons (Barnard Castle),"£3,468.34"
Manchester City Council,1012,Regeneration Finance,Water - Metered,27/02/2025,1908744524,Anglian Water Business (National),"£3,467.30"
Manchester City Council,1004,Childrens & Education Services,Payments for services,10/02/2025,5105974425,Redacted Personal Information,"£3,465.00"
Manchester City Council,1000,Manchester Leisure,Agency staff provision,18/02/2025,1908734558,Reed Employment Plc,"£3,462.57"
Manchester City Council,1004,Childrens & Education Services,Foster Payments,07/02/2025,1908725690,Alpha Plus Fostering Limited,"£3,457.63"
Manchester City Council,1004,Childrens & Education Services,Foster Payments,07/02/2025,1908725735,Olive Branch Fostering,"£3,455.14"
Manchester City Council,1004,Childrens & Education Services,Foster Payments,07/02/2025,1908725734,Olive Branch Fostering,"£3,455.14"
Manchester City Council,1004,Childrens & Education Services,Foster Payments,07/02/2025,1908725733,Olive Branch Fostering,"£3,455.14"
Manchester City Council,1004,Childrens & Education Services,Foster Payments,14/02/2025,1908732688,UK Fostering Ltd,"£3,444.72"
Manchester City Council,1004,Childrens & Education Services,Foster Payments,21/02/2025,1908738914,UK Fostering Ltd,"£3,444.72"
Manchester City Council,1004,Childrens & Education Services,Foster Payments,14/02/2025,1908732708,Swiis Foster Care Ltd,"£3,439.76"
Manchester City Council,1004,Childrens & Education Services,Foster Payments,07/02/2025,1908725594,Orange Grove Fostercare Ltd,"£3,433.93"
Manchester City Council,1004,Childrens & Education Services,Foster Payments,07/02/2025,1908725722,Fostering People Ltd,"£3,433.65"
Manchester City Council,1005,Adult Social Care,ClothsUniformLaundry,24/02/2025,5105976439,Work In Style,"£3,427.12"
Manchester City Council,1004,Childrens & Education Services,Foster Payments,07/02/2025,1908725736,Olive Branch Fostering,"£3,420.58"
Manchester City Council,1000,Manchester Leisure,Rents,24/02/2025,5105977197,Redacted Personal Information,"£3,416.00"
Manchester City Council,1005,Adult Social Care,Third party payments relating to Voluntary Organisations,12/02/2025,5105975694,Life By Ringley,"£3,414.67"
Manchester City Council,1005,Adult Social Care,Third party payments relating to Voluntary Organisations,12/02/2025,5105975697,Life By Ringley,"£3,414.67"
Manchester City Council,1005,Adult Social Care,Third party payments relating to Voluntary Organisations,12/02/2025,5105975699,Life By Ringley,"£3,414.67"
Manchester City Council,1005,Adult Social Care,Third party payments relating to Voluntary Organisations,12/02/2025,5105975691,Life By Ringley,"£3,414.67"
Manchester City Council,1004,Childrens & Education Services,Foster Payments,14/02/2025,1908732672,Three Circles Fostering Ltd,"£3,414.43"
Manchester City Council,1004,Childrens & Education Services,Foster Payments,07/02/2025,1908725609,Three Circles Fostering Ltd,"£3,414.43"
Manchester City Council,1005,Adult Social Care,Agency staff provision,04/02/2025,1908718471,Reed Employment Plc,"£3,413.85"
Manchester City Council,1002,Hospitality + Trading Services,Electricity,27/02/2025,1908744582,Haven Power Ltd,"£3,407.01"
Manchester City Council,1004,Childrens & Education Services,Third party payments relating to Voluntary Organisations,12/02/2025,1908729310,Georgie Porgies Wythenshawe,"£3,403.80"
Manchester City Council,1012,Regeneration Finance,Rents,11/02/2025,1908726986,Avison Young (UK) Ltd,"£3,401.58"
Manchester City Council,1012,Regeneration Finance,Rents,11/02/2025,1908726985,Avison Young (UK) Ltd,"£3,401.58"
Manchester City Council,1010,Housing Revenue Account,Works and associated costs for Land and Buildings,04/02/2025,5105973834,Shared Habitat Limited,"£3,400.00"
Manchester City Council,1004,Childrens & Education Services,Transport Coach Hire,21/02/2025,5105975682,Solomon Travel Solutions Ltd,"£3,397.77"
Manchester City Council,1004,Childrens & Education Services,Residential Care Homes Payments,28/02/2025,1908746051,Care Today Childrens Services,"£3,397.03"
Manchester City Council,1004,Childrens & Education Services,Residential Care Homes Payments,28/02/2025,1908746053,Care Today Childrens Services,"£3,397.03"
Manchester City Council,1011,Chief Executives,Legal Fees,27/02/2025,1908745554,Warwickshire County Council,"£3,388.80"
Manchester City Council,1011,Chief Executives,Legal Fees,17/02/2025,1908733535,Redacted Personal Information,"£3,388.80"
Manchester City Council,1005,Adult Social Care,Agency staff provision,18/02/2025,1908734558,Reed Employment Plc,"£3,388.26"
Manchester City Council,1004,Childrens & Education Services,Foster Payments,14/02/2025,1908732676,Three Circles Fostering Ltd,"£3,387.86"
Manchester City Council,1004,Childrens & Education Services,Foster Payments,07/02/2025,1908725613,Three Circles Fostering Ltd,"£3,387.86"
Manchester City Council,1000,Manchester Leisure,Electricity,28/02/2025,5105974201,Switch2 Energey Limited,"£3,385.46"
Manchester City Council,1000,Manchester Leisure,Grant and subscriptions awarded,20/02/2025,5105976918,National Football Museum,"£3,382.00"
Manchester City Council,1005,Adult Social Care,Professional fees,28/02/2025,5105977664,Permanent Futures Temp,"£3,375.00"
Manchester City Council,1005,Adult Social Care,Professional fees,21/02/2025,5105974589,Permanent Futures Temp,"£3,375.00"
Manchester City Council,1005,Adult Social Care,Professional fees,21/02/2025,5105974585,Permanent Futures Temp,"£3,375.00"
Manchester City Council,1005,Adult Social Care,Professional fees,24/02/2025,5105975959,Permanent Futures Temp,"£3,375.00"
Manchester City Council,1005,Adult Social Care,Professional fees,21/02/2025,5105974584,Permanent Futures Temp,"£3,375.00"
Manchester City Council,1005,Adult Social Care,Professional fees,28/02/2025,5105977663,Permanent Futures Temp,"£3,375.00"
Manchester City Council,1005,Adult Social Care,Professional fees,28/02/2025,5105977667,Permanent Futures Temp,"£3,375.00"
Manchester City Council,1005,Adult Social Care,Professional fees,28/02/2025,5105977665,Permanent Futures Temp,"£3,375.00"
Manchester City Council,1005,Adult Social Care,Supported Accommodation,27/02/2025,5105977760,Wythenshawe Community Housing Group,"£3,370.12"
Manchester City Council,1005,Adult Social Care,Supported Accommodation,27/02/2025,5105977757,Wythenshawe Community Housing Group,"£3,370.12"
Manchester City Council,1005,Adult Social Care,Supported Accommodation,27/02/2025,5105977758,Wythenshawe Community Housing Group,"£3,370.12"
Manchester City Council,1011,Chief Executives,Payments to Sub-Contractors,18/02/2025,5105976498,Redacted Personal Information,"£3,366.83"
Manchester City Council,1004,Childrens & Education Services,Foster Payments,14/02/2025,1908732744,Barnardo's,"£3,365.71"
Manchester City Council,1004,Childrens & Education Services,Foster Payments,14/02/2025,1908732743,Barnardo's,"£3,365.71"
Manchester City Council,1004,Childrens & Education Services,Foster Payments,14/02/2025,1908732742,Barnardo's,"£3,365.71"
Manchester City Council,1000,Manchester Leisure,Rents,06/02/2025,5105974593,Devon Homes,"£3,360.00"
Manchester City Council,1007,Corporate Services,Professional Fees,27/02/2025,5105978008,ECS Consultants Ltd,"£3,360.00"
Manchester City Council,1000,Manchester Leisure,Rents,28/02/2025,5105975873,Redacted Personal Information,"£3,360.00"
Manchester City Council,1009,Housing General Fund,Building Works,17/02/2025,1908733599,T F Jones Property Services Ltd,"£3,359.18"
Manchester City Council,1004,Childrens & Education Services,Foster Payments,14/02/2025,1908732741,The Lorimer Group,"£3,353.83"
Manchester City Council,1004,Childrens & Education Services,Foster Payments,14/02/2025,1908732705,Swiis Foster Care Ltd,"£3,353.58"
Manchester City Council,1004,Childrens & Education Services,Third party payments to other Local Authorities,14/02/2025,5105976176,Hulme Hall Grammar School,"£3,346.20"
Manchester City Council,1000,Manchester Leisure,Agency staff provision,18/02/2025,1908734558,Reed Employment Plc,"£3,342.25"
Manchester City Council,1005,Adult Social Care,Professional fees,21/02/2025,5105975716,Permanent Futures Temp,"£3,341.25"
Manchester City Council,1004,Childrens & Education Services,Foster Payments,14/02/2025,1908732700,Swiis Foster Care Ltd,"£3,339.94"
Manchester City Council,1000,Manchester Leisure,Payments to Sub-Contractors,24/02/2025,5105976824,RoSPA Playsafety,"£3,339.00"
Manchester City Council,1004,Childrens & Education Services,Foster Payments,14/02/2025,1908732731,Redacted Personal Information,"£3,334.98"
Manchester City Council,1004,Childrens & Education Services,Foster Payments,14/02/2025,1908732729,Redacted Personal Information,"£3,334.98"
Manchester City Council,1004,Childrens & Education Services,Foster Payments,14/02/2025,1908732728,Redacted Personal Information,"£3,334.98"
Manchester City Council,1004,Childrens & Education Services,Foster Payments,14/02/2025,1908732724,Redacted Personal Information,"£3,334.98"
Manchester City Council,1000,Manchester Leisure,Grant and subscriptions awarded,21/02/2025,5105976786,Manchester Womens Aid,"£3,333.33"
Manchester City Council,1000,Manchester Leisure,Grant and subscriptions awarded,21/02/2025,5105976784,Manchester Womens Aid,"£3,333.33"
Manchester City Council,1000,Manchester Leisure,Electricity,27/02/2025,1908744637,Haven Power Ltd,"£3,332.09"
Manchester City Council,1005,Adult Social Care,Agency staff provision,24/02/2025,1908740137,Reed Employment Plc,"£3,324.87"
Manchester City Council,1009,Housing General Fund,Works and associated costs for Land and Buildings,28/02/2025,5105974527,OFR Consultants Limited,"£3,320.00"
Manchester City Council,1004,Childrens & Education Services,Transport Coach Hire,06/02/2025,5105974441,AFJ Ltd,"£3,320.00"
Manchester City Council,1004,Childrens & Education Services,Transport Coach Hire,06/02/2025,5105974440,AFJ Ltd,"£3,320.00"
Manchester City Council,1005,Adult Social Care,Agency staff provision,24/02/2025,1908740137,Reed Employment Plc,"£3,319.80"
Manchester City Council,1004,Childrens & Education Services,Foster Payments,19/02/2025,1908736082,Redacted Personal Information,"£3,312.00"
Manchester City Council,1004,Childrens & Education Services,Foster Payments,05/02/2025,1908721342,Redacted Personal Information,"£3,312.00"
Manchester City Council,1004,Childrens & Education Services,Third party payments relating to Voluntary Organisations,12/02/2025,1908728862,Redacted Personal Information,"£3,308.85"
Manchester City Council,1003,Environment and Operations,Vehicle Plant Furniture and Equipment,12/02/2025,1908729820,IKEA LTD SHOP ONLINE,"£3,300.30"
Manchester City Council,1000,Manchester Leisure,Legal Fees,11/02/2025,1908727028,Satchell Moran Solicitors,"£3,300.00"
Manchester City Council,1004,Childrens & Education Services,Third party payments relating to Voluntary Organisations,12/02/2025,1908729588,Tiddlywinks Day Nursery Ltd,"£3,288.00"
Manchester City Council,1005,Adult Social Care,Agency staff provision,04/02/2025,1908718471,Reed Employment Plc,"£3,273.09"
Manchester City Council,1004,Childrens & Education Services,Foster Payments,14/02/2025,1908732710,The Foster Care Charity,"£3,272.96"
Manchester City Council,1004,Childrens & Education Services,Third party payments relating to Voluntary Organisations,12/02/2025,1908729134,Little Angels Day Nursery Ltd,"£3,268.20"
Manchester City Council,1007,Corporate Services,Fees,26/02/2025,1908724329,Newlyn Plc,"£3,266.70"
Manchester City Council,1004,Childrens & Education Services,Foster Payments,14/02/2025,1908732692,Three Circles Fostering Ltd,"£3,264.30"
Manchester City Council,1004,Childrens & Education Services,Foster Payments,14/02/2025,1908732678,Three Circles Fostering Ltd,"£3,264.30"
Manchester City Council,1004,Childrens & Education Services,Payments for services,07/02/2025,5105974801,Staff Resources Ltd,"£3,264.00"
Manchester City Council,1005,Adult Social Care,Agency staff provision,18/02/2025,1908734558,Reed Employment Plc,"£3,261.53"
Manchester City Council,1000,Manchester Leisure,Responsive Repairs Work,28/02/2025,5105977682,EQUANS Regeneration Limited,"£3,258.43"
Manchester City Council,1003,Environment and Operations,Vehicle Plant Furniture and Equipment,12/02/2025,1908729824,ERGO OUTLET,"£3,256.31"
Manchester City Council,1004,Childrens & Education Services,Third party payments to other Local Authorities,13/02/2025,5105975871,Worthington Primary School,"£3,256.00"
Manchester City Council,1004,Childrens & Education Services,Third party payments to other Local Authorities,24/02/2025,5105977258,Manchester Road Primary Academy,"£3,255.00"
Manchester City Council,1004,Childrens & Education Services,Third party payments relating to Voluntary Organisations,12/02/2025,1908729504,Happy Kids Childcare Ltd,"£3,252.00"
Manchester City Council,1000,Manchester Leisure,Rents,12/02/2025,5105975730,Redacted Personal Information,"£3,252.00"
Manchester City Council,1007,Corporate Services,ICT Sup & Maintnance,28/02/2025,5105976651,ANS Group Ltd,"£3,242.74"
Manchester City Council,1000,Manchester Leisure,Grant and subscriptions awarded,07/02/2025,5105974578,Assist,"£3,235.00"
Manchester City Council,1005,Adult Social Care,Agency staff provision,04/02/2025,1908718471,Reed Employment Plc,"£3,233.93"
Manchester City Council,1000,Manchester Leisure,Third party payments relating to Voluntary Organisations,05/02/2025,5105974270,Shared Habitat Limited,"£3,230.00"
Manchester City Council,1004,Childrens & Education Services,Foster Payments,14/02/2025,1908732730,Redacted Personal Information,"£3,227.40"
Manchester City Council,1004,Childrens & Education Services,Foster Payments,14/02/2025,1908732727,Redacted Personal Information,"£3,227.40"
Manchester City Council,1007,Corporate Services,Vehicle Plant Furniture and Equipment,20/02/2025,5105976976,H Jenkinson & Co Ltd.,"£3,226.27"
Manchester City Council,1010,Housing Revenue Account,Council Dwelling Adaptations,06/02/2025,5105974006,Rexel UK Ltd,"£3,223.74"
Manchester City Council,1004,Childrens & Education Services,Transport Coach Hire,12/02/2025,5105975666,Solomon Travel Solutions Ltd,"£3,218.94"
Manchester City Council,1004,Childrens & Education Services,Foster Payments,07/02/2025,1908725597,By the Bridge North West,"£3,216.29"
Manchester City Council,1007,Corporate Services,Cleaning Equipment and Materials,24/02/2025,1908740198,PHS Group,"£3,215.16"
Manchester City Council,1004,Childrens & Education Services,Residential Care Homes Payments,28/02/2025,1908746050,Care Today Childrens Services,"£3,215.03"
Manchester City Council,1007,Corporate Services,I T Provision,28/02/2025,5105977656,Taranto Systems Ltd,"£3,212.90"
Manchester City Council,1004,Childrens & Education Services,Foster Payments,14/02/2025,1908732675,Three Circles Fostering Ltd,"£3,210.71"
Manchester City Council,1004,Childrens & Education Services,Foster Payments,07/02/2025,1908725612,Three Circles Fostering Ltd,"£3,210.71"
Manchester City Council,1004,Childrens & Education Services,Third party payments relating to Voluntary Organisations,12/02/2025,1908729536,Littleways Daisy Bank,"£3,210.00"
Manchester City Council,1005,Adult Social Care,Agency staff provision,04/02/2025,1908718471,Reed Employment Plc,"£3,207.54"
Manchester City Council,1004,Childrens & Education Services,Third party payments relating to Voluntary Organisations,12/02/2025,1908729273,Bubbly Bear Day Care Nursery,"£3,204.00"
Manchester City Council,1007,Corporate Services,Cleaning Equipment and Materials,24/02/2025,1908740199,PHS Group,"£3,202.68"
Manchester City Council,1004,Childrens & Education Services,Third party payments relating to Voluntary Organisations,12/02/2025,1908728582,Kids Planet,"£3,201.16"
Manchester City Council,1004,Childrens & Education Services,Agency staff provision,10/02/2025,1908726320,Reed Employment Plc,"£3,200.60"
Manchester City Council,1000,Manchester Leisure,Training and Development,10/02/2025,5105973731,Manchester Mind,"£3,200.00"
Manchester City Council,1004,Childrens & Education Services,Residential Care Homes Payments,28/02/2025,1908746075,FOUR BRANCHES LTD,"£3,200.00"
Manchester City Council,1005,Adult Social Care,Payments for services,28/02/2025,5105975123,Littdale Hall Therpeutic Comm. Ltd,"£3,200.00"
Manchester City Council,1012,Regeneration Finance,Professional fees,28/02/2025,5105977545,RJB Sport Leisure & Tourism,"£3,200.00"
Manchester City Council,1005,Adult Social Care,Payments for services,28/02/2025,5105975124,Littdale Hall Therpeutic Comm. Ltd,"£3,200.00"
Manchester City Council,1004,Childrens & Education Services,Transport Coach Hire,14/02/2025,5105976022,Middleton Cars Ltd,"£3,200.00"
Manchester City Council,1004,Childrens & Education Services,Professional fees,19/02/2025,5105976591,Manchester Hospital School,"£3,200.00"
Manchester City Council,1005,Adult Social Care,Supporting People Payments,26/02/2025,5105976603,Child Action Northwest,"£3,194.73"
Manchester City Council,1004,Childrens & Education Services,Third party payments to other Local Authorities,20/02/2025,5105975882,Reddish Vale High School,"£3,189.00"
Manchester City Council,1004,Childrens & Education Services,Third party payments to other Local Authorities,06/02/2025,5105974554,Beech Hall School Ltd,"£3,188.67"
Manchester City Council,1000,Manchester Leisure,Furniture,18/02/2025,5105976543,Rtech Group Limited,"£3,187.50"
Manchester City Council,1004,Childrens & Education Services,Foster Payments,05/02/2025,1908720344,Redacted Personal Information,"£3,176.00"
Manchester City Council,1000,Manchester Leisure,Agency staff provision,04/02/2025,1908718471,Reed Employment Plc,"£3,175.66"
Manchester City Council,1011,Chief Executives,Legal Fees,19/02/2025,1908735821,Weightmans LLP Solicitors,"£3,175.50"
Manchester City Council,1010,Housing Revenue Account,Council Dwelling Fees,06/02/2025,5105974024,Rexel UK Ltd,"£3,170.27"
Manchester City Council,1004,Childrens & Education Services,Foster Payments,19/02/2025,1908736114,Redacted Personal Information,"£3,170.00"
Manchester City Council,1004,Childrens & Education Services,Foster Payments,05/02/2025,1908720442,Redacted Personal Information,"£3,170.00"
Manchester City Council,1010,Housing Revenue Account,Council Dwelling Adaptations,11/02/2025,5105975445,GREEN GRANT INSTALLS,"£3,169.60"
Manchester City Council,1000,Manchester Leisure,Gas,27/02/2025,1908744192,SEFE ENERGY Ltd,"£3,162.39"
Manchester City Council,1000,Manchester Leisure,Goods purchased for resale in Council outlets,21/02/2025,5105977019,Hachette UK Distribution,"£3,159.09"
Manchester City Council,1004,Childrens & Education Services,Foster Payments,14/02/2025,1908732671,Three Circles Fostering Ltd,"£3,159.00"
Manchester City Council,1004,Childrens & Education Services,Transport Coach Hire,14/02/2025,5105976106,AFJ Ltd,"£3,157.20"
Manchester City Council,1004,Childrens & Education Services,Transport Coach Hire,14/02/2025,5105976105,AFJ Ltd,"£3,155.40"
Manchester City Council,1004,Childrens & Education Services,Foster Payments,07/02/2025,1908725606,IGF Buisness Credit Limited,"£3,155.36"
Manchester City Council,1004,Childrens & Education Services,Transport Coach Hire,14/02/2025,5105976125,AFJ Ltd,"£3,154.00"
Manchester City Council,1004,Childrens & Education Services,Transport Coach Hire,06/02/2025,5105974443,AFJ Ltd,"£3,154.00"
Manchester City Council,1007,Corporate Services,Training and Development,10/02/2025,5105974051,University Of Salford,"£3,150.00"
Manchester City Council,1004,Childrens & Education Services,Third party payments relating to Voluntary Organisations,12/02/2025,1908729337,King David Nursery,"£3,146.00"
Manchester City Council,1003,Environment and Operations,Construction Works,28/02/2025,5105977391,Rosgal Ltd,"£3,145.48"
Manchester City Council,1000,Manchester Leisure,Third party payments relating to Voluntary Organisations,04/02/2025,5105973915,Shared Habitat Limited,"£3,145.00"
Manchester City Council,1007,Corporate Services,Works and associated costs for Land and Buildings,11/02/2025,5105975229,Planit,"£3,141.50"
Manchester City Council,1007,Corporate Services,Vehicle Plant Furniture and Equipment,27/02/2025,5105977966,H Jenkinson & Co Ltd.,"£3,138.28"
Manchester City Council,1004,Childrens & Education Services,Agency staff provision,10/02/2025,1908726320,Reed Employment Plc,"£3,137.21"
Manchester City Council,1004,Childrens & Education Services,Foster Payments,07/02/2025,1908725576,Oldham Borough Council,"£3,136.63"
Manchester City Council,1005,Adult Social Care,Agency staff provision,10/02/2025,1908726320,Reed Employment Plc,"£3,135.52"
Manchester City Council,1009,Housing General Fund,Building Works,17/02/2025,1908734203,Stannah Lift Services Ltd,"£3,133.00"
Manchester City Council,1002,Hospitality + Trading Services,Funeral and coroner related services,28/02/2025,5105975020,G E Robinson & Co Ltd,"£3,122.12"
Manchester City Council,1011,Chief Executives,Printing,24/02/2025,5105977228,Mail Solutions,"£3,120.00"
Manchester City Council,1000,Manchester Leisure,Electricity,27/02/2025,1908744677,Haven Power Ltd,"£3,118.92"
Manchester City Council,1000,Manchester Leisure,Testing Fees,28/02/2025,5105976385,County Scientific Services,"£3,118.35"
Manchester City Council,1000,Manchester Leisure,Gas,27/02/2025,1908744129,SEFE ENERGY Ltd,"£3,116.19"
Manchester City Council,1007,Corporate Services,Works and associated costs for Land and Buildings,04/02/2025,5105973747,BCL,"£3,102.40"
Manchester City Council,1000,Manchester Leisure,Rents,28/02/2025,5105977198,Redacted Personal Information,"£3,102.00"
Manchester City Council,1004,Childrens & Education Services,Foster Payments,05/02/2025,1908721346,Redacted Personal Information,"£3,097.44"
Manchester City Council,1000,Manchester Leisure,Electricity,27/02/2025,1908745131,Haven Power Ltd,"£3,095.56"
Manchester City Council,1004,Childrens & Education Services,Foster Payments,05/02/2025,1908721173,Redacted Personal Information,"£3,094.00"
Manchester City Council,1004,Childrens & Education Services,Foster Payments,19/02/2025,1908736839,Redacted Personal Information,"£3,094.00"
Manchester City Council,1004,Childrens & Education Services,Agency staff provision,10/02/2025,1908726320,Reed Employment Plc,"£3,087.93"
Manchester City Council,1004,Childrens & Education Services,Residential Care Homes Payments,28/02/2025,1908746052,Care Today Childrens Services,"£3,087.63"
Manchester City Council,1004,Childrens & Education Services,Foster Payments,19/02/2025,1908736163,Redacted Personal Information,"£3,084.00"
Manchester City Council,1004,Childrens & Education Services,Foster Payments,05/02/2025,1908720487,Redacted Personal Information,"£3,084.00"
Manchester City Council,1004,Childrens & Education Services,Foster Payments,19/02/2025,1908736130,Redacted Personal Information,"£3,084.00"
Manchester City Council,1004,Childrens & Education Services,Foster Payments,05/02/2025,1908721347,Redacted Personal Information,"£3,084.00"
Manchester City Council,1004,Childrens & Education Services,Agency staff provision,24/02/2025,1908740137,Reed Employment Plc,"£3,083.75"
Manchester City Council,1004,Childrens & Education Services,Agency staff provision,24/02/2025,1908740137,Reed Employment Plc,"£3,082.52"
Manchester City Council,1000,Manchester Leisure,Special Event,13/02/2025,5105975334,SilverbackUk,"£3,082.00"
Manchester City Council,1003,Environment and Operations,Construction Works,20/02/2025,5105976511,J.Hopkins (Contractors) Ltd.,"£3,079.94"
Manchester City Council,1004,Childrens & Education Services,Foster Payments,14/02/2025,1908732766,Embrace Therapeutic Fostering,"£3,076.35"
Manchester City Council,1003,Environment and Operations,Construction Works,28/02/2025,5105977393,Rosgal Ltd,"£3,075.03"
Manchester City Council,1000,Manchester Leisure,Storage Costs,10/02/2025,5105974560,DeepStore,"£3,072.17"
Manchester City Council,1004,Childrens & Education Services,Professional fees,17/02/2025,1908727147,Redacted Personal Information,"£3,071.86"
Manchester City Council,1000,Manchester Leisure,Professional fees,05/02/2025,5105973950,Diversity Travel Ltd,"£3,069.08"
Manchester City Council,1004,Childrens & Education Services,Foster Payments,05/02/2025,1908720968,Redacted Personal Information,"£3,052.00"
Manchester City Council,1004,Childrens & Education Services,Foster Payments,19/02/2025,1908736850,Redacted Personal Information,"£3,052.00"
Manchester City Council,1004,Childrens & Education Services,Foster Payments,19/02/2025,1908736846,Redacted Personal Information,"£3,052.00"
Manchester City Council,1007,Corporate Services,Electricity,27/02/2025,1908744633,Haven Power Ltd,"£3,040.92"
Manchester City Council,1004,Childrens & Education Services,Transport Coach Hire,06/02/2025,5105974444,AFJ Ltd,"£3,039.62"
Manchester City Council,1005,Adult Social Care,Professional fees,28/02/2025,5105977770,Permanent Futures Temp,"£3,037.50"
Manchester City Council,1005,Adult Social Care,Professional fees,28/02/2025,5105977765,Permanent Futures Temp,"£3,037.50"
Manchester City Council,1004,Childrens & Education Services,Foster Payments,05/02/2025,1908721348,Redacted Personal Information,"£3,035.71"
Manchester City Council,1004,Childrens & Education Services,Foster Payments,28/02/2025,1908746026,Action For Children,"£3,035.69"
Manchester City Council,1000,Manchester Leisure,Rents,11/02/2025,5105975146,VSPG Housing Ltd,"£3,028.56"
Manchester City Council,1005,Adult Social Care,Personal needs of client,13/02/2025,5105974699,Hoist & Shower Chair Company,"£3,027.50"
Manchester City Council,1000,Manchester Leisure,Gas,27/02/2025,1908744183,SEFE ENERGY Ltd,"£3,020.45"
Manchester City Council,1004,Childrens & Education Services,Third party payments relating to Voluntary Organisations,12/02/2025,1908728648,Vine Playgroup,"£3,016.80"
Manchester City Council,1004,Childrens & Education Services,Third party payments relating to Voluntary Organisations,12/02/2025,1908728566,Happy Days Nursery,"£3,016.80"
Manchester City Council,1004,Childrens & Education Services,Third party payments relating to Voluntary Organisations,12/02/2025,1908729207,Redacted Personal Information,"£3,016.80"
Manchester City Council,1004,Childrens & Education Services,Third party payments relating to Voluntary Organisations,12/02/2025,1908729165,New Amigos Day Nursery,"£3,016.80"
Manchester City Council,1004,Childrens & Education Services,Third party payments relating to Voluntary Organisations,12/02/2025,1908729195,Redacted Personal Information,"£3,016.80"
Manchester City Council,1004,Childrens & Education Services,Foster Payments,07/02/2025,1908725649,Lancashire County Council,"£3,015.90"
Manchester City Council,1007,Corporate Services,Water - Metered,27/02/2025,1908744561,Anglian Water Business (National),"£3,010.72"
Manchester City Council,1004,Childrens & Education Services,Payments for services,06/02/2025,5105974451,The Together Trust,"£3,010.00"
Manchester City Council,1004,Childrens & Education Services,Foster Payments,07/02/2025,1908725607,IGF Buisness Credit Limited,"£3,006.47"
Manchester City Council,1010,Housing Revenue Account,Electricity,27/02/2025,1908745452,Haven Power Ltd,"£3,000.34"
Manchester City Council,1010,Housing Revenue Account,Electricity,27/02/2025,1908745453,Haven Power Ltd,"£3,000.34"
Manchester City Council,1000,Manchester Leisure,Grant and subscriptions awarded,28/02/2025,5105977748,Manchester Histories,"£3,000.00"
Manchester City Council,1000,Manchester Leisure,Grant and subscriptions awarded,28/02/2025,5105976572,Wellspring Community Church,"£3,000.00"
Manchester City Council,1000,Manchester Leisure,Professional fees,03/02/2025,5105973587,Manchester Alliance For,"£3,000.00"
Manchester City Council,1004,Childrens & Education Services,Foster Payments,19/02/2025,1908736851,Redacted Personal Information,"£3,000.00"
Manchester City Council,1000,Manchester Leisure,Grant and subscriptions awarded,11/02/2025,5105975272,Abraham Moss Warriors JFC,"£3,000.00"
Manchester City Council,1000,Manchester Leisure,Grant and subscriptions awarded,06/02/2025,5105974542,Mahtsen CIC,"£3,000.00"
Manchester City Council,1011,Chief Executives,Printing,28/02/2025,5105975364,Service Level Management Ltd,"£3,000.00"
Manchester City Council,1000,Manchester Leisure,Grant and subscriptions awarded,11/02/2025,5105975269,Rainbow Surprise,"£3,000.00"
Manchester City Council,1005,Adult Social Care,Payments for services,19/02/2025,5105976791,Turning Point,"£3,000.00"
Manchester City Council,1005,Adult Social Care,Payments for services,19/02/2025,5105976695,Turning Point,"£3,000.00"
Manchester City Council,1005,Adult Social Care,Payments for services,14/02/2025,5105976184,Turning Point,"£3,000.00"
Manchester City Council,1005,Adult Social Care,Training and Development,24/02/2025,1908738775,Southon Associates Ltd,"£3,000.00"
Manchester City Council,1005,Adult Social Care,Payments for services,14/02/2025,5105976182,Turning Point,"£3,000.00"
Manchester City Council,1005,Adult Social Care,Payments for services,14/02/2025,5105976136,Turning Point,"£3,000.00"
Manchester City Council,1000,Manchester Leisure,Electricity,27/02/2025,1908745462,Npower,"£2,996.07"
Manchester City Council,1004,Childrens & Education Services,Residential Care Homes Payments,28/02/2025,1908746049,Care Today Childrens Services,"£2,995.72"
Manchester City Council,1000,Manchester Leisure,Refuse Collection,14/02/2025,5105975391,Keep Britain Tidy,"£2,995.00"
Manchester City Council,1000,Manchester Leisure,Electricity,27/02/2025,1908745478,Npower,"£2,992.48"
Manchester City Council,1004,Childrens & Education Services,Foster Payments,14/02/2025,1908732765,Embrace Therapeutic Fostering,"£2,984.06"
Manchester City Council,1005,Adult Social Care,Equipment,28/02/2025,5105977262,Drive Devilbiss Sidhil Ltd,"£2,983.00"
Manchester City Council,1000,Manchester Leisure,Gas,27/02/2025,1908744130,SEFE ENERGY Ltd,"£2,982.67"
Manchester City Council,1005,Adult Social Care,Agency staff provision,18/02/2025,1908734558,Reed Employment Plc,"£2,978.43"
Manchester City Council,1004,Childrens & Education Services,Foster Payments,05/02/2025,1908721344,Redacted Personal Information,"£2,976.00"
Manchester City Council,1004,Childrens & Education Services,Foster Payments,19/02/2025,1908736135,Redacted Personal Information,"£2,976.00"
Manchester City Council,1004,Childrens & Education Services,Foster Payments,05/02/2025,1908720467,Redacted Personal Information,"£2,976.00"
Manchester City Council,1004,Childrens & Education Services,Foster Payments,05/02/2025,1908720463,Redacted Personal Information,"£2,976.00"
Manchester City Council,1004,Childrens & Education Services,Foster Payments,19/02/2025,1908736840,Redacted Personal Information,"£2,976.00"
Manchester City Council,1004,Childrens & Education Services,Foster Payments,05/02/2025,1908721349,Redacted Personal Information,"£2,976.00"
Manchester City Council,1004,Childrens & Education Services,Foster Payments,05/02/2025,1908720443,Redacted Personal Information,"£2,976.00"
Manchester City Council,1004,Childrens & Education Services,Foster Payments,19/02/2025,1908736115,Redacted Personal Information,"£2,976.00"
Manchester City Council,1004,Childrens & Education Services,Foster Payments,05/02/2025,1908720493,Redacted Personal Information,"£2,976.00"
Manchester City Council,1004,Childrens & Education Services,Foster Payments,19/02/2025,1908736131,Redacted Personal Information,"£2,976.00"
Manchester City Council,1004,Childrens & Education Services,Foster Payments,19/02/2025,1908736139,Redacted Personal Information,"£2,976.00"
Manchester City Council,1003,Environment and Operations,Construction Works,28/02/2025,5105977369,Rosgal Ltd,"£2,975.80"
Manchester City Council,1004,Childrens & Education Services,Electricity,27/02/2025,1908744655,Haven Power Ltd,"£2,973.46"
Manchester City Council,1004,Childrens & Education Services,Third party payments relating to Voluntary Organisations,12/02/2025,1908729380,Redacted Personal Information,"£2,970.00"
Manchester City Council,1004,Childrens & Education Services,Third party payments relating to Voluntary Organisations,12/02/2025,1908729476,DeeDee's Childcare Limited,"£2,970.00"
Manchester City Council,1005,Adult Social Care,Agency staff provision,04/02/2025,1908718471,Reed Employment Plc,"£2,965.91"
Manchester City Council,1004,Childrens & Education Services,Foster Payments,19/02/2025,1908736841,Redacted Personal Information,"£2,960.00"
Manchester City Council,1004,Childrens & Education Services,Foster Payments,05/02/2025,1908720436,Redacted Personal Information,"£2,960.00"
Manchester City Council,1004,Childrens & Education Services,Third party payments relating to Voluntary Organisations,12/02/2025,1908729483,Ducklings Didsbury,"£2,959.20"
Manchester City Council,1004,Childrens & Education Services,Foster Payments,14/02/2025,1908732734,Families@familycare Ltd,"£2,954.24"
Manchester City Council,1004,Childrens & Education Services,Third party payments relating to Voluntary Organisations,12/02/2025,1908729460,Brighter Beginnings Charlestown,"£2,953.80"
Manchester City Council,1004,Childrens & Education Services,Third party payments relating to Voluntary Organisations,12/02/2025,1908729296,East Didsbury Pre School,"£2,952.60"
Manchester City Council,1004,Childrens & Education Services,Foster Payments,05/02/2025,1908721232,Redacted Personal Information,"£2,952.20"
Manchester City Council,1007,Corporate Services,External repairs and maintenance for buildings,28/02/2025,5105978007,National Football Museum,"£2,945.00"
Manchester City Council,1004,Childrens & Education Services,Foster Payments,05/02/2025,1908721171,Redacted Personal Information,"£2,944.00"
Manchester City Council,1004,Childrens & Education Services,Foster Payments,05/02/2025,1908720988,Redacted Personal Information,"£2,944.00"
Manchester City Council,1004,Childrens & Education Services,Foster Payments,19/02/2025,1908736852,Redacted Personal Information,"£2,944.00"
Manchester City Council,1004,Childrens & Education Services,Foster Payments,05/02/2025,1908720802,Redacted Personal Information,"£2,944.00"
Manchester City Council,1004,Childrens & Education Services,Foster Payments,19/02/2025,1908736848,Redacted Personal Information,"£2,944.00"
Manchester City Council,1004,Childrens & Education Services,Foster Payments,19/02/2025,1908736491,Redacted Personal Information,"£2,944.00"
Manchester City Council,1007,Corporate Services,Professional fees,28/02/2025,5105978113,Mace Ltd,"£2,940.00"
Manchester City Council,1005,Adult Social Care,Equipment,28/02/2025,5105978131,Aidapt Bathrooms Ltd,"£2,940.00"
Manchester City Council,1004,Childrens & Education Services,Agency staff provision,10/02/2025,1908726320,Reed Employment Plc,"£2,936.55"
Manchester City Council,1004,Childrens & Education Services,Third party payments relating to Voluntary Organisations,12/02/2025,1908729314,Happy Days Nursery,"£2,921.40"
Manchester City Council,1000,Manchester Leisure,Hire of Equipment,12/02/2025,5105975088,Arena Group,"£2,920.00"
Manchester City Council,1007,Corporate Services,Agency staff provision,17/02/2025,5105974622,G2V Recruitment Grp t/a Vivid Resou,"£2,910.98"
Manchester City Council,1007,Corporate Services,Electricity,27/02/2025,1908744893,Haven Power Ltd,"£2,904.08"
Manchester City Council,1000,Manchester Leisure,Third party payments relating to Voluntary Organisations,21/02/2025,5105977120,Shared Habitat Limited,"£2,900.00"
Manchester City Council,1000,Manchester Leisure,Payments to Sub-Contractors,28/02/2025,5105976411,Clearway Drainage Systems Ltd,"£2,898.00"
Manchester City Council,1010,Housing Revenue Account,Works and associated costs for Land and Buildings,12/02/2025,5105975698,E.ON Next,"£2,896.03"
Manchester City Council,1004,Childrens & Education Services,Third party payments relating to Voluntary Organisations,12/02/2025,1908729453,BearNecessities Childcare Ltd,"£2,894.40"
Manchester City Council,1000,Manchester Leisure,Agency staff provision,24/02/2025,1908740137,Reed Employment Plc,"£2,879.17"
Manchester City Council,1004,Childrens & Education Services,Third party payments relating to Voluntary Organisations,12/02/2025,1908729569,Rainbow Nursery Manchester Ltd,"£2,878.20"
Manchester City Council,1004,Childrens & Education Services,Foster Payments,05/02/2025,1908720495,Redacted Personal Information,"£2,878.00"
Manchester City Council,1004,Childrens & Education Services,Foster Payments,19/02/2025,1908736169,Redacted Personal Information,"£2,878.00"
Manchester City Council,1002,Hospitality + Trading Services,Vehicle Hire Costs,10/02/2025,5105974838,Peter Douglass Platforms,"£2,875.00"
Manchester City Council,1011,Chief Executives,Agency staff provision,04/02/2025,1908718471,Reed Employment Plc,"£2,870.07"
Manchester City Council,1012,Regeneration Finance,Transport Taxis,12/02/2025,5105975646,MCR Blackcab Ltd,"£2,868.10"
Manchester City Council,1004,Childrens & Education Services,Foster Payments,19/02/2025,1908736849,Redacted Personal Information,"£2,868.00"
Manchester City Council,1004,Childrens & Education Services,Foster Payments,05/02/2025,1908720894,Redacted Personal Information,"£2,868.00"
Manchester City Council,1004,Childrens & Education Services,Foster Payments,05/02/2025,1908720412,Redacted Personal Information,"£2,868.00"
Manchester City Council,1004,Childrens & Education Services,Foster Payments,19/02/2025,1908736092,Redacted Personal Information,"£2,868.00"
Manchester City Council,1004,Childrens & Education Services,Foster Payments,19/02/2025,1908736845,Redacted Personal Information,"£2,868.00"
Manchester City Council,1004,Childrens & Education Services,Third party payments relating to Voluntary Organisations,12/02/2025,1908729511,Honeybear Day Nursery,"£2,867.40"
Manchester City Council,1011,Chief Executives,Payments to Sub-Contractors,28/02/2025,5105978117,Redacted Personal Information,"£2,867.18"
Manchester City Council,1004,Childrens & Education Services,Third party payments relating to Voluntary Organisations,12/02/2025,1908729359,Marion Scott Playgroup,"£2,862.00"
Manchester City Council,1004,Childrens & Education Services,Agency staff provision,18/02/2025,1908734558,Reed Employment Plc,"£2,858.87"
Manchester City Council,1000,Manchester Leisure,Professional Fees,10/02/2025,5105975234,Daly Drains Ltd,"£2,856.00"
Manchester City Council,1004,Childrens & Education Services,Foster Payments,19/02/2025,1908736694,Redacted Personal Information,"£2,852.00"
Manchester City Council,1004,Childrens & Education Services,Foster Payments,05/02/2025,1908721013,Redacted Personal Information,"£2,852.00"
Manchester City Council,1007,Corporate Services,Grant Payments,11/02/2025,5105974952,Greenwich Leisure Limited,"£2,851.20"
Manchester City Council,1005,Adult Social Care,Agency staff provision,10/02/2025,1908726320,Reed Employment Plc,"£2,850.55"
Manchester City Council,1000,Manchester Leisure,Training and Development,21/02/2025,1908738763,Pennington Choices Ltd,"£2,840.50"
Manchester City Council,1011,Chief Executives,Agency staff provision,18/02/2025,1908734558,Reed Employment Plc,"£2,838.98"
Manchester City Council,1004,Childrens & Education Services,Foster Payments,07/02/2025,1908725702,Alpha Plus Fostering Limited,"£2,837.05"
Manchester City Council,1004,Childrens & Education Services,Third party payments relating to Voluntary Organisations,12/02/2025,1908729576,Simply Cherish Day Nursery,"£2,835.00"
Manchester City Council,1005,Adult Social Care,Agency staff provision,24/02/2025,1908740137,Reed Employment Plc,"£2,830.55"
Manchester City Council,1007,Corporate Services,External repairs and maintenance for buildings,11/02/2025,5105974851,National Football Museum,"£2,822.00"
Manchester City Council,1004,Childrens & Education Services,Court Fees,18/02/2025,1908734736,Liberata,"£2,822.00"
Manchester City Council,1004,Childrens & Education Services,Transport Coach Hire,12/02/2025,5105975652,Redacted Personal Information,"£2,820.00"
Manchester City Council,1009,Housing General Fund,Building Works,17/02/2025,1908734204,Hoist & Shower Chair Company,"£2,815.20"
Manchester City Council,1007,Corporate Services,I T Provision,10/02/2025,5105973617,Taranto Systems Ltd,"£2,814.20"
Manchester City Council,1005,Adult Social Care,Agency staff provision,04/02/2025,1908718471,Reed Employment Plc,"£2,812.55"
Manchester City Council,1005,Adult Social Care,Agency staff provision,10/02/2025,1908726320,Reed Employment Plc,"£2,809.85"
Manchester City Council,1005,Adult Social Care,Supporting People Payments,28/02/2025,5105977137,Praxis Care Group,"£2,809.71"
Manchester City Council,1005,Adult Social Care,Agency staff provision,10/02/2025,1908726320,Reed Employment Plc,"£2,805.71"
Manchester City Council,1005,Adult Social Care,Agency staff provision,10/02/2025,1908726320,Reed Employment Plc,"£2,805.32"
Manchester City Council,1004,Childrens & Education Services,Agency staff provision,24/02/2025,1908740137,Reed Employment Plc,"£2,803.74"
Manchester City Council,1005,Adult Social Care,Agency staff provision,10/02/2025,1908726320,Reed Employment Plc,"£2,802.66"
Manchester City Council,1006,Childrens Services,Building Works,14/02/2025,5105976081,Manchester Communication Academy,"£2,800.00"
Manchester City Council,1013,Highways Services,Professional fees,14/02/2025,5105974484,Pell Frischmann Consultants Ltd,"£2,794.50"
Manchester City Council,1005,Adult Social Care,Agency staff provision,18/02/2025,1908734558,Reed Employment Plc,"£2,791.11"
Manchester City Council,1007,Corporate Services,Electricity,13/02/2025,1908731850,Paypoint Co Uk,"£2,790.00"
Manchester City Council,1007,Corporate Services,Electricity,10/02/2025,1908726001,Paypoint Co Uk,"£2,790.00"
Manchester City Council,1004,Childrens & Education Services,Third party payments relating to Voluntary Organisations,12/02/2025,1908728807,Redacted Personal Information,"£2,786.40"
Manchester City Council,1004,Childrens & Education Services,Third party payments relating to Voluntary Organisations,12/02/2025,1908728725,Redacted Personal Information,"£2,786.40"
Manchester City Council,1004,Childrens & Education Services,Third party payments relating to Voluntary Organisations,12/02/2025,1908728896,Redacted Personal Information,"£2,786.40"
Manchester City Council,1004,Childrens & Education Services,Third party payments relating to Voluntary Organisations,12/02/2025,1908728850,Redacted Personal Information,"£2,786.40"
Manchester City Council,1004,Childrens & Education Services,Third party payments relating to Voluntary Organisations,12/02/2025,1908728881,Redacted Personal Information,"£2,786.40"
Manchester City Council,1004,Childrens & Education Services,Third party payments relating to Voluntary Organisations,12/02/2025,1908728871,Redacted Personal Information,"£2,786.40"
Manchester City Council,1004,Childrens & Education Services,Third party payments relating to Voluntary Organisations,12/02/2025,1908728889,Redacted Personal Information,"£2,786.40"
Manchester City Council,1004,Childrens & Education Services,Third party payments relating to Voluntary Organisations,12/02/2025,1908728777,Summit Education Society Ltd,"£2,786.40"
Manchester City Council,1004,Childrens & Education Services,Third party payments relating to Voluntary Organisations,12/02/2025,1908728870,Redacted Personal Information,"£2,786.40"
Manchester City Council,1004,Childrens & Education Services,Third party payments relating to Voluntary Organisations,12/02/2025,1908728823,Lemon Tree Manchester Ltd,"£2,786.40"
Manchester City Council,1004,Childrens & Education Services,Agency staff provision,10/02/2025,1908726320,Reed Employment Plc,"£2,782.02"
Manchester City Council,1007,Corporate Services,Electricity,27/02/2025,1908745712,Paypoint Co Uk,"£2,780.00"
Manchester City Council,1006,Childrens Services,Works and associated costs for Land and Buildings,28/02/2025,5105976774,Manchester & Cheshire Construction,"£2,778.90"
Manchester City Council,1011,Chief Executives,Hire of Equipment,17/02/2025,5105976488,Manchester Central,"£2,775.00"
Manchester City Council,1011,Chief Executives,Professional fees,05/02/2025,5105974197,Redacted Personal Information,"£2,775.00"
Manchester City Council,1004,Childrens & Education Services,Payments for services,27/02/2025,5105977002,HM Prison and Probation Service,"£2,763.00"
Manchester City Council,1004,Childrens & Education Services,Foster Payments,05/02/2025,1908721350,Redacted Personal Information,"£2,760.00"
Manchester City Council,1004,Childrens & Education Services,Foster Payments,19/02/2025,1908736622,Redacted Personal Information,"£2,760.00"
Manchester City Council,1004,Childrens & Education Services,Foster Payments,19/02/2025,1908736858,Redacted Personal Information,"£2,760.00"
Manchester City Council,1004,Childrens & Education Services,Foster Payments,05/02/2025,1908720935,Redacted Personal Information,"£2,760.00"
Manchester City Council,1004,Childrens & Education Services,Foster Payments,05/02/2025,1908721089,Redacted Personal Information,"£2,756.00"
Manchester City Council,1005,Adult Social Care,Agency staff provision,24/02/2025,1908740137,Reed Employment Plc,"£2,755.63"
Manchester City Council,1007,Corporate Services,Electricity,27/02/2025,1908745238,Haven Power Ltd,"£2,750.85"
Manchester City Council,1000,Manchester Leisure,Grant and subscriptions awarded,07/02/2025,5105974576,Fallowfield and Withington Foodbank,"£2,750.00"
Manchester City Council,1000,Manchester Leisure,Surveys Fees other,17/02/2025,5105976338,Life Environmental Services,"£2,750.00"
Manchester City Council,1004,Childrens & Education Services,Carer Support Payments ,28/02/2025,1908746070,Positive Care Solutions Ltd,"£2,750.00"
Manchester City Council,1012,Regeneration Finance,Furniture,20/02/2025,5105976967,H Jenkinson & Co Ltd.,"£2,748.48"
Manchester City Council,1004,Childrens & Education Services,Agency staff provision,04/02/2025,1908718471,Reed Employment Plc,"£2,745.75"
Manchester City Council,1000,Manchester Leisure,Gas,21/02/2025,5105977090,Wythenshawe Forum Trust Ltd,"£2,743.20"
Manchester City Council,1000,Manchester Leisure,Agency staff provision,04/02/2025,1908718471,Reed Employment Plc,"£2,742.18"
Manchester City Council,1002,Hospitality + Trading Services,Electricity,27/02/2025,1908744678,Haven Power Ltd,"£2,737.34"
Manchester City Council,1007,Corporate Services,Security,06/02/2025,5105974392,Constellia Public Ltd,"£2,735.29"
Manchester City Council,1000,Manchester Leisure,Payments to Sub-Contractors,14/02/2025,5105976415,Community Security (North West),"£2,725.94"
Manchester City Council,1004,Childrens & Education Services,Payments for services,06/02/2025,5105974476,Irwell Valley Housing Association,"£2,725.53"
Manchester City Council,1005,Adult Social Care,Equipment,28/02/2025,5105978132,Aidapt Bathrooms Ltd,"£2,724.00"
Manchester City Council,1010,Housing Revenue Account,Professional fees,28/02/2025,5105976233,Switch2 Energey Limited,"£2,718.28"
Manchester City Council,1007,Corporate Services,Agency staff provision,10/02/2025,1908726320,Reed Employment Plc,"£2,717.10"
Manchester City Council,1007,Corporate Services,Agency staff provision,24/02/2025,1908740137,Reed Employment Plc,"£2,717.10"
Manchester City Council,1007,Corporate Services,Agency staff provision,18/02/2025,1908734558,Reed Employment Plc,"£2,717.10"
Manchester City Council,1007,Corporate Services,Agency staff provision,04/02/2025,1908718471,Reed Employment Plc,"£2,717.10"
Manchester City Council,1005,Adult Social Care,Agency staff provision,18/02/2025,1908734558,Reed Employment Plc,"£2,707.70"
Manchester City Council,1005,Adult Social Care,Payments for services,28/02/2025,5105977740,Kaleidoscope Project,"£2,703.00"
Manchester City Council,1004,Childrens & Education Services,Foster Payments,05/02/2025,1908721359,Redacted Personal Information,"£2,700.86"
Manchester City Council,1007,Corporate Services,Professional fees,10/02/2025,5105973886,Mace Ltd,"£2,700.00"
Manchester City Council,1001,Libraries and Theatres,Vehicle Plant Furniture and Equipment,13/02/2025,5105974397,Grantfen Fire & Security Ltd,"£2,700.00"
Manchester City Council,1004,Childrens & Education Services,Third party payments relating to Voluntary Organisations,21/02/2025,5105977175,Family Action,"£2,698.45"
Manchester City Council,1004,Childrens & Education Services,Foster Payments,14/02/2025,1908732776,Organic Fostering Ltd,"£2,697.43"
Manchester City Council,1004,Childrens & Education Services,Foster Payments,14/02/2025,1908732778,Organic Fostering Ltd,"£2,697.43"
Manchester City Council,1000,Manchester Leisure,Gas,27/02/2025,1908744184,SEFE ENERGY Ltd,"£2,696.93"
Manchester City Council,1007,Corporate Services,Electricity,27/02/2025,1908745141,Haven Power Ltd,"£2,690.46"
Manchester City Council,1005,Adult Social Care,Agency staff provision,24/02/2025,1908740137,Reed Employment Plc,"£2,685.41"
Manchester City Council,1004,Childrens & Education Services,Transport Coach Hire,21/02/2025,5105975681,Solomon Travel Solutions Ltd,"£2,682.45"
Manchester City Council,1004,Childrens & Education Services,Agency staff provision,18/02/2025,1908734558,Reed Employment Plc,"£2,682.13"
Manchester City Council,1002,Hospitality + Trading Services,Vehicle Hire Costs,07/02/2025,5105974933,Manchester Van Hire Ltd,"£2,676.77"
Manchester City Council,1004,Childrens & Education Services,Third party payments to other Local Authorities,10/02/2025,5105975042,Hollingworth Primary School,"£2,675.00"
Manchester City Council,1004,Childrens & Education Services,Foster Payments,14/02/2025,1908732739,Olive Branch Fostering,"£2,673.44"
Manchester City Council,1005,Adult Social Care,Agency staff provision,10/02/2025,1908726320,Reed Employment Plc,"£2,672.37"
Manchester City Council,1004,Childrens & Education Services,Agency staff provision,10/02/2025,1908726320,Reed Employment Plc,"£2,671.75"
Manchester City Council,1000,Manchester Leisure,Furniture,12/02/2025,5105975745,Rtech Group Limited,"£2,670.83"
Manchester City Council,1005,Adult Social Care,Personal needs of client,11/02/2025,5105974616,Appello Careline Ltd,"£2,661.67"
Manchester City Council,1004,Childrens & Education Services,Payments for services,20/02/2025,5105976956,HM Prison and Probation Service,"£2,661.00"
Manchester City Council,1004,Childrens & Education Services,Third party payments relating to Voluntary Organisations,12/02/2025,1908729601,WMB Born2win Day Nursery,"£2,654.40"
Manchester City Council,1005,Adult Social Care,Adult Placements,05/02/2025,1908722400,Redacted Personal Information,"£2,652.32"
Manchester City Council,1000,Manchester Leisure,Works and associated costs for Land and Buildings,26/02/2025,5105977633,Partnering Regen. Development Ltd,"£2,649.00"
Manchester City Council,1004,Childrens & Education Services,Hire of Premises,10/02/2025,5105973721,King's House Conference (Gtr Mcr),"£2,647.50"
Manchester City Council,1000,Manchester Leisure,Third party payments relating to Voluntary Organisations,05/02/2025,5105974269,Shared Habitat Limited,"£2,645.00"
Manchester City Council,1004,Childrens & Education Services,Third party payments relating to Voluntary Organisations,12/02/2025,1908729600,WMB Born2reign Day Nursery,"£2,644.80"
Manchester City Council,1012,Regeneration Finance,Professional fees,28/02/2025,5105975954,AECOM Limited,"£2,639.52"
Manchester City Council,1011,Chief Executives,Legal Fees,14/02/2025,1908733259,Waddington & Son Solicitors,"£2,637.50"
Manchester City Council,1012,Regeneration Finance,Rents,11/02/2025,1908726980,Avison Young (UK) Ltd,"£2,635.49"
Manchester City Council,1004,Childrens & Education Services,Payments for services,19/02/2025,5105976756,HM Prison and Probation Service,"£2,632.00"
Manchester City Council,1007,Corporate Services,Vehicle Plant Furniture and Equipment,20/02/2025,5105976979,H Jenkinson & Co Ltd.,"£2,623.12"
Manchester City Council,1012,Regeneration Finance,Contract Cleaning External,27/02/2025,5105977856,Unify Management Solutions Ltd,"£2,620.00"
Manchester City Council,1012,Regeneration Finance,Contract Cleaning External,27/02/2025,5105977858,Unify Management Solutions Ltd,"£2,620.00"
Manchester City Council,1005,Adult Social Care,Agency staff provision,24/02/2025,1908740137,Reed Employment Plc,"£2,619.83"
Manchester City Council,1003,Environment and Operations,Vehicle Plant Furniture and Equipment,12/02/2025,1908729785,WEX PHOTO,"£2,616.67"
Manchester City Council,1005,Adult Social Care,Agency staff provision,04/02/2025,1908718471,Reed Employment Plc,"£2,615.67"
Manchester City Council,1004,Childrens & Education Services,Foster Payments,19/02/2025,1908736855,Redacted Personal Information,"£2,612.00"
Manchester City Council,1000,Manchester Leisure,"Consumable items eg Toilet rolls, soap etc",03/02/2025,1908717094,EVENT* THE UKS REAL ES,"£2,610.00"
Manchester City Council,1004,Childrens & Education Services,Third party payments to other Local Authorities,13/02/2025,5105975942,Old Trafford Community Academy,"£2,610.00"
Manchester City Council,1011,Chief Executives,General Office expenses,06/02/2025,5105974420,Centre for Assessment,"£2,606.25"
Manchester City Council,1004,Childrens & Education Services,Third party payments to other Local Authorities,28/02/2025,5105978050,Afifah School,"£2,604.67"
Manchester City Council,1004,Childrens & Education Services,Third party payments to other Local Authorities,12/02/2025,5105975486,Broomwood Primary School,"£2,604.00"
Manchester City Council,1004,Childrens & Education Services,Third party payments relating to Voluntary Organisations,12/02/2025,1908729344,Little Angels Day Nursery Ltd,"£2,601.60"
Manchester City Council,1004,Childrens & Education Services,Third party payments relating to Voluntary Organisations,12/02/2025,1908729605,Your Nursery Ltd,"£2,601.60"
Manchester City Council,1005,Adult Social Care,Agency staff provision,04/02/2025,1908718471,Reed Employment Plc,"£2,600.23"
Manchester City Council,1007,Corporate Services,Training and Development,06/02/2025,5105974454,UK Learning Network Limited,"£2,600.00"
Manchester City Council,1004,Childrens & Education Services,Payments for services,20/02/2025,5105977029,Time Specialist Support Ltd,"£2,600.00"
Manchester City Council,1004,Childrens & Education Services,Transport Coach Hire,10/02/2025,5105973848,Ibuses,"£2,600.00"
Manchester City Council,1004,Childrens & Education Services,Third party payments relating to Voluntary Organisations,12/02/2025,1908729426,Trinity House Community Resource Ce,"£2,596.80"
Manchester City Council,1000,Manchester Leisure,Electricity,27/02/2025,1908745469,Npower,"£2,594.96"
Manchester City Council,1000,Manchester Leisure,Electricity,27/02/2025,1908745468,Npower,"£2,594.96"
Manchester City Council,1012,Regeneration Finance,Gas,27/02/2025,1908744175,SEFE ENERGY Ltd,"£2,592.67"
Manchester City Council,1011,Chief Executives,Agency staff provision,24/02/2025,1908740137,Reed Employment Plc,"£2,590.34"
Manchester City Council,1007,Corporate Services,Subsistence and Conference Expenses,12/02/2025,5105975805,Diversity Travel Ltd,"£2,590.00"
Manchester City Council,1000,Manchester Leisure,Furniture,05/02/2025,5105974130,Rtech Group Limited,"£2,587.50"
Manchester City Council,1004,Childrens & Education Services,Third party payments relating to Voluntary Organisations,12/02/2025,1908729509,Hillcity Day Nursery,"£2,587.20"
Manchester City Council,1000,Manchester Leisure,Rents,10/02/2025,5105973871,Redacted Personal Information,"£2,583.00"
Manchester City Council,1004,Childrens & Education Services,Third party payments relating to Voluntary Organisations,12/02/2025,1908729461,Brighter Beginnings Burnage,"£2,582.40"
Manchester City Council,1007,Corporate Services,Works and associated costs for Land and Buildings,27/02/2025,5105977739,Manchester & Cheshire Construction,"£2,580.30"
Manchester City Council,1013,Highways Services,Electricity,27/02/2025,1908744649,Haven Power Ltd,"£2,577.20"
Manchester City Council,1004,Childrens & Education Services,Payments to Academie,12/02/2025,1908728638,St John Fisher & Thomas More RC,"£2,576.85"
Manchester City Council,1002,Hospitality + Trading Services,Professional fees,03/02/2025,5105973586,Pennine Pump & Tank Co.,"£2,575.00"
Manchester City Council,1004,Childrens & Education Services,Foster Payments,19/02/2025,1908736695,Redacted Personal Information,"£2,572.30"
Manchester City Council,1004,Childrens & Education Services,Foster Payments,05/02/2025,1908721014,Redacted Personal Information,"£2,572.30"
Manchester City Council,1004,Childrens & Education Services,Third party payments relating to Voluntary Organisations,12/02/2025,1908729258,Manchester Creche,"£2,568.00"
Manchester City Council,1004,Childrens & Education Services,Foster Payments,05/02/2025,1908721351,Redacted Personal Information,"£2,564.00"
Manchester City Council,1004,Childrens & Education Services,Foster Payments,19/02/2025,1908736664,Redacted Personal Information,"£2,564.00"
Manchester City Council,1004,Childrens & Education Services,Foster Payments,19/02/2025,1908736122,Redacted Personal Information,"£2,564.00"
Manchester City Council,1004,Childrens & Education Services,Foster Payments,05/02/2025,1908720451,Redacted Personal Information,"£2,564.00"
Manchester City Council,1000,Manchester Leisure,Electricity,27/02/2025,1908744620,Haven Power Ltd,"£2,559.87"
Manchester City Council,1004,Childrens & Education Services,Third party payments relating to Voluntary Organisations,12/02/2025,1908729456,Bizzie Kidz Nursery Ltd,"£2,553.60"
Manchester City Council,1010,Housing Revenue Account,Council Dwelling Adaptations,06/02/2025,5105974034,Rexel UK Ltd,"£2,553.48"
Manchester City Council,1004,Childrens & Education Services,Foster Payments,19/02/2025,1908736745,Redacted Personal Information,"£2,552.00"
Manchester City Council,1004,Childrens & Education Services,Foster Payments,05/02/2025,1908721063,Redacted Personal Information,"£2,552.00"
Manchester City Council,1000,Manchester Leisure,Agency staff provision,14/02/2025,5105974769,G2 Recruitment Solutions,"£2,550.00"
Manchester City Council,1002,Hospitality + Trading Services,Refuse Collection,07/02/2025,5105974809,Siemens Financial Services Ltd,"£2,550.00"
Manchester City Council,1000,Manchester Leisure,Rents,27/02/2025,5105977910,Redacted Personal Information,"£2,548.35"
Manchester City Council,1000,Manchester Leisure,Cleaning Equipment and Materials,27/02/2025,5105977705,Moston Janitorial Supplies Ltd,"£2,546.44"
Manchester City Council,1000,Manchester Leisure,ICT Sup & Maintnance,13/02/2025,5105974069,Omfax Systems Ltd,"£2,544.00"
Manchester City Council,1000,Manchester Leisure,Professional fees,20/02/2025,5105976358,Vetspeed Ltd t/a Novus Environmenta,"£2,543.21"
Manchester City Council,1000,Manchester Leisure,Agency staff provision,18/02/2025,1908734558,Reed Employment Plc,"£2,538.42"
Manchester City Council,1011,Chief Executives,Professional fees,13/02/2025,1908731985,Advanced Child Care Assessments,"£2,537.00"
Manchester City Council,1000,Manchester Leisure,Agency staff provision,10/02/2025,1908726320,Reed Employment Plc,"£2,536.13"
Manchester City Council,1004,Childrens & Education Services,Home Care ,28/02/2025,1908746041,Randstad Solutions Ltd,"£2,535.00"
Manchester City Council,1007,Corporate Services,Gas,27/02/2025,1908744232,SEFE ENERGY Ltd,"£2,534.35"
Manchester City Council,1000,Manchester Leisure,Electricity,27/02/2025,1908744630,Haven Power Ltd,"£2,528.53"
Manchester City Council,1000,Manchester Leisure,Grant and subscriptions awarded,27/02/2025,5105977864,Assist,"£2,521.00"
Manchester City Council,1004,Childrens & Education Services,Payments for services,11/02/2025,5105975084,Redacted Personal Information,"£2,520.00"
Manchester City Council,1005,Adult Social Care,Agency staff provision,04/02/2025,1908718471,Reed Employment Plc,"£2,517.37"
Manchester City Council,1004,Childrens & Education Services,Third party payments relating to Voluntary Organisations,12/02/2025,1908729544,Maple House Day Nursery,"£2,515.20"
Manchester City Council,1004,Childrens & Education Services,Third party payments relating to Voluntary Organisations,12/02/2025,1908729172,Community Minded Ltd,"£2,514.00"
Manchester City Council,1004,Childrens & Education Services,Third party payments relating to Voluntary Organisations,12/02/2025,1908729169,Hadijah Childminding Business,"£2,514.00"
Manchester City Council,1004,Childrens & Education Services,Third party payments relating to Voluntary Organisations,12/02/2025,1908728665,Wythenshawe Community Initiative,"£2,514.00"
Manchester City Council,1004,Childrens & Education Services,Third party payments relating to Voluntary Organisations,12/02/2025,1908729164,My Time Wellness,"£2,514.00"
Manchester City Council,1004,Childrens & Education Services,Payments to Academie,12/02/2025,1908729230,Unity Community Primary School,"£2,514.00"
Manchester City Council,1004,Childrens & Education Services,Third party payments relating to Voluntary Organisations,12/02/2025,1908729132,Lemon Tree Manchester Ltd,"£2,514.00"
Manchester City Council,1004,Childrens & Education Services,Third party payments relating to Voluntary Organisations,12/02/2025,1908729054,Redacted Personal Information,"£2,514.00"
Manchester City Council,1004,Childrens & Education Services,Third party payments relating to Voluntary Organisations,12/02/2025,1908728584,Kids Start Ltd,"£2,514.00"
Manchester City Council,1002,Hospitality + Trading Services,Goods purchased for resale in Council outlets,17/02/2025,5105976329,Obitus,"£2,513.00"
Manchester City Council,1010,Housing Revenue Account,Council Dwelling Adaptations,06/02/2025,5105974004,Rexel UK Ltd,"£2,509.88"
Manchester City Council,1009,Housing General Fund,Building Works,03/02/2025,1908717798,T F Jones Property Services Ltd,"£2,502.74"
Manchester City Council,1004,Childrens & Education Services,Foster Payments,28/02/2025,1908746059,Fostering Solutions,"£2,501.40"
Manchester City Council,1007,Corporate Services,Works and associated costs for Land and Buildings,28/02/2025,5105978154,GVA Grimley Ltd,"£2,500.00"
Manchester City Council,1012,Regeneration Finance,Legal Fees,07/02/2025,5105974630,Gunner Cooke LLP,"£2,500.00"
Manchester City Council,1000,Manchester Leisure,Grant and subscriptions awarded,07/02/2025,1908722568,Redacted Personal Information,"£2,500.00"
Manchester City Council,1011,Chief Executives,Works and associated costs for Land and Buildings,28/02/2025,5105973756,Hydrock,"£2,500.00"
Manchester City Council,1005,Adult Social Care,Professional fees,28/02/2025,5105973904,South Manchester GP Federation,"£2,500.00"
Manchester City Council,1000,Manchester Leisure,Third party payments relating to Voluntary Organisations,24/02/2025,5105976608,Lives on Track,"£2,500.00"
Manchester City Council,1005,Adult Social Care,Professional fees,28/02/2025,5105976700,South Manchester GP Federation,"£2,500.00"
Manchester City Council,1000,Manchester Leisure,Supporting People Payments,25/02/2025,5105977528,Barlow Moor Community Association,"£2,500.00"
Manchester City Council,1000,Manchester Leisure,Grant and subscriptions awarded,07/02/2025,1908722591,Redacted Personal Information,"£2,500.00"
Manchester City Council,1011,Chief Executives,Counsel Costs,27/02/2025,1908745573,Central Chambers,"£2,500.00"
Manchester City Council,1005,Adult Social Care,Professional fees,17/02/2025,1908731425,Hulme & City Centre South PCN,"£2,500.00"
Manchester City Council,1010,Housing Revenue Account,Council Dwelling Adaptations,06/02/2025,5105974015,Rexel UK Ltd,"£2,498.12"
Manchester City Council,1005,Adult Social Care,Payments for services,14/02/2025,1908733269,Ladybarn Group Practice,"£2,497.80"
Manchester City Council,1000,Manchester Leisure,Furniture,05/02/2025,5105974185,Rtech Group Limited,"£2,495.83"
Manchester City Council,1004,Childrens & Education Services,Foster Payments,05/02/2025,1908720976,Redacted Personal Information,"£2,495.10"
Manchester City Council,1004,Childrens & Education Services,Foster Payments,19/02/2025,1908736659,Redacted Personal Information,"£2,495.10"
Manchester City Council,1007,Corporate Services,Travel Season TLS,17/02/2025,5105975408,Northern Trains Limited,"£2,490.30"
Manchester City Council,1000,Manchester Leisure,Bed & Breakfast Acc,28/02/2025,5105978186,Redacted Personal Information,"£2,490.00"
Manchester City Council,1005,Adult Social Care,Agency staff provision,04/02/2025,1908718471,Reed Employment Plc,"£2,487.16"
Manchester City Council,1000,Manchester Leisure,Electricity,27/02/2025,1908745480,Npower,"£2,483.32"
Manchester City Council,1012,Regeneration Finance,Gas,27/02/2025,1908744159,SEFE ENERGY Ltd,"£2,481.96"
Manchester City Council,1003,Environment and Operations,Vehicle Plant Furniture and Equipment,03/02/2025,1908717529,WEX PHOTO,"£2,481.67"
Manchester City Council,1004,Childrens & Education Services,Foster Payments,19/02/2025,1908736111,Redacted Personal Information,"£2,478.74"
Manchester City Council,1004,Childrens & Education Services,Foster Payments,05/02/2025,1908721341,Redacted Personal Information,"£2,478.74"
Manchester City Council,1007,Corporate Services,Agency staff provision,18/02/2025,1908734558,Reed Employment Plc,"£2,475.37"
Manchester City Council,1007,Corporate Services,Security,17/02/2025,5105975943,MITIE SECURITY LIMITED,"£2,471.91"
Manchester City Council,1004,Childrens & Education Services,Transport Coach Hire,10/02/2025,5105973939,Ricks Travel,"£2,470.00"
Manchester City Council,1004,Childrens & Education Services,Foster Payments,19/02/2025,1908736857,Redacted Personal Information,"£2,466.00"
Manchester City Council,1004,Childrens & Education Services,Foster Payments,19/02/2025,1908736844,Redacted Personal Information,"£2,466.00"
Manchester City Council,1004,Childrens & Education Services,Foster Payments,05/02/2025,1908720456,Redacted Personal Information,"£2,466.00"
Manchester City Council,1013,Highways Services,Payments to Sub-Contractors,24/02/2025,5105976666,Northern Marking Limited,"£2,463.17"
Manchester City Council,1004,Childrens & Education Services,Furniture,13/02/2025,5105974969,Tough Furniture Ltd,"£2,463.00"
Manchester City Council,1000,Manchester Leisure,"Consumable items eg Toilet rolls, soap etc",03/02/2025,1908717092,KIMPTON CLOCKTOWER,"£2,458.00"
Manchester City Council,1000,Manchester Leisure,Agency staff provision,18/02/2025,1908734558,Reed Employment Plc,"£2,456.45"
Manchester City Council,1005,Adult Social Care,Third party payments to Health Authority,20/02/2025,5105976720,Greater Manchester Mental Health,"£2,450.00"
Manchester City Council,1005,Adult Social Care,Equipment,12/02/2025,5105975766,Smitcare Ltd,"£2,450.00"
Manchester City Council,1005,Adult Social Care,Agency staff provision,24/02/2025,1908740137,Reed Employment Plc,"£2,449.39"
Manchester City Council,1007,Corporate Services,Water - Metered,27/02/2025,1908744367,Anglian Water Business (National),"£2,448.95"
Manchester City Council,1004,Childrens & Education Services,Third party payments to other Local Authorities,11/02/2025,5105975369,Afifah School,"£2,436.67"
Manchester City Council,1013,Highways Services,Agency staff provision,18/02/2025,1908734558,Reed Employment Plc,"£2,433.22"
Manchester City Council,1002,Hospitality + Trading Services,Funeral and coroner related services,17/02/2025,5105975022,G E Robinson & Co Ltd,"£2,430.75"
Manchester City Council,1005,Adult Social Care,Third party payments relating to Voluntary Organisations,04/02/2025,1908716166,PROPCO 2 LTD,"£2,430.00"
Manchester City Council,1004,Childrens & Education Services,Rents,20/02/2025,1908738787,ALLPAY *JOHNNIE JOHNSON H,"£2,425.70"
Manchester City Council,1004,Childrens & Education Services,Third party payments relating to Voluntary Organisations,12/02/2025,1908729058,Redacted Personal Information,"£2,421.82"
Manchester City Council,1005,Adult Social Care,Payments for services,14/02/2025,1908733291,Surrey Lodge Group Practice,"£2,420.60"
Manchester City Council,1002,Hospitality + Trading Services,Building Materials for direct delivery,13/02/2025,1908731029,LEWIS & CO,"£2,418.00"
Manchester City Council,1004,Childrens & Education Services,Foster Payments,21/02/2025,1908738901,Redacted Personal Information,"£2,417.17"
Manchester City Council,1005,Adult Social Care,Agency staff provision,18/02/2025,1908734558,Reed Employment Plc,"£2,416.98"
Manchester City Council,1000,Manchester Leisure,Electricity,27/02/2025,1908745447,Haven Power Ltd,"£2,416.95"
Manchester City Council,1000,Manchester Leisure,Electricity,27/02/2025,1908745446,Haven Power Ltd,"£2,416.95"
Manchester City Council,1007,Corporate Services,Electricity,27/02/2025,1908744583,Haven Power Ltd,"£2,408.33"
Manchester City Council,1010,Housing Revenue Account,Council Dwelling Adaptations,11/02/2025,5105975342,Rexel UK Ltd,"£2,405.46"
Manchester City Council,1000,Manchester Leisure,Third party payments relating to Voluntary Organisations,12/02/2025,5105975001,Great Places Housing Association,"£2,404.50"
Manchester City Council,1000,Manchester Leisure,Professional fees,21/02/2025,5105976932,Orbis Protect Ltd,"£2,403.45"
Manchester City Council,1007,Corporate Services,Removal and Storage of Furniture,28/02/2025,5105975423,BCL,"£2,393.66"
Manchester City Council,1004,Childrens & Education Services,Foster Payments,05/02/2025,1908720423,Redacted Personal Information,"£2,391.71"
Manchester City Council,1000,Manchester Leisure,Agency staff provision,10/02/2025,1908726320,Reed Employment Plc,"£2,391.22"
Manchester City Council,1004,Childrens & Education Services,Foster Payments,19/02/2025,1908736856,Redacted Personal Information,"£2,388.60"
Manchester City Council,1004,Childrens & Education Services,Foster Payments,05/02/2025,1908721219,Redacted Personal Information,"£2,388.60"
Manchester City Council,1007,Corporate Services,Electricity,27/02/2025,1908745439,Haven Power Ltd,"£2,387.93"
Manchester City Council,1000,Manchester Leisure,Agency staff provision,18/02/2025,1908734558,Reed Employment Plc,"£2,383.61"
Manchester City Council,1004,Childrens & Education Services,Foster Payments,05/02/2025,1908720482,Redacted Personal Information,"£2,382.00"
Manchester City Council,1004,Childrens & Education Services,Foster Payments,19/02/2025,1908736158,Redacted Personal Information,"£2,382.00"
Manchester City Council,1000,Manchester Leisure,Grant and subscriptions awarded,05/02/2025,5105974375,Levenshulme Inspire Foundation,"£2,379.00"
Manchester City Council,1012,Regeneration Finance,Removal and Storage of Furniture,20/02/2025,5105975495,M&G Transport & Technical Services,"£2,375.00"
Manchester City Council,1000,Manchester Leisure,Agency staff provision,24/02/2025,1908740137,Reed Employment Plc,"£2,373.46"
Manchester City Council,1004,Childrens & Education Services,I T Provision,07/02/2025,5105974719,Allied Publicity Services Ltd,"£2,369.57"
Manchester City Council,1004,Childrens & Education Services,Payments for services,05/02/2025,5105974095,Sense,"£2,368.29"
Manchester City Council,1007,Corporate Services,Electricity,27/02/2025,1908744593,Haven Power Ltd,"£2,365.82"
Manchester City Council,1000,Manchester Leisure,Agency staff provision,24/02/2025,1908740137,Reed Employment Plc,"£2,365.22"
Manchester City Council,1005,Adult Social Care,Agency staff provision,24/02/2025,1908740137,Reed Employment Plc,"£2,364.27"
Manchester City Council,1013,Highways Services,Agency staff provision,10/02/2025,1908726320,Reed Employment Plc,"£2,363.47"
Manchester City Council,1013,Highways Services,Agency staff provision,24/02/2025,1908740137,Reed Employment Plc,"£2,363.47"
Manchester City Council,1009,Housing General Fund,Building Works,28/02/2025,1908745860,T F Jones Property Services Ltd,"£2,360.70"
Manchester City Council,1001,Libraries and Theatres,Council Dwelling Adaptations,24/02/2025,5105977360,H Jenkinson & Co Ltd.,"£2,360.00"
Manchester City Council,1004,Childrens & Education Services,"Consumable items eg Toilet rolls, soap etc",13/02/2025,1908731257,CT BROOK ACCOMODATION,"£2,360.00"
Manchester City Council,1010,Housing Revenue Account,Council Dwelling Adaptations,07/02/2025,5105974648,City Plumbing Supplies Holdings Ltd,"£2,357.93"
Manchester City Council,1005,Adult Social Care,Payments for services,14/02/2025,5105976127,ACORN Recovery Projects,"£2,357.14"
Manchester City Council,1009,Housing General Fund,Works and associated costs for Land and Buildings,28/02/2025,5105974158,OFR Consultants Limited,"£2,356.00"
Manchester City Council,1009,Housing General Fund,Building Works,03/02/2025,1908717774,Hoist & Shower Chair Company,"£2,355.22"
Manchester City Council,1004,Childrens & Education Services,Third party payments relating to Voluntary Organisations,12/02/2025,1908729362,Merry Kidz Childcare Limited,"£2,354.40"
Manchester City Council,1000,Manchester Leisure,Security,19/02/2025,5105975756,UNIQUE SPECIALIST SERVICES,"£2,352.00"
Manchester City Council,1000,Manchester Leisure,Security,28/02/2025,5105978156,UNIQUE SPECIALIST SERVICES,"£2,352.00"
Manchester City Council,1000,Manchester Leisure,Security,19/02/2025,5105975537,UNIQUE SPECIALIST SERVICES,"£2,352.00"
Manchester City Council,1000,Manchester Leisure,Security,12/02/2025,5105973868,UNIQUE SPECIALIST SERVICES,"£2,352.00"
Manchester City Council,1000,Manchester Leisure,Security,24/02/2025,5105976343,UNIQUE SPECIALIST SERVICES,"£2,352.00"
Manchester City Council,1000,Manchester Leisure,Security,26/02/2025,5105976822,UNIQUE SPECIALIST SERVICES,"£2,352.00"
Manchester City Council,1000,Manchester Leisure,Security,28/02/2025,5105978140,UNIQUE SPECIALIST SERVICES,"£2,352.00"
Manchester City Council,1000,Manchester Leisure,Security,26/02/2025,5105976842,UNIQUE SPECIALIST SERVICES,"£2,352.00"
Manchester City Council,1000,Manchester Leisure,Security,12/02/2025,5105973858,UNIQUE SPECIALIST SERVICES,"£2,352.00"
Manchester City Council,1013,Highways Services,Electricity,27/02/2025,1908744598,Haven Power Ltd,"£2,350.05"
Manchester City Council,1004,Childrens & Education Services,Foster Payments,05/02/2025,1908721180,Redacted Personal Information,"£2,350.00"
Manchester City Council,1004,Childrens & Education Services,Third party payments relating to Voluntary Organisations,12/02/2025,1908728557,Network Nurseries Limited,"£2,346.40"
Manchester City Council,1005,Adult Social Care,Personal needs of client,20/02/2025,5105975654,YOURmedpack Ltd,"£2,345.00"
Manchester City Council,1004,Childrens & Education Services,Transport Coach Hire,14/02/2025,5105976023,Middleton Cars Ltd,"£2,340.00"
Manchester City Council,1004,Childrens & Education Services,Third party payments relating to Voluntary Organisations,12/02/2025,1908729524,King David Nursery,"£2,340.00"
Manchester City Council,1000,Manchester Leisure,Refuse Collection,28/02/2025,5105977890,Redgate Holdings Ltd,"£2,337.37"
Manchester City Council,1004,Childrens & Education Services,Payments for services,03/02/2025,5105973608,Sendcode CIC,"£2,335.13"
Manchester City Council,1002,Hospitality + Trading Services,Vehicle Repairs,11/02/2025,5105975403,LDS Motor Bodies Ltd,"£2,327.19"
Manchester City Council,1011,Chief Executives,Legal Fees,17/02/2025,1908733522,Redacted Personal Information,"£2,320.50"
Manchester City Council,1004,Childrens & Education Services,Third party payments relating to Voluntary Organisations,12/02/2025,1908728609,Moston Methodist Church Playgroup,"£2,318.47"
Manchester City Council,1004,Childrens & Education Services,Third party payments relating to Voluntary Organisations,12/02/2025,1908729390,Rushford Park Nursery,"£2,317.50"
Manchester City Council,1011,Chief Executives,Legal Fees,17/02/2025,1908733521,Redacted Personal Information,"£2,316.60"
Manchester City Council,1007,Corporate Services,PPM Consequential FM,17/02/2025,5105976143,EQUANS Services Limited,"£2,313.47"
Manchester City Council,1000,Manchester Leisure,Agency staff provision,04/02/2025,1908718471,Reed Employment Plc,"£2,313.07"
Manchester City Council,1007,Corporate Services,Works and associated costs for Land and Buildings,28/02/2025,5105975617,Waterman Infrastructure and,"£2,311.98"
Manchester City Council,1004,Childrens & Education Services,Third party payments relating to Voluntary Organisations,12/02/2025,1908729562,Redacted Personal Information,"£2,310.00"
Manchester City Council,1004,Childrens & Education Services,Foster Payments,21/02/2025,1908738913,By the Bridge North West,"£2,306.16"
Manchester City Council,1012,Regeneration Finance,Rents,11/02/2025,1908726957,Avison Young (UK) Ltd,"£2,303.05"
Manchester City Council,1012,Regeneration Finance,Rents,11/02/2025,1908726955,Avison Young (UK) Ltd,"£2,303.05"
Manchester City Council,1012,Regeneration Finance,Rents,11/02/2025,1908726958,Avison Young (UK) Ltd,"£2,303.05"
Manchester City Council,1012,Regeneration Finance,Rents,11/02/2025,1908726954,Avison Young (UK) Ltd,"£2,303.05"
Manchester City Council,1005,Adult Social Care,Equipment,17/02/2025,5105975750,NRS Healthcare,"£2,302.25"
Manchester City Council,1004,Childrens & Education Services,Third party payments relating to Voluntary Organisations,12/02/2025,1908729468,Building Blocks Nursery (Blackley),"£2,301.60"
Manchester City Council,1012,Regeneration Finance,Counsel Costs,10/02/2025,1908725991,Landmark Chambers,"£2,300.00"
Manchester City Council,1000,Manchester Leisure,Grant and subscriptions awarded,14/02/2025,5105974382,Plant Co-operative CIC,"£2,300.00"
Manchester City Council,1002,Hospitality + Trading Services,Vehicle Repairs,28/02/2025,5105977466,LDS Motor Bodies Ltd,"£2,297.90"
Manchester City Council,1004,Childrens & Education Services,Third party payments relating to Voluntary Organisations,12/02/2025,1908729594,Tiny Steps Nursery Gorton Ltd,"£2,297.40"
Manchester City Council,1004,Childrens & Education Services,Agency staff provision,18/02/2025,1908734558,Reed Employment Plc,"£2,295.28"
Manchester City Council,1009,Housing General Fund,Building Works,28/02/2025,1908745845,Stannah Lift Services Ltd,"£2,295.00"
Manchester City Council,1000,Manchester Leisure,Bed & Breakfast Acc,03/02/2025,1908716682,BEEHOSTING PROPERTY MANAG,"£2,295.00"
Manchester City Council,1002,Hospitality + Trading Services,Vehicle Hire Costs,10/02/2025,5105974567,Fleet Dynamic Consultancy Ltd,"£2,293.80"
Manchester City Council,1004,Childrens & Education Services,Third party payments relating to Voluntary Organisations,12/02/2025,1908729566,Park View Day Nursery,"£2,293.20"
Manchester City Council,1005,Adult Social Care,Agency staff provision,10/02/2025,1908726320,Reed Employment Plc,"£2,291.10"
Manchester City Council,1005,Adult Social Care,Agency staff provision,10/02/2025,1908726320,Reed Employment Plc,"£2,291.10"
Manchester City Council,1005,Adult Social Care,Agency staff provision,24/02/2025,1908740137,Reed Employment Plc,"£2,291.10"
Manchester City Council,1005,Adult Social Care,Agency staff provision,10/02/2025,1908726320,Reed Employment Plc,"£2,291.10"
Manchester City Council,1005,Adult Social Care,Agency staff provision,18/02/2025,1908734558,Reed Employment Plc,"£2,291.10"
Manchester City Council,1000,Manchester Leisure,Third party payments relating to Voluntary Organisations,06/02/2025,5105974240,Great Places Housing Association,"£2,290.00"
Manchester City Council,1004,Childrens & Education Services,Third party payments relating to Voluntary Organisations,12/02/2025,1908729498,Foundation Years Nurs - Debdale,"£2,280.60"
Manchester City Council,1011,Chief Executives,Printing,14/02/2025,5105975687,Geiger Limited,"£2,280.00"
Manchester City Council,1000,Manchester Leisure,Grant and subscriptions awarded,19/02/2025,5105976760,Tree Of Life Centre Wythenshawe,"£2,279.39"
Manchester City Council,1004,Childrens & Education Services,Payments for services,13/02/2025,5105975958,Redacted Personal Information,"£2,276.92"
Manchester City Council,1004,Childrens & Education Services,Third party payments relating to Voluntary Organisations,12/02/2025,1908729485,Summit Education Society Ltd,"£2,274.20"
Manchester City Council,1004,Childrens & Education Services,Third party payments relating to Voluntary Organisations,12/02/2025,1908729376,Noddy's Day Nursery,"£2,272.20"
Manchester City Council,1000,Manchester Leisure,Gas,21/02/2025,5105977112,Wythenshawe Forum Trust Ltd,"£2,269.38"
Manchester City Council,1000,Manchester Leisure,Gas,21/02/2025,5105977114,Wythenshawe Forum Trust Ltd,"£2,269.38"
Manchester City Council,1000,Manchester Leisure,Gas,21/02/2025,5105977121,Wythenshawe Forum Trust Ltd,"£2,269.38"
Manchester City Council,1000,Manchester Leisure,Gas,21/02/2025,5105977124,Wythenshawe Forum Trust Ltd,"£2,269.38"
Manchester City Council,1002,Hospitality + Trading Services,Funeral and coroner related services,14/02/2025,5105976097,TARMAC,"£2,268.16"
Manchester City Council,1005,Adult Social Care,Third party payments relating to Voluntary Organisations,13/02/2025,5105975999,Onward Group Ltd,"£2,267.58"
Manchester City Council,1005,Adult Social Care,Third party payments relating to Voluntary Organisations,13/02/2025,5105975996,Onward Group Ltd,"£2,267.58"
Manchester City Council,1005,Adult Social Care,Third party payments relating to Voluntary Organisations,14/02/2025,5105975997,Onward Group Ltd,"£2,267.58"
Manchester City Council,1004,Childrens & Education Services,Third party payments to other Local Authorities,28/02/2025,5105978144,NISAI Virtual Academy,"£2,266.33"
Manchester City Council,1012,Regeneration Finance,Home Care ,18/02/2025,1908734397,Tiny Turtles Day Care Ltd,"£2,262.00"
Manchester City Council,1012,Regeneration Finance,Electricity,27/02/2025,1908744603,Haven Power Ltd,"£2,260.79"
Manchester City Council,1007,Corporate Services,Electricity,27/02/2025,1908745162,Haven Power Ltd,"£2,258.02"
Manchester City Council,1000,Manchester Leisure,Furniture,04/02/2025,5105973963,Rtec Carpets Ltd,"£2,255.40"
Manchester City Council,1004,Childrens & Education Services,Foster Payments,05/02/2025,1908721338,Redacted Personal Information,"£2,252.75"
Manchester City Council,1000,Manchester Leisure,Furniture,12/02/2025,5105975747,Rtech Group Limited,"£2,250.00"
Manchester City Council,1002,Hospitality + Trading Services,Counsel Costs,04/02/2025,1908718494,Redacted Personal Information,"£2,250.00"
Manchester City Council,1011,Chief Executives,Counsel Costs,12/02/2025,1908728409,Field Court Chambers,"£2,250.00"
Manchester City Council,1011,Chief Executives,Counsel Costs,27/02/2025,1908745599,Five Pump Court Chambers,"£2,250.00"
Manchester City Council,1000,Manchester Leisure,Reuse credits,17/02/2025,5105974721,Biffa Municipal Limited,"£2,250.00"
Manchester City Council,1004,Childrens & Education Services,Foster Payments,05/02/2025,1908720405,Redacted Personal Information,"£2,249.32"
Manchester City Council,1004,Childrens & Education Services,Foster Payments,19/02/2025,1908736085,Redacted Personal Information,"£2,249.32"
Manchester City Council,1004,Childrens & Education Services,Payments for services,05/02/2025,5105974097,Sense,"£2,244.88"
Manchester City Council,1005,Adult Social Care,Payments for services,14/02/2025,5105976110,ACORN Recovery Projects,"£2,239.29"
Manchester City Council,1004,Childrens & Education Services,"Consumable items eg Toilet rolls, soap etc",03/02/2025,1908717375,C2E909100257B UKVI,"£2,239.00"
Manchester City Council,1004,Childrens & Education Services,Home Care ,28/02/2025,1908746039,Randstad Solutions Ltd,"£2,236.00"
Manchester City Council,1013,Highways Services,Purchase of stores for re-distribution,24/02/2025,5105977395,Benchmark Building Supplies Ltd,"£2,232.16"
Manchester City Council,1004,Childrens & Education Services,Contract Cleaning External,14/02/2025,5105976080,Brighter Beginnings Day Nursery,"£2,231.25"
Manchester City Council,1004,Childrens & Education Services,Contract Cleaning External,14/02/2025,5105976201,Brighter Beginnings (Charlestown),"£2,231.25"
Manchester City Council,1004,Childrens & Education Services,Contract Cleaning External,14/02/2025,5105976234,Brighter Beginnings (Newton Heath),"£2,231.25"
Manchester City Council,1012,Regeneration Finance,Electricity,27/02/2025,1908745329,Haven Power Ltd,"£2,229.72"
Manchester City Council,1004,Childrens & Education Services,Professional fees,17/02/2025,5105974548,Quaker Trading Ltd,"£2,229.16"
Manchester City Council,1004,Childrens & Education Services,Third party payments relating to Voluntary Organisations,12/02/2025,1908729280,Redacted Personal Information,"£2,227.68"
Manchester City Council,1004,Childrens & Education Services,Professional fees,27/02/2025,1908745589,MEWA LLP,"£2,223.00"
Manchester City Council,1004,Childrens & Education Services,Electricity,27/02/2025,1908745479,Npower,"£2,219.06"
Manchester City Council,1002,Hospitality + Trading Services,Vehicle Fuel Costs,28/02/2025,5105974717,Standard Fuels Oils,"£2,218.00"
Manchester City Council,1004,Childrens & Education Services,Third party payments relating to Voluntary Organisations,12/02/2025,1908729564,Paintpots (Manchester) Ltd.,"£2,217.60"
Manchester City Council,1011,Chief Executives,Agency staff provision,10/02/2025,1908726320,Reed Employment Plc,"£2,217.38"
Manchester City Council,1007,Corporate Services,Electricity,27/02/2025,1908745325,Haven Power Ltd,"£2,217.29"
Manchester City Council,1005,Adult Social Care,Adult Placements,05/02/2025,1908722394,Redacted Personal Information,"£2,214.92"
Manchester City Council,1011,Chief Executives,Legal Fees,17/02/2025,1908733520,Redacted Personal Information,"£2,211.08"
Manchester City Council,1004,Childrens & Education Services,Third party payments to other Local Authorities,04/02/2025,5105973829,"Global Make Up, Hair Academy","£2,210.00"
Manchester City Council,1004,Childrens & Education Services,Foster Payments,05/02/2025,1908720437,Redacted Personal Information,"£2,208.00"
Manchester City Council,1004,Childrens & Education Services,Foster Payments,19/02/2025,1908736108,Redacted Personal Information,"£2,208.00"
Manchester City Council,1004,Childrens & Education Services,Foster Payments,05/02/2025,1908720464,Redacted Personal Information,"£2,208.00"
Manchester City Council,1004,Childrens & Education Services,Foster Payments,19/02/2025,1908736136,Redacted Personal Information,"£2,208.00"
Manchester City Council,1004,Childrens & Education Services,Foster Payments,19/02/2025,1908736527,Redacted Personal Information,"£2,208.00"
Manchester City Council,1004,Childrens & Education Services,Foster Payments,05/02/2025,1908720839,Redacted Personal Information,"£2,208.00"
Manchester City Council,1007,Corporate Services,Tracing fees,21/02/2025,5105977072,Experian Limited,"£2,206.73"
Manchester City Council,1012,Regeneration Finance,External repairs and maintenance for buildings,14/02/2025,5105976073,Redacted Personal Information,"£2,205.70"
Manchester City Council,1000,Manchester Leisure,Electricity,27/02/2025,1908744654,Haven Power Ltd,"£2,200.62"
Manchester City Council,1005,Adult Social Care,Payments for services,28/02/2025,5105977903,Shardale St Annes Ltd,"£2,200.00"
Manchester City Council,1005,Adult Social Care,Payments for services,28/02/2025,5105977905,Shardale St Annes Ltd,"£2,200.00"
Manchester City Council,1000,Manchester Leisure,Supporting People Payments,14/02/2025,5105974183,4CT Limited,"£2,200.00"
Manchester City Council,1000,Manchester Leisure,Grant and subscriptions awarded,17/02/2025,5105976342,Chorlton Civic Society,"£2,200.00"
Manchester City Council,1004,Childrens & Education Services,Multi Media and open learning packs,20/02/2025,5105976845,Sagitta Media,"£2,200.00"
Manchester City Council,1004,Childrens & Education Services,Third party payments relating to Voluntary Organisations,12/02/2025,1908728642,Superkids Levenshulme Ltd,"£2,199.75"
Manchester City Council,1007,Corporate Services,Water - Metered,27/02/2025,1908744399,Anglian Water Business (National),"£2,196.02"
Manchester City Council,1000,Manchester Leisure,Agency staff provision,10/02/2025,1908726320,Reed Employment Plc,"£2,194.31"
Manchester City Council,1005,Adult Social Care,Agency staff provision,18/02/2025,1908734558,Reed Employment Plc,"£2,191.25"
Manchester City Council,1002,Hospitality + Trading Services,Vehicle Fuel Costs,28/02/2025,5105977155,Standard Fuels Oils,"£2,188.00"
Manchester City Council,1004,Childrens & Education Services,Payments for services,04/02/2025,5105973959,Sense,"£2,186.37"
Manchester City Council,1000,Manchester Leisure,Liquid Contnr Recycl,28/02/2025,5105977889,Redgate Holdings Ltd,"£2,184.40"
Manchester City Council,1000,Manchester Leisure,Water - Metered,27/02/2025,1908744554,Anglian Water Business (National),"£2,183.73"
Manchester City Council,1003,Environment and Operations,Construction Works,24/02/2025,5105976550,Wilde Consultants Ltd,"£2,181.07"
Manchester City Council,1007,Corporate Services,Vehicle Plant Furniture and Equipment,20/02/2025,5105976980,H Jenkinson & Co Ltd.,"£2,180.50"
Manchester City Council,1005,Adult Social Care,Agency staff provision,24/02/2025,1908740137,Reed Employment Plc,"£2,179.18"
Manchester City Council,1000,Manchester Leisure,"Consumable items eg Toilet rolls, soap etc",03/02/2025,1908716591,EBAY O*14-12248-28626,"£2,179.07"
Manchester City Council,1010,Housing Revenue Account,Council Dwelling Adaptations,07/02/2025,5105974647,City Plumbing Supplies Holdings Ltd,"£2,176.48"
Manchester City Council,1007,Corporate Services,Agency staff provision,13/02/2025,5105974206,Adecco Uk Ltd,"£2,174.90"
Manchester City Council,1007,Corporate Services,Agency staff provision,20/02/2025,5105976227,Adecco Uk Ltd,"£2,170.80"
Manchester City Council,1010,Housing Revenue Account,Council Dwelling Adaptations,06/02/2025,5105974083,Rexel UK Ltd,"£2,167.57"
Manchester City Council,1004,Childrens & Education Services,Foster Payments,05/02/2025,1908721201,Redacted Personal Information,"£2,166.00"
Manchester City Council,1004,Childrens & Education Services,Foster Payments,19/02/2025,1908736875,Redacted Personal Information,"£2,166.00"
Manchester City Council,1004,Childrens & Education Services,Foster Payments,05/02/2025,1908720905,Redacted Personal Information,"£2,166.00"
Manchester City Council,1004,Childrens & Education Services,Foster Payments,19/02/2025,1908736596,Redacted Personal Information,"£2,166.00"
Manchester City Council,1004,Childrens & Education Services,Foster Payments,19/02/2025,1908736504,Redacted Personal Information,"£2,166.00"
Manchester City Council,1004,Childrens & Education Services,Foster Payments,05/02/2025,1908720817,Redacted Personal Information,"£2,166.00"
Manchester City Council,1002,Hospitality + Trading Services,Vehicle Repairs,03/02/2025,5105973760,Manchester Van Hire Ltd,"£2,165.56"
Manchester City Council,1000,Manchester Leisure,Grant and subscriptions awarded,11/02/2025,5105975188,Mandem Meetup CIC,"£2,160.00"
Manchester City Council,1000,Manchester Leisure,Professional Fees,10/02/2025,5105975235,Daly Drains Ltd,"£2,158.00"
Manchester City Council,1004,Childrens & Education Services,Foster Payments,05/02/2025,1908720649,Redacted Personal Information,"£2,155.00"
Manchester City Council,1004,Childrens & Education Services,Foster Payments,19/02/2025,1908736324,Redacted Personal Information,"£2,155.00"
Manchester City Council,1004,Childrens & Education Services,Transport Coach Hire,14/02/2025,5105976082,AFJ Ltd,"£2,152.08"
Manchester City Council,1004,Childrens & Education Services,Agency staff provision,10/02/2025,1908726320,Reed Employment Plc,"£2,150.46"
Manchester City Council,1011,Chief Executives,Legal Fees,12/02/2025,5105975568,Russell & Russell Solicitors LLP,"£2,150.33"
Manchester City Council,1004,Childrens & Education Services,Foster Payments,28/02/2025,1908746072,Olive Branch Fostering,"£2,142.80"
Manchester City Council,1005,Adult Social Care,Agency staff provision,10/02/2025,1908726320,Reed Employment Plc,"£2,140.51"
Manchester City Council,1004,Childrens & Education Services,Foster Payments,05/02/2025,1908721337,Redacted Personal Information,"£2,132.00"
Manchester City Council,1004,Childrens & Education Services,Foster Payments,19/02/2025,1908736146,Redacted Personal Information,"£2,132.00"
Manchester City Council,1004,Childrens & Education Services,Foster Payments,19/02/2025,1908736549,Redacted Personal Information,"£2,132.00"
Manchester City Council,1004,Childrens & Education Services,Foster Payments,19/02/2025,1908736170,Redacted Personal Information,"£2,132.00"
Manchester City Council,1004,Childrens & Education Services,Foster Payments,05/02/2025,1908720862,Redacted Personal Information,"£2,132.00"
Manchester City Council,1004,Childrens & Education Services,Foster Payments,05/02/2025,1908720460,Redacted Personal Information,"£2,132.00"
Manchester City Council,1004,Childrens & Education Services,Foster Payments,19/02/2025,1908736123,Redacted Personal Information,"£2,132.00"
Manchester City Council,1004,Childrens & Education Services,Foster Payments,05/02/2025,1908720452,Redacted Personal Information,"£2,132.00"
Manchester City Council,1004,Childrens & Education Services,Foster Payments,05/02/2025,1908721189,Redacted Personal Information,"£2,132.00"
Manchester City Council,1004,Childrens & Education Services,Foster Payments,05/02/2025,1908720496,Redacted Personal Information,"£2,132.00"
Manchester City Council,1004,Childrens & Education Services,Foster Payments,19/02/2025,1908736132,Redacted Personal Information,"£2,132.00"
Manchester City Council,1011,Chief Executives,Postage,28/02/2025,5105976360,Civica Election Services,"£2,131.51"
Manchester City Council,1007,Corporate Services,Professional Fees,28/02/2025,5105977814,Pick Everard,"£2,130.00"
Manchester City Council,1011,Chief Executives,Counsel Costs,06/02/2025,1908723617,18 St John Street Chambers,"£2,130.00"
Manchester City Council,1000,Manchester Leisure,Furniture,11/02/2025,5105975225,Rtech Group Limited,"£2,125.00"
Manchester City Council,1007,Corporate Services,Works and associated costs for Land and Buildings,28/02/2025,5105973538,BCL,"£2,122.00"
Manchester City Council,1004,Childrens & Education Services,Third party payments relating to Voluntary Organisations,12/02/2025,1908729592,Tiddlywinks Day Nursery,"£2,121.60"
Manchester City Council,1004,Childrens & Education Services,Personal needs of client,28/02/2025,5105978150,Haven Healthcare Services,"£2,120.00"
Manchester City Council,1000,Manchester Leisure,Electricity,27/02/2025,1908745465,Npower,"£2,118.42"
Manchester City Council,1011,Chief Executives,Payments to Sub-Contractors,05/02/2025,5105974089,Redacted Personal Information,"£2,117.11"
Manchester City Council,1004,Childrens & Education Services,Professional fees,14/02/2025,5105976091,Alpha Biolaboratories Limited,"£2,115.75"
Manchester City Council,1000,Manchester Leisure,Equipment,21/02/2025,5105977127,Fairway Landscapes Ltd,"£2,112.00"
Manchester City Council,1004,Childrens & Education Services,Third party payments to other Local Authorities,12/02/2025,5105975733,Rochdale Mbc,"£2,105.00"
Manchester City Council,1004,Childrens & Education Services,Third party payments to other Local Authorities,17/02/2025,5105975580,Blessed Thomas Holford School,"£2,105.00"
Manchester City Council,1004,Childrens & Education Services,Third party payments to other Local Authorities,24/02/2025,5105976921,Tameside Metropolitan Bouough,"£2,105.00"
Manchester City Council,1005,Adult Social Care,Payments for services,19/02/2025,5105976741,Turning Point,"£2,100.00"
Manchester City Council,1000,Manchester Leisure,Professional fees,28/02/2025,5105974766,Redacted Personal Information,"£2,100.00"
Manchester City Council,1012,Regeneration Finance,Electricity,27/02/2025,1908744624,Haven Power Ltd,"£2,099.74"
Manchester City Council,1004,Childrens & Education Services,Expenditure re Internal Trading Ordered Externally,06/02/2025,5105974199,Language Line Ltd,"£2,098.75"
Manchester City Council,1005,Adult Social Care,Payments for services,14/02/2025,1908733280,New Collegiate Medical Centre,"£2,098.00"
Manchester City Council,1000,Manchester Leisure,Electricity,27/02/2025,1908745086,Haven Power Ltd,"£2,092.75"
Manchester City Council,1005,Adult Social Care,Agency staff provision,10/02/2025,1908726320,Reed Employment Plc,"£2,092.54"
Manchester City Council,1004,Childrens & Education Services,Supporting People Payments,13/02/2025,5105976053,Child Action Northwest,"£2,091.08"
Manchester City Council,1004,Childrens & Education Services,"Consumable items eg Toilet rolls, soap etc",03/02/2025,1908716573,BOOKING.COM,"£2,090.00"
Manchester City Council,1004,Childrens & Education Services,Third party payments relating to Voluntary Organisations,12/02/2025,1908728775,Redacted Personal Information,"£2,089.80"
Manchester City Council,1004,Childrens & Education Services,Third party payments relating to Voluntary Organisations,12/02/2025,1908728824,Redacted Personal Information,"£2,089.80"
Manchester City Council,1004,Childrens & Education Services,Third party payments relating to Voluntary Organisations,12/02/2025,1908728789,Redacted Personal Information,"£2,089.80"
Manchester City Council,1004,Childrens & Education Services,Third party payments relating to Voluntary Organisations,12/02/2025,1908728811,Redacted Personal Information,"£2,089.80"
Manchester City Council,1004,Childrens & Education Services,Third party payments relating to Voluntary Organisations,12/02/2025,1908728827,Redacted Personal Information,"£2,089.80"
Manchester City Council,1004,Childrens & Education Services,Third party payments relating to Voluntary Organisations,12/02/2025,1908728853,New Amigos Day Nursery,"£2,089.80"
Manchester City Council,1004,Childrens & Education Services,Third party payments relating to Voluntary Organisations,12/02/2025,1908728770,Redacted Personal Information,"£2,089.80"
Manchester City Council,1004,Childrens & Education Services,Third party payments relating to Voluntary Organisations,12/02/2025,1908728779,Redacted Personal Information,"£2,089.80"
Manchester City Council,1004,Childrens & Education Services,Third party payments relating to Voluntary Organisations,12/02/2025,1908728792,Redacted Personal Information,"£2,089.80"
Manchester City Council,1004,Childrens & Education Services,Third party payments relating to Voluntary Organisations,12/02/2025,1908728858,Redacted Personal Information,"£2,089.80"
Manchester City Council,1004,Childrens & Education Services,Third party payments relating to Voluntary Organisations,12/02/2025,1908728825,Little Angels Day Nursery Ltd,"£2,089.80"
Manchester City Council,1004,Childrens & Education Services,Third party payments relating to Voluntary Organisations,12/02/2025,1908728885,Redacted Personal Information,"£2,089.80"
Manchester City Council,1004,Childrens & Education Services,Third party payments relating to Voluntary Organisations,12/02/2025,1908728778,Early Inspirations Nursery,"£2,089.80"
Manchester City Council,1004,Childrens & Education Services,Third party payments relating to Voluntary Organisations,12/02/2025,1908728867,Redacted Personal Information,"£2,089.80"
Manchester City Council,1004,Childrens & Education Services,Third party payments relating to Voluntary Organisations,12/02/2025,1908728872,Redacted Personal Information,"£2,089.80"
Manchester City Council,1004,Childrens & Education Services,Third party payments relating to Voluntary Organisations,12/02/2025,1908728874,Redacted Personal Information,"£2,089.80"
Manchester City Council,1004,Childrens & Education Services,Third party payments relating to Voluntary Organisations,12/02/2025,1908728877,Redacted Personal Information,"£2,089.80"
Manchester City Council,1004,Childrens & Education Services,Foster Payments,05/02/2025,1908721336,Redacted Personal Information,"£2,088.38"
Manchester City Council,1004,Childrens & Education Services,Foster Payments,19/02/2025,1908736598,Redacted Personal Information,"£2,088.38"
Manchester City Council,1011,Chief Executives,Professional fees,13/02/2025,1908731984,Advanced Child Care Assessments,"£2,087.00"
Manchester City Council,1000,Manchester Leisure,Agency staff provision,10/02/2025,1908726320,Reed Employment Plc,"£2,081.47"
Manchester City Council,1000,Manchester Leisure,Agency staff provision,10/02/2025,1908726320,Reed Employment Plc,"£2,080.93"
Manchester City Council,1000,Manchester Leisure,Building Materials for direct delivery,26/02/2025,5105976828,Biffa Municipal Limited,"£2,080.59"
Manchester City Council,1004,Childrens & Education Services,Payments for services,10/02/2025,5105974881,Time Specialist Support Ltd,"£2,080.00"
Manchester City Council,1013,Highways Services,Payments to Sub-Contractors,28/02/2025,5105977151,Northern Marking Limited,"£2,077.34"
Manchester City Council,1000,Manchester Leisure,Professional fees,04/02/2025,5105973741,Redacted Personal Information,"£2,075.00"
Manchester City Council,1004,Childrens & Education Services,Residential Care Homes Payments,21/02/2025,1908738980,The Together Trust,"£2,075.00"
Manchester City Council,1003,Environment and Operations,Construction Works,06/02/2025,5105974438,Ventbrook,"£2,075.00"
Manchester City Council,1004,Childrens & Education Services,Residential Care Homes Payments,07/02/2025,1908725759,The Together Trust,"£2,075.00"
Manchester City Council,1007,Corporate Services,Works and associated costs for Land and Buildings,28/02/2025,5105977947,Turner & Townsend Project,"£2,072.00"
Manchester City Council,1013,Highways Services,Purchase of stores for re-distribution,26/02/2025,1908742773,Marshalls Mono Ltd,"£2,071.52"
Manchester City Council,1011,Chief Executives,Payments to Sub-Contractors,28/02/2025,5105977718,Redacted Personal Information,"£2,070.45"
Manchester City Council,1011,Chief Executives,Agency staff provision,18/02/2025,1908734558,Reed Employment Plc,"£2,069.55"
Manchester City Council,1011,Chief Executives,Agency staff provision,24/02/2025,1908740137,Reed Employment Plc,"£2,069.55"
Manchester City Council,1012,Regeneration Finance,Home Care ,18/02/2025,1908734396,Merry Kidz Childcare Ltd,"£2,067.00"
Manchester City Council,1004,Childrens & Education Services,Foster Payments,19/02/2025,1908736868,Redacted Personal Information,"£2,064.30"
Manchester City Council,1004,Childrens & Education Services,Foster Payments,05/02/2025,1908721335,Redacted Personal Information,"£2,064.30"
Manchester City Council,1011,Chief Executives,Advertising,11/02/2025,5105975138,Global Radio Services Ltd,"£2,064.00"
Manchester City Council,1011,Chief Executives,Catering,17/02/2025,5105976486,Manchester Central,"£2,060.00"
Manchester City Council,1004,Childrens & Education Services,Foster Payments,19/02/2025,1908736562,Redacted Personal Information,"£2,056.00"
Manchester City Council,1004,Childrens & Education Services,Foster Payments,05/02/2025,1908721229,Redacted Personal Information,"£2,056.00"
Manchester City Council,1004,Childrens & Education Services,Foster Payments,05/02/2025,1908721179,Redacted Personal Information,"£2,056.00"
Manchester City Council,1004,Childrens & Education Services,Foster Payments,19/02/2025,1908736100,Redacted Personal Information,"£2,056.00"
Manchester City Council,1004,Childrens & Education Services,Foster Payments,05/02/2025,1908720874,Redacted Personal Information,"£2,056.00"
Manchester City Council,1004,Childrens & Education Services,Foster Payments,21/02/2025,1908739070,Redacted Personal Information,"£2,056.00"
Manchester City Council,1004,Childrens & Education Services,Foster Payments,19/02/2025,1908736865,Redacted Personal Information,"£2,056.00"
Manchester City Council,1004,Childrens & Education Services,Foster Payments,05/02/2025,1908720424,Redacted Personal Information,"£2,056.00"
Manchester City Council,1004,Childrens & Education Services,Foster Payments,05/02/2025,1908720459,Redacted Personal Information,"£2,056.00"
Manchester City Council,1004,Childrens & Education Services,Foster Payments,19/02/2025,1908736866,Redacted Personal Information,"£2,056.00"
Manchester City Council,1012,Regeneration Finance,Training and Development,07/02/2025,5105974726,Training Qualifications UK Ltd,"£2,056.00"
Manchester City Council,1000,Manchester Leisure,Legal Fees,03/02/2025,1908717765,CEL Solicitors,"£2,050.00"
Manchester City Council,1004,Childrens & Education Services,Foster Payments,19/02/2025,1908736433,Redacted Personal Information,"£2,047.00"
Manchester City Council,1004,Childrens & Education Services,Foster Payments,05/02/2025,1908720745,Redacted Personal Information,"£2,047.00"
Manchester City Council,1004,Childrens & Education Services,Foster Payments,19/02/2025,1908736408,Redacted Personal Information,"£2,046.90"
Manchester City Council,1004,Childrens & Education Services,Foster Payments,05/02/2025,1908720723,Redacted Personal Information,"£2,046.90"
Manchester City Council,1004,Childrens & Education Services,Foster Payments,05/02/2025,1908721334,Redacted Personal Information,"£2,046.90"
Manchester City Council,1004,Childrens & Education Services,Foster Payments,19/02/2025,1908736179,Redacted Personal Information,"£2,046.90"
Manchester City Council,1000,Manchester Leisure,Goods purchased for resale in Council outlets,10/02/2025,5105974092,Hachette UK Distribution,"£2,046.71"
Manchester City Council,1013,Highways Services,Electricity,27/02/2025,1908744648,Haven Power Ltd,"£2,045.18"
Manchester City Council,1011,Chief Executives,Expenditure re Internal Trading Ordered Externally,28/02/2025,5105976360,Civica Election Services,"£2,044.33"
Manchester City Council,1000,Manchester Leisure,Professional fees,28/02/2025,5105977223,M247 UK Ltd,"£2,042.84"
Manchester City Council,1005,Adult Social Care,Adult Placements,05/02/2025,1908722389,Redacted Personal Information,"£2,039.00"
Manchester City Council,1005,Adult Social Care,Payments for services,14/02/2025,1908733268,Didsbury Medical Centre,"£2,038.50"
Manchester City Council,1004,Childrens & Education Services,Foster Payments,19/02/2025,1908736577,Redacted Personal Information,"£2,036.46"
Manchester City Council,1004,Childrens & Education Services,Foster Payments,05/02/2025,1908720888,Redacted Personal Information,"£2,036.46"
Manchester City Council,1004,Childrens & Education Services,Third party payments relating to Voluntary Organisations,12/02/2025,1908728731,Redacted Personal Information,"£2,031.75"
Manchester City Council,1004,Childrens & Education Services,Payments for services,17/02/2025,5105976210,Fairfield Care Ltd,"£2,028.84"
Manchester City Council,1004,Childrens & Education Services,Foster Payments,19/02/2025,1908736140,Redacted Personal Information,"£2,024.00"
Manchester City Council,1004,Childrens & Education Services,Foster Payments,19/02/2025,1908736589,Redacted Personal Information,"£2,024.00"
Manchester City Council,1004,Childrens & Education Services,Foster Payments,05/02/2025,1908720899,Redacted Personal Information,"£2,024.00"
Manchester City Council,1004,Childrens & Education Services,Foster Payments,05/02/2025,1908720468,Redacted Personal Information,"£2,024.00"
Manchester City Council,1004,Childrens & Education Services,Foster Payments,19/02/2025,1908736854,Redacted Personal Information,"£2,024.00"
Manchester City Council,1004,Childrens & Education Services,Payments for services,27/02/2025,5105977904,Sense,"£2,021.32"
Manchester City Council,1005,Adult Social Care,Equipment,26/02/2025,5105977055,RNIB,"£2,020.70"
Manchester City Council,1009,Housing General Fund,Building Works,03/02/2025,1908717800,T F Jones Property Services Ltd,"£2,018.40"
Manchester City Council,1007,Corporate Services,Payments to Sub-Contractors,17/02/2025,5105976403,Video Receiving Centre Ltd,"£2,016.00"
Manchester City Council,1005,Adult Social Care,Payments for services,14/02/2025,1908733265,The Borchardt Medical Centre,"£2,014.50"
Manchester City Council,1000,Manchester Leisure,Grant and subscriptions awarded,28/02/2025,5105978032,Fallowfield Library & Comm Centre,"£2,013.96"
Manchester City Council,1004,Childrens & Education Services,Third party payments to other Local Authorities,04/02/2025,5105973787,The Birtenshaw Group,"£2,011.37"
Manchester City Council,1004,Childrens & Education Services,Third party payments to other Local Authorities,04/02/2025,5105973788,The Birtenshaw Group,"£2,011.37"
Manchester City Council,1004,Childrens & Education Services,Third party payments to other Local Authorities,12/02/2025,5105975658,The Birtenshaw Group,"£2,011.37"
Manchester City Council,1004,Childrens & Education Services,Third party payments to other Local Authorities,12/02/2025,5105975660,The Birtenshaw Group,"£2,011.37"
Manchester City Council,1004,Childrens & Education Services,Third party payments relating to Voluntary Organisations,12/02/2025,1908729100,Redacted Personal Information,"£2,011.20"
Manchester City Council,1004,Childrens & Education Services,Third party payments relating to Voluntary Organisations,12/02/2025,1908729078,East Didsbury Pre School,"£2,011.20"
Manchester City Council,1004,Childrens & Education Services,Third party payments relating to Voluntary Organisations,12/02/2025,1908729074,Redacted Personal Information,"£2,011.20"
Manchester City Council,1004,Childrens & Education Services,Third party payments relating to Voluntary Organisations,12/02/2025,1908728600,Maple House Day Nursery,"£2,011.20"
Manchester City Council,1004,Childrens & Education Services,Third party payments relating to Voluntary Organisations,12/02/2025,1908729029,Manchester Creche,"£2,011.20"
Manchester City Council,1004,Childrens & Education Services,Third party payments relating to Voluntary Organisations,12/02/2025,1908729038,Brighter Beginnings Rusholme,"£2,011.20"
Manchester City Council,1004,Childrens & Education Services,Third party payments relating to Voluntary Organisations,12/02/2025,1908729155,Mini Miners Nursery,"£2,011.20"
Manchester City Council,1004,Childrens & Education Services,Third party payments relating to Voluntary Organisations,12/02/2025,1908729231,Redacted Personal Information,"£2,011.20"
Manchester City Council,1004,Childrens & Education Services,Third party payments relating to Voluntary Organisations,12/02/2025,1908728531,Bubbly Bear Day Care Nursery,"£2,011.20"
Manchester City Council,1004,Childrens & Education Services,Third party payments relating to Voluntary Organisations,12/02/2025,1908729068,Redacted Personal Information,"£2,011.20"
Manchester City Council,1004,Childrens & Education Services,Third party payments relating to Voluntary Organisations,12/02/2025,1908729060,Crumpsall Playgroup,"£2,011.20"
Manchester City Council,1004,Childrens & Education Services,Third party payments relating to Voluntary Organisations,12/02/2025,1908728507,Redacted Personal Information,"£2,011.20"
Manchester City Council,1004,Childrens & Education Services,Third party payments relating to Voluntary Organisations,12/02/2025,1908728595,Littleways Day Nursery,"£2,011.20"
Manchester City Council,1004,Childrens & Education Services,Third party payments relating to Voluntary Organisations,12/02/2025,1908729098,Redacted Personal Information,"£2,011.20"
Manchester City Council,1004,Childrens & Education Services,Third party payments relating to Voluntary Organisations,12/02/2025,1908728590,Little Faces Nursery Ltd,"£2,011.20"
Manchester City Council,1004,Childrens & Education Services,Third party payments relating to Voluntary Organisations,12/02/2025,1908729025,Redacted Personal Information,"£2,011.20"
Manchester City Council,1005,Adult Social Care,Payments for services,12/02/2025,1908729741,Withington Pharmacy,"£2,005.80"
Manchester City Council,1004,Childrens & Education Services,Third party payments relating to Voluntary Organisations,12/02/2025,1908729325,Redacted Personal Information,"£2,005.20"
Manchester City Council,1005,Adult Social Care,Training and Development,21/02/2025,1908725354,Lads Like Us Ltd,"£2,000.00"
Manchester City Council,1011,Chief Executives,Counsel Costs,27/02/2025,1908745555,Redacted Personal Information,"£2,000.00"
Manchester City Council,1000,Manchester Leisure,Bed & Breakfast Acc,05/02/2025,5105974257,MJ Rental Ltd,"£2,000.00"
Manchester City Council,1012,Regeneration Finance,Grant and subscriptions awarded,03/02/2025,5105973619,Nurturing Foundations,"£2,000.00"
Manchester City Council,1000,Manchester Leisure,Grant and subscriptions awarded,18/02/2025,5105976552,North West Regional Youth Work Unit,"£2,000.00"
Manchester City Council,1000,Manchester Leisure,Grant and subscriptions awarded,10/02/2025,5105973998,Communities For All Ltd,"£2,000.00"
Manchester City Council,1000,Manchester Leisure,Housing Rents Debit,05/02/2025,1908716140,Redacted Personal Information,"£2,000.00"
Manchester City Council,1000,Manchester Leisure,Legal Fees,13/02/2025,1908731949,Matrix Solicitors,"£2,000.00"
Manchester City Council,1013,Highways Services,Payments to Sub-Contractors,12/02/2025,5105974635,Chevron Traffic Management Ltd,"£2,000.00"
Manchester City Council,1012,Regeneration Finance,Grant and subscriptions awarded,26/02/2025,5105977713,Flourish Together CIC,"£2,000.00"
Manchester City Council,1000,Manchester Leisure,Grant and subscriptions awarded,28/02/2025,5105977293,Greater Manchester Youth Federation,"£2,000.00"
Manchester City Council,1000,Manchester Leisure,Supporting People Payments,28/02/2025,5105977986,Malawi Heritage UK limited,"£2,000.00"
Manchester City Council,1000,Manchester Leisure,Grant and subscriptions awarded,28/02/2025,5105975102,Fare Shop,"£2,000.00"
Manchester City Council,1004,Childrens & Education Services,Agency staff provision,24/02/2025,1908740137,Reed Employment Plc,"£1,999.88"
Manchester City Council,1004,Childrens & Education Services,Foster Payments,19/02/2025,1908736418,Redacted Personal Information,"£1,998.60"
Manchester City Council,1004,Childrens & Education Services,Foster Payments,05/02/2025,1908720732,Redacted Personal Information,"£1,998.60"
Manchester City Council,1012,Regeneration Finance,Home Care ,18/02/2025,1908734380,WMB Born2win Day Nursery,"£1,995.00"
Manchester City Council,1002,Hospitality + Trading Services,Equipment,28/02/2025,5105977266,Rigby Taylor Ltd,"£1,992.20"
Manchester City Council,1005,Adult Social Care,Payments for services,12/02/2025,1908729702,Faith Pharmacy (Hulme) Ltd,"£1,991.24"
Manchester City Council,1005,Adult Social Care,Adult Placements,05/02/2025,1908722411,Redacted Personal Information,"£1,989.68"
Manchester City Council,1004,Childrens & Education Services,Third party payments relating to Voluntary Organisations,12/02/2025,1908729463,Brighter Beginnings Newton Heath,"£1,987.20"
Manchester City Council,1005,Adult Social Care,Agency staff provision,04/02/2025,1908718471,Reed Employment Plc,"£1,984.35"
Manchester City Council,1004,Childrens & Education Services,Foster Payments,05/02/2025,1908720346,Redacted Personal Information,"£1,984.10"
Manchester City Council,1004,Childrens & Education Services,Foster Payments,19/02/2025,1908735998,Redacted Personal Information,"£1,984.10"
Manchester City Council,1004,Childrens & Education Services,Foster Payments,05/02/2025,1908720922,Redacted Personal Information,"£1,981.96"
Manchester City Council,1004,Childrens & Education Services,Foster Payments,19/02/2025,1908736611,Redacted Personal Information,"£1,981.96"
Manchester City Council,1004,Childrens & Education Services,Foster Payments,05/02/2025,1908720474,Redacted Personal Information,"£1,972.90"
Manchester City Council,1004,Childrens & Education Services,Foster Payments,19/02/2025,1908736148,Redacted Personal Information,"£1,972.90"
Manchester City Council,1004,Childrens & Education Services,Agency staff provision,18/02/2025,1908734558,Reed Employment Plc,"£1,969.53"
Manchester City Council,1004,Childrens & Education Services,Third party payments relating to Voluntary Organisations,12/02/2025,1908728636,Simply Cherish Day Nursery,"£1,969.30"
Manchester City Council,1004,Childrens & Education Services,Foster Payments,19/02/2025,1908737097,Redacted Personal Information,"£1,968.00"
Manchester City Council,1004,Childrens & Education Services,Third party payments relating to Voluntary Organisations,12/02/2025,1908729472,Redacted Personal Information,"£1,965.60"
Manchester City Council,1007,Corporate Services,Works and associated costs for Land and Buildings,11/02/2025,5105975358,Ove Arup & Partners Ltd,"£1,963.50"
Manchester City Council,1000,Manchester Leisure,Agency staff provision,04/02/2025,1908718471,Reed Employment Plc,"£1,962.59"
Manchester City Council,1004,Childrens & Education Services,Foster Payments,05/02/2025,1908721332,Redacted Personal Information,"£1,962.00"
Manchester City Council,1004,Childrens & Education Services,Foster Payments,19/02/2025,1908736743,Redacted Personal Information,"£1,962.00"
Manchester City Council,1004,Childrens & Education Services,Foster Payments,19/02/2025,1908736790,Redacted Personal Information,"£1,962.00"
Manchester City Council,1004,Childrens & Education Services,Foster Payments,05/02/2025,1908721109,Redacted Personal Information,"£1,962.00"
Manchester City Council,1004,Childrens & Education Services,"Consumable items eg Toilet rolls, soap etc",13/02/2025,1908731296,ALLIED VEHICLES LTD,"£1,960.00"
Manchester City Council,1004,Childrens & Education Services,Third party payments relating to Voluntary Organisations,12/02/2025,1908729251,Anson Cabin Project,"£1,958.40"
Manchester City Council,1013,Highways Services,Purchase of stores for re-distribution,28/02/2025,5105977614,Instarmac Group Ltd,"£1,957.76"
Manchester City Council,1004,Childrens & Education Services,Third party payments to other Local Authorities,27/02/2025,5105977833,Handforth Grange Primary School,"£1,953.00"
Manchester City Council,1004,Childrens & Education Services,Third party payments to other Local Authorities,28/02/2025,5105977122,St Hugh's Catholic Primary School,"£1,953.00"
Manchester City Council,1004,Childrens & Education Services,Third party payments to other Local Authorities,12/02/2025,5105975639,South Failsworth Primary,"£1,953.00"
Manchester City Council,1004,Childrens & Education Services,Third party payments to other Local Authorities,28/02/2025,5105974999,St Joseph's Catholic Primary School,"£1,953.00"
Manchester City Council,1004,Childrens & Education Services,Third party payments to other Local Authorities,12/02/2025,5105975557,The Laurus Trust,"£1,953.00"
Manchester City Council,1004,Childrens & Education Services,Third party payments to other Local Authorities,27/02/2025,5105977847,The Heys School,"£1,953.00"
Manchester City Council,1004,Childrens & Education Services,Third party payments to other Local Authorities,27/02/2025,5105977832,Handforth Grange Primary School,"£1,953.00"
Manchester City Council,1005,Adult Social Care,Payments for services,14/02/2025,1908733266,The Barlow Medical Centre,"£1,950.50"
Manchester City Council,1005,Adult Social Care,Equipment,24/02/2025,5105976706,NRS Healthcare,"£1,950.00"
Manchester City Council,1011,Chief Executives,Counsel Costs,26/02/2025,1908742286,Halcyon Chambers,"£1,950.00"
Manchester City Council,1004,Childrens & Education Services,Foster Payments,19/02/2025,1908736451,Redacted Personal Information,"£1,948.00"
Manchester City Council,1004,Childrens & Education Services,Foster Payments,19/02/2025,1908736468,Redacted Personal Information,"£1,948.00"
Manchester City Council,1004,Childrens & Education Services,Foster Payments,05/02/2025,1908720811,Redacted Personal Information,"£1,948.00"
Manchester City Council,1004,Childrens & Education Services,Foster Payments,05/02/2025,1908720477,Redacted Personal Information,"£1,948.00"
Manchester City Council,1004,Childrens & Education Services,Foster Payments,19/02/2025,1908736879,Redacted Personal Information,"£1,948.00"
Manchester City Council,1004,Childrens & Education Services,Foster Payments,05/02/2025,1908721221,Redacted Personal Information,"£1,948.00"
Manchester City Council,1004,Childrens & Education Services,Foster Payments,19/02/2025,1908736162,Redacted Personal Information,"£1,948.00"
Manchester City Council,1004,Childrens & Education Services,Foster Payments,05/02/2025,1908720780,Redacted Personal Information,"£1,948.00"
Manchester City Council,1004,Childrens & Education Services,Foster Payments,05/02/2025,1908721331,Redacted Personal Information,"£1,948.00"
Manchester City Council,1004,Childrens & Education Services,Foster Payments,19/02/2025,1908736876,Redacted Personal Information,"£1,948.00"
Manchester City Council,1004,Childrens & Education Services,Foster Payments,19/02/2025,1908736152,Redacted Personal Information,"£1,948.00"
Manchester City Council,1004,Childrens & Education Services,Foster Payments,05/02/2025,1908720810,Redacted Personal Information,"£1,948.00"
Manchester City Council,1004,Childrens & Education Services,Foster Payments,19/02/2025,1908736124,Redacted Personal Information,"£1,948.00"
Manchester City Council,1004,Childrens & Education Services,Foster Payments,19/02/2025,1908736498,Redacted Personal Information,"£1,948.00"
Manchester City Council,1004,Childrens & Education Services,Foster Payments,05/02/2025,1908720416,Redacted Personal Information,"£1,948.00"
Manchester City Council,1004,Childrens & Education Services,Foster Payments,19/02/2025,1908736867,Redacted Personal Information,"£1,948.00"
Manchester City Council,1004,Childrens & Education Services,Foster Payments,05/02/2025,1908720761,Redacted Personal Information,"£1,948.00"
Manchester City Council,1004,Childrens & Education Services,Foster Payments,05/02/2025,1908720486,Redacted Personal Information,"£1,948.00"
Manchester City Council,1004,Childrens & Education Services,Third party payments relating to Voluntary Organisations,12/02/2025,1908729403,SOL Christian Academy,"£1,944.00"
Manchester City Council,1007,Corporate Services,Cleaning Equipment,03/02/2025,5105973689,Alliance Disposables Ltd,"£1,943.50"
Manchester City Council,1004,Childrens & Education Services,Transport Coach Hire,14/02/2025,5105976123,AFJ Ltd,"£1,942.50"
Manchester City Council,1004,Childrens & Education Services,Foster Payments,19/02/2025,1908736543,Redacted Personal Information,"£1,939.00"
Manchester City Council,1004,Childrens & Education Services,Foster Payments,05/02/2025,1908720856,Redacted Personal Information,"£1,939.00"
Manchester City Council,1004,Childrens & Education Services,Foster Payments,05/02/2025,1908721380,Redacted Personal Information,"£1,934.00"
Manchester City Council,1004,Childrens & Education Services,Payments for services,07/02/2025,5105974786,Staff Resources Ltd,"£1,934.00"
Manchester City Council,1004,Childrens & Education Services,Foster Payments,19/02/2025,1908737047,Redacted Personal Information,"£1,934.00"
Manchester City Council,1005,Adult Social Care,Agency staff provision,10/02/2025,1908726320,Reed Employment Plc,"£1,931.68"
Manchester City Council,1012,Regeneration Finance,Security,28/02/2025,5105978093,Showsec International Ltd,"£1,929.18"
Manchester City Council,1012,Regeneration Finance,Security,27/02/2025,5105977092,Showsec International Ltd,"£1,929.18"
Manchester City Council,1012,Regeneration Finance,Security,27/02/2025,5105977091,Showsec International Ltd,"£1,929.18"
Manchester City Council,1012,Regeneration Finance,Security,27/02/2025,5105976797,Showsec International Ltd,"£1,929.18"
Manchester City Council,1012,Regeneration Finance,Security,27/02/2025,5105976690,Showsec International Ltd,"£1,929.18"
Manchester City Council,1012,Regeneration Finance,Security,27/02/2025,5105976689,Showsec International Ltd,"£1,929.18"
Manchester City Council,1012,Regeneration Finance,Security,10/02/2025,5105974133,Showsec International Ltd,"£1,929.18"
Manchester City Council,1012,Regeneration Finance,Security,10/02/2025,5105974135,Showsec International Ltd,"£1,929.18"
Manchester City Council,1012,Regeneration Finance,Security,10/02/2025,5105974224,Showsec International Ltd,"£1,929.18"
Manchester City Council,1012,Regeneration Finance,Security,10/02/2025,5105974225,Showsec International Ltd,"£1,929.18"
Manchester City Council,1012,Regeneration Finance,Security,10/02/2025,5105974227,Showsec International Ltd,"£1,929.18"
Manchester City Council,1012,Regeneration Finance,Security,10/02/2025,5105974244,Showsec International Ltd,"£1,929.18"
Manchester City Council,1012,Regeneration Finance,Security,10/02/2025,5105974246,Showsec International Ltd,"£1,929.18"
Manchester City Council,1012,Regeneration Finance,Security,28/02/2025,5105978094,Showsec International Ltd,"£1,929.18"
Manchester City Council,1012,Regeneration Finance,Security,10/02/2025,5105974248,Showsec International Ltd,"£1,929.18"
Manchester City Council,1012,Regeneration Finance,Security,10/02/2025,5105974242,Showsec International Ltd,"£1,929.18"
Manchester City Council,1004,Childrens & Education Services,Third party payments to other Local Authorities,25/02/2025,5105977415,Rochdale Mbc,"£1,927.75"
Manchester City Council,1000,Manchester Leisure,Agency staff provision,10/02/2025,5105974668,Manchester Art Gallery,"£1,927.09"
Manchester City Council,1004,Childrens & Education Services,Foster Payments,05/02/2025,1908721159,Redacted Personal Information,"£1,923.42"
Manchester City Council,1004,Childrens & Education Services,Third party payments relating to Voluntary Organisations,12/02/2025,1908729466,Bubbly Bear Day Care Nursery,"£1,922.40"
Manchester City Council,1004,Childrens & Education Services,Supporting People Payments,26/02/2025,5105976603,Child Action Northwest,"£1,921.51"
Manchester City Council,1004,Childrens & Education Services,Transport Coach Hire,14/02/2025,5105976010,Middleton Cars Ltd,"£1,920.00"
Manchester City Council,1004,Childrens & Education Services,Foster Payments,05/02/2025,1908721233,Redacted Personal Information,"£1,918.14"
Manchester City Council,1004,Childrens & Education Services,Third party payments relating to Voluntary Organisations,12/02/2025,1908729200,Redacted Personal Information,"£1,910.64"
Manchester City Council,1000,Manchester Leisure,Electricity,27/02/2025,1908744584,Haven Power Ltd,"£1,910.52"
Manchester City Council,1010,Housing Revenue Account,Gas,27/02/2025,1908744166,SEFE ENERGY Ltd,"£1,909.77"
Manchester City Council,1000,Manchester Leisure,Compensation Payments,14/02/2025,1908733243,Redacted Personal Information,"£1,902.44"
Manchester City Council,1004,Childrens & Education Services,Professional fees,21/02/2025,5105976369,Redacted Personal Information,"£1,900.00"
Manchester City Council,1010,Housing Revenue Account,Council Dwelling Fees,06/02/2025,5105974042,Rexel UK Ltd,"£1,897.57"
Manchester City Council,1005,Adult Social Care,Agency staff provision,24/02/2025,1908740137,Reed Employment Plc,"£1,897.34"
Manchester City Council,1004,Childrens & Education Services,Agency staff provision,04/02/2025,1908718471,Reed Employment Plc,"£1,895.21"
Manchester City Council,1004,Childrens & Education Services,Rents,17/02/2025,5105976330,Brighter Beginnings (Newton Heath),"£1,893.65"
Manchester City Council,1000,Manchester Leisure,"Consumable items eg Toilet rolls, soap etc",13/02/2025,1908731019,8361 MO MANCHEST R EX,"£1,890.00"
Manchester City Council,1000,Manchester Leisure,Legal Fees,04/02/2025,1908718484,SK Lloyd Solicitors,"£1,888.83"
Manchester City Council,1012,Regeneration Finance,Home Care ,18/02/2025,1908734382,Tiddlywinks Day Nursery,"£1,888.00"
Manchester City Council,1000,Manchester Leisure,Electricity,27/02/2025,1908745130,Haven Power Ltd,"£1,886.06"
Manchester City Council,1004,Childrens & Education Services,Foster Payments,05/02/2025,1908720746,Redacted Personal Information,"£1,885.00"
Manchester City Council,1004,Childrens & Education Services,Foster Payments,19/02/2025,1908736434,Redacted Personal Information,"£1,885.00"
Manchester City Council,1000,Manchester Leisure,Furniture,05/02/2025,5105974063,Rtec Carpets Ltd,"£1,884.50"
Manchester City Council,1013,Highways Services,Agency staff provision,04/02/2025,1908718471,Reed Employment Plc,"£1,884.17"
Manchester City Council,1004,Childrens & Education Services,Payments for services,04/02/2025,5105973957,Sense,"£1,882.55"
Manchester City Council,1000,Manchester Leisure,Electricity,27/02/2025,1908745358,Haven Power Ltd,"£1,880.08"
Manchester City Council,1004,Childrens & Education Services,Personal needs of client,20/02/2025,5105976900,Haven Healthcare Services,"£1,880.00"
Manchester City Council,1004,Childrens & Education Services,Professional fees,28/02/2025,5105977982,IntraQuest Community CIC,"£1,875.00"
Manchester City Council,1012,Regeneration Finance,Home Care ,18/02/2025,1908734387,Manchester Creche,"£1,871.50"
Manchester City Council,1000,Manchester Leisure,Electricity,27/02/2025,1908744675,Haven Power Ltd,"£1,871.24"
Manchester City Council,1004,Childrens & Education Services,Transport Coach Hire,06/02/2025,5105974445,AFJ Ltd,"£1,870.55"
Manchester City Council,1004,Childrens & Education Services,Foster Payments,05/02/2025,1908721050,Redacted Personal Information,"£1,868.78"
Manchester City Council,1004,Childrens & Education Services,Foster Payments,19/02/2025,1908736729,Redacted Personal Information,"£1,868.78"
Manchester City Council,1003,Environment and Operations,Construction Works,24/02/2025,5105977362,Rosgal Ltd,"£1,868.09"
Manchester City Council,1005,Adult Social Care,Agency staff provision,04/02/2025,1908718471,Reed Employment Plc,"£1,863.44"
Manchester City Council,1000,Manchester Leisure,Rents,28/02/2025,5105975148,Capivest Holdings Ltd,"£1,863.33"
Manchester City Council,1000,Manchester Leisure,Rents,28/02/2025,5105975898,OJ Value Properties Ltd,"£1,863.33"
Manchester City Council,1000,Manchester Leisure,Rents,26/02/2025,5105977023,Momo Properties LTD,"£1,863.33"
Manchester City Council,1000,Manchester Leisure,Rents,28/02/2025,5105975702,Capivest Holdings Ltd,"£1,863.33"
Manchester City Council,1000,Manchester Leisure,Professional fees,27/02/2025,5105977828,Wythenshawe Forum Trust Ltd,"£1,861.60"
Manchester City Council,1005,Adult Social Care,Subsistence and Conference Expenses,25/02/2025,5105977533,VSPG Housing 2 Ltd,"£1,860.00"
Manchester City Council,1000,Manchester Leisure,Refuse Collection,28/02/2025,5105977923,GTS Steam Cleaners,"£1,859.28"
Manchester City Council,1004,Childrens & Education Services,Foster Payments,21/02/2025,1908738934,Cuffe and Lacey Associates Ltd,"£1,855.36"
Manchester City Council,1000,Manchester Leisure,Rents,19/02/2025,5105975636,Momo Properties LTD,"£1,855.25"
Manchester City Council,1004,Childrens & Education Services,Third party payments relating to Voluntary Organisations,12/02/2025,1908729596,Tiny Turtles Daycare Ltd,"£1,854.00"
Manchester City Council,1004,Childrens & Education Services,Foster Payments,07/02/2025,1908725672,Fostering Solutions,"£1,850.40"
Manchester City Council,1004,Childrens & Education Services,Foster Payments,05/02/2025,1908720798,Redacted Personal Information,"£1,850.14"
Manchester City Council,1004,Childrens & Education Services,Foster Payments,19/02/2025,1908736487,Redacted Personal Information,"£1,850.14"
Manchester City Council,1000,Manchester Leisure,Hire of Premises,17/02/2025,1908734272,ELEGANCE ACCOMMODATION,"£1,850.00"
Manchester City Council,1000,Manchester Leisure,GRIR,28/02/2025,5105978037,CPD Property Services,"£1,850.00"
Manchester City Council,1004,Childrens & Education Services,Foster Payments,05/02/2025,1908721333,Redacted Personal Information,"£1,850.00"
Manchester City Council,1004,Childrens & Education Services,Foster Payments,19/02/2025,1908736906,Redacted Personal Information,"£1,850.00"
Manchester City Council,1000,Manchester Leisure,Electricity,27/02/2025,1908745090,Haven Power Ltd,"£1,847.48"
Manchester City Council,1000,Manchester Leisure,Grant and subscriptions awarded,28/02/2025,5105978019,Across Ummah CIC,"£1,845.30"
Manchester City Council,1005,Adult Social Care,Agency staff provision,24/02/2025,1908740137,Reed Employment Plc,"£1,844.59"
Manchester City Council,1000,Manchester Leisure,Electricity,27/02/2025,1908745482,Npower,"£1,843.67"
Manchester City Council,1004,Childrens & Education Services,Third party payments relating to Voluntary Organisations,12/02/2025,1908728586,King David Nursery,"£1,843.60"
Manchester City Council,1011,Chief Executives,Catering,03/02/2025,5105973783,Manchester Metropolitan University,"£1,842.65"
Manchester City Council,1007,Corporate Services,Electricity,27/02/2025,1908745143,Haven Power Ltd,"£1,841.35"
Manchester City Council,1004,Childrens & Education Services,Foster Payments,19/02/2025,1908736110,Redacted Personal Information,"£1,840.00"
Manchester City Council,1004,Childrens & Education Services,Foster Payments,19/02/2025,1908736880,Redacted Personal Information,"£1,840.00"
Manchester City Council,1004,Childrens & Education Services,Foster Payments,19/02/2025,1908736385,Redacted Personal Information,"£1,840.00"
Manchester City Council,1004,Childrens & Education Services,Foster Payments,05/02/2025,1908720439,Redacted Personal Information,"£1,840.00"
Manchester City Council,1004,Childrens & Education Services,Foster Payments,05/02/2025,1908720699,Redacted Personal Information,"£1,840.00"
Manchester City Council,1004,Childrens & Education Services,Foster Payments,19/02/2025,1908736435,Redacted Personal Information,"£1,840.00"
Manchester City Council,1004,Childrens & Education Services,Foster Payments,05/02/2025,1908720705,Redacted Personal Information,"£1,840.00"
Manchester City Council,1004,Childrens & Education Services,Foster Payments,19/02/2025,1908736376,Redacted Personal Information,"£1,840.00"
Manchester City Council,1004,Childrens & Education Services,Foster Payments,19/02/2025,1908736779,Redacted Personal Information,"£1,840.00"
Manchester City Council,1004,Childrens & Education Services,Foster Payments,05/02/2025,1908721099,Redacted Personal Information,"£1,840.00"
Manchester City Council,1004,Childrens & Education Services,Foster Payments,05/02/2025,1908720747,Redacted Personal Information,"£1,840.00"
Manchester City Council,1004,Childrens & Education Services,Foster Payments,05/02/2025,1908720773,Redacted Personal Information,"£1,840.00"
Manchester City Council,1004,Childrens & Education Services,Foster Payments,19/02/2025,1908736864,Redacted Personal Information,"£1,840.00"
Manchester City Council,1000,Manchester Leisure,Car Parking Permits,14/02/2025,5105975401,Flowbird Smart City Uk Ltd,"£1,837.99"
Manchester City Council,1004,Childrens & Education Services,Foster Payments,05/02/2025,1908720343,Redacted Personal Information,"£1,836.00"
Manchester City Council,1004,Childrens & Education Services,Payments for services,07/02/2025,5105974787,Staff Resources Ltd,"£1,836.00"
Manchester City Council,1010,Housing Revenue Account,Gas,27/02/2025,1908744210,SEFE ENERGY Ltd,"£1,835.86"
Manchester City Council,1011,Chief Executives,Payments to Sub-Contractors,26/02/2025,5105977726,Redacted Personal Information,"£1,833.46"
Manchester City Council,1007,Corporate Services,Electricity,19/02/2025,1908735839,Paypoint Co Uk,"£1,830.00"
Manchester City Council,1007,Corporate Services,Agency staff provision,28/02/2025,5105977439,NonStop Recruitment Ltd,"£1,824.45"
Manchester City Council,1002,Hospitality + Trading Services,Security,28/02/2025,5105976625,Showsec International Ltd,"£1,821.82"
Manchester City Council,1002,Hospitality + Trading Services,Security,28/02/2025,5105978076,Showsec International Ltd,"£1,821.82"
Manchester City Council,1000,Manchester Leisure,Building Materials for direct delivery,13/02/2025,5105973982,Arboricultural Services Treework,"£1,820.00"
Manchester City Council,1010,Housing Revenue Account,Gas,27/02/2025,1908744120,SEFE ENERGY Ltd,"£1,819.76"
Manchester City Council,1004,Childrens & Education Services,Foster Payments,05/02/2025,1908720494,Redacted Personal Information,"£1,818.00"
Manchester City Council,1004,Childrens & Education Services,Foster Payments,19/02/2025,1908736168,Redacted Personal Information,"£1,818.00"
Manchester City Council,1000,Manchester Leisure,Goods purchased for resale in Council outlets,21/02/2025,5105977194,Hachette UK Distribution,"£1,816.99"
Manchester City Council,1004,Childrens & Education Services,Foster Payments,05/02/2025,1908721356,Redacted Personal Information,"£1,816.58"
Manchester City Council,1004,Childrens & Education Services,Personal needs of client,13/02/2025,1908730887,CHARITY,"£1,816.50"
Manchester City Council,1011,Chief Executives,Legal Fees,04/02/2025,1908718486,Redacted Personal Information,"£1,812.50"
Manchester City Council,1004,Childrens & Education Services,Day Care Payments,03/02/2025,5105973596,Tiddlywinks Day Nursery Ltd,"£1,812.00"
Manchester City Council,1004,Childrens & Education Services,Payments for services,07/02/2025,5105974789,Staff Resources Ltd,"£1,810.50"
Manchester City Council,1010,Housing Revenue Account,Professional fees,28/02/2025,5105977578,Constellia Public Ltd,"£1,810.29"
Manchester City Council,1004,Childrens & Education Services,Foster Payments,19/02/2025,1908736000,Redacted Personal Information,"£1,805.88"
Manchester City Council,1004,Childrens & Education Services,Foster Payments,05/02/2025,1908720348,Redacted Personal Information,"£1,805.88"
Manchester City Council,1004,Childrens & Education Services,Foster Payments,05/02/2025,1908721218,Redacted Personal Information,"£1,802.84"
Manchester City Council,1011,Chief Executives,Legal Fees,17/02/2025,1908733517,Redacted Personal Information,"£1,802.06"
Manchester City Council,1005,Adult Social Care,Agency staff provision,18/02/2025,1908734558,Reed Employment Plc,"£1,801.88"
Manchester City Council,1007,Corporate Services,Works and associated costs for Land and Buildings,11/02/2025,5105975381,Ove Arup & Partners Ltd,"£1,801.80"
Manchester City Council,1007,Corporate Services,Works and associated costs for Land and Buildings,11/02/2025,5105975360,Ove Arup & Partners Ltd,"£1,801.80"
Manchester City Council,1012,Regeneration Finance,Travel,28/02/2025,5105978152,Office for Metropolitan Architectur,"£1,801.57"
Manchester City Council,1000,Manchester Leisure,Library Materials Acquisition,28/02/2025,1908740395,Askews and Holts,"£1,800.00"
Manchester City Council,1011,Chief Executives,Printing,28/02/2025,5105977737,Browns CTP Ltd,"£1,795.00"
Manchester City Council,1010,Housing Revenue Account,Professional fees,10/02/2025,5105974147,Constellia Public Ltd,"£1,794.87"
Manchester City Council,1010,Housing Revenue Account,Professional fees,10/02/2025,5105974146,Constellia Public Ltd,"£1,794.87"
Manchester City Council,1010,Housing Revenue Account,Professional fees,28/02/2025,5105977581,Constellia Public Ltd,"£1,794.87"
Manchester City Council,1005,Adult Social Care,Supported Accommodation,03/02/2025,5105973713,Jigsaw Homes North,"£1,790.19"
Manchester City Council,1004,Childrens & Education Services,Payments for services,11/02/2025,5105975337,The Together Trust,"£1,790.00"
Manchester City Council,1000,Manchester Leisure,Supporting People Payments,07/02/2025,5105974716,Whalley Range Forum,"£1,790.00"
Manchester City Council,1000,Manchester Leisure,Third party payments relating to Voluntary Organisations,05/02/2025,5105974357,Redacted Personal Information,"£1,789.20"
Manchester City Council,1005,Adult Social Care,Agency staff provision,18/02/2025,1908734558,Reed Employment Plc,"£1,788.69"
Manchester City Council,1010,Housing Revenue Account,Gas,27/02/2025,1908744119,SEFE ENERGY Ltd,"£1,788.33"
Manchester City Council,1004,Childrens & Education Services,Payments for services,07/02/2025,5105974783,Staff Resources Ltd,"£1,785.00"
Manchester City Council,1000,Manchester Leisure,Electricity,27/02/2025,1908745484,Npower,"£1,783.55"
Manchester City Council,1007,Corporate Services,Works and associated costs for Land and Buildings,10/02/2025,5105975242,Manchester Central,"£1,782.31"
Manchester City Council,1007,Corporate Services,Works and associated costs for Land and Buildings,17/02/2025,5105976508,Manchester Central,"£1,782.31"
Manchester City Council,1007,Corporate Services,Works and associated costs for Land and Buildings,10/02/2025,5105975241,Manchester Central,"£1,782.31"
Manchester City Council,1005,Adult Social Care,Equipment,28/02/2025,5105977829,Drive Devilbiss Healthcare Ltd,"£1,779.84"
Manchester City Council,1004,Childrens & Education Services,Third party payments relating to Voluntary Organisations,12/02/2025,1908729471,Wisemaster Builders Childcare Ltd,"£1,776.00"
Manchester City Council,1004,Childrens & Education Services,Payments for services,19/02/2025,5105976755,HM Prison and Probation Service,"£1,774.00"
Manchester City Council,1004,Childrens & Education Services,Payments for services,20/02/2025,5105976954,HM Prison and Probation Service,"£1,774.00"
Manchester City Council,1004,Childrens & Education Services,Third party payments relating to Voluntary Organisations,12/02/2025,1908728891,Sutton Road Nursery Ltd,"£1,770.53"
Manchester City Council,1011,Chief Executives,Legal Fees,13/02/2025,1908731945,Weightmans LLP Solicitors,"£1,769.55"
Manchester City Council,1004,Childrens & Education Services,Foster Payments,05/02/2025,1908720756,Redacted Personal Information,"£1,768.00"
Manchester City Council,1004,Childrens & Education Services,Foster Payments,19/02/2025,1908736445,Redacted Personal Information,"£1,768.00"
Manchester City Council,1007,Corporate Services,I T Provision,25/02/2025,5105976718,Rushton Electronic Solutions Ltd,"£1,767.10"
Manchester City Council,1004,Childrens & Education Services,Foster Payments,21/02/2025,1908738936,Cuffe and Lacey Associates Ltd,"£1,766.72"
Manchester City Council,1000,Manchester Leisure,Agency staff provision,10/02/2025,1908726320,Reed Employment Plc,"£1,765.83"
Manchester City Council,1004,Childrens & Education Services,Transport Coach Hire,14/02/2025,5105976024,Middleton Cars Ltd,"£1,764.00"
Manchester City Council,1004,Childrens & Education Services,Expenditure re Internal Trading Ordered Externally,28/02/2025,5105975774,Language Line Ltd,"£1,761.22"
Manchester City Council,1000,Manchester Leisure,Bed & Breakfast Acc,06/02/2025,5105974387,VSPG Housing Ltd,"£1,760.00"
Manchester City Council,1004,Childrens & Education Services,Foster Payments,19/02/2025,1908736584,Redacted Personal Information,"£1,754.90"
Manchester City Council,1004,Childrens & Education Services,Foster Payments,05/02/2025,1908721058,Redacted Personal Information,"£1,754.90"
Manchester City Council,1004,Childrens & Education Services,Foster Payments,19/02/2025,1908736739,Redacted Personal Information,"£1,754.90"
Manchester City Council,1004,Childrens & Education Services,Foster Payments,05/02/2025,1908720895,Redacted Personal Information,"£1,754.90"
Manchester City Council,1004,Childrens & Education Services,Third party payments to other Local Authorities,27/02/2025,5105977927,Pinc College NW,"£1,754.16"
Manchester City Council,1013,Highways Services,Hire of Machinery,24/02/2025,5105976569,Kloeckner Metals UK,"£1,754.00"
Manchester City Council,1010,Housing Revenue Account,Gas,27/02/2025,1908744178,SEFE ENERGY Ltd,"£1,752.29"
Manchester City Council,1004,Childrens & Education Services,Training and Development,14/02/2025,5105975847,Association Of YOT Managers,"£1,750.00"
Manchester City Council,1000,Manchester Leisure,Equipment,17/02/2025,5105974744,Groundwork Landscapes Ltd,"£1,750.00"
Manchester City Council,1004,Childrens & Education Services,Training and Development,13/02/2025,5105975846,Association Of YOT Managers,"£1,750.00"
Manchester City Council,1000,Manchester Leisure,"Consumable items eg Toilet rolls, soap etc",13/02/2025,1908730466,SQ *AM7 GROUP LTD,"£1,750.00"
Manchester City Council,1000,Manchester Leisure,Training and Development,17/02/2025,5105975031,Naomi Korn Associated Limited,"£1,750.00"
Manchester City Council,1000,Manchester Leisure,Third party payments relating to Voluntary Organisations,04/02/2025,5105973913,Shared Habitat Limited,"£1,750.00"
Manchester City Council,1005,Adult Social Care,Payments for services,04/02/2025,5105973901,Holgate House,"£1,749.33"
Manchester City Council,1000,Manchester Leisure,Gas,27/02/2025,1908744238,SEFE ENERGY Ltd,"£1,745.99"
Manchester City Council,1004,Childrens & Education Services,Foster Payments,05/02/2025,1908720908,Redacted Personal Information,"£1,742.00"
Manchester City Council,1004,Childrens & Education Services,Foster Payments,19/02/2025,1908736908,Redacted Personal Information,"£1,742.00"
Manchester City Council,1004,Childrens & Education Services,Foster Payments,05/02/2025,1908721026,Redacted Personal Information,"£1,742.00"
Manchester City Council,1004,Childrens & Education Services,Foster Payments,05/02/2025,1908720708,Redacted Personal Information,"£1,742.00"
Manchester City Council,1004,Childrens & Education Services,Foster Payments,19/02/2025,1908736147,Redacted Personal Information,"£1,742.00"
Manchester City Council,1004,Childrens & Education Services,Foster Payments,05/02/2025,1908720489,Redacted Personal Information,"£1,742.00"
Manchester City Council,1004,Childrens & Education Services,Foster Payments,05/02/2025,1908721340,Redacted Personal Information,"£1,742.00"
Manchester City Council,1004,Childrens & Education Services,Foster Payments,19/02/2025,1908736861,Redacted Personal Information,"£1,742.00"
Manchester City Council,1004,Childrens & Education Services,Foster Payments,19/02/2025,1908736813,Redacted Personal Information,"£1,742.00"
Manchester City Council,1004,Childrens & Education Services,Foster Payments,05/02/2025,1908721131,Redacted Personal Information,"£1,742.00"
Manchester City Council,1004,Childrens & Education Services,Foster Payments,19/02/2025,1908736881,Redacted Personal Information,"£1,742.00"
Manchester City Council,1004,Childrens & Education Services,Foster Payments,19/02/2025,1908736121,Redacted Personal Information,"£1,742.00"
Manchester City Council,1004,Childrens & Education Services,Foster Payments,19/02/2025,1908736870,Redacted Personal Information,"£1,742.00"
Manchester City Council,1004,Childrens & Education Services,Foster Payments,19/02/2025,1908736878,Redacted Personal Information,"£1,742.00"
Manchester City Council,1004,Childrens & Education Services,Foster Payments,05/02/2025,1908720450,Redacted Personal Information,"£1,742.00"
Manchester City Council,1004,Childrens & Education Services,Foster Payments,05/02/2025,1908720473,Redacted Personal Information,"£1,742.00"
Manchester City Council,1004,Childrens & Education Services,Foster Payments,19/02/2025,1908736859,Redacted Personal Information,"£1,742.00"
Manchester City Council,1003,Environment and Operations,Construction Works,24/02/2025,5105976160,Rosgal Ltd,"£1,737.90"
Manchester City Council,1010,Housing Revenue Account,Gas,27/02/2025,1908744212,SEFE ENERGY Ltd,"£1,728.86"
Manchester City Council,1000,Manchester Leisure,Electricity,27/02/2025,1908744631,Haven Power Ltd,"£1,727.76"
Manchester City Council,1005,Adult Social Care,Agency staff provision,18/02/2025,1908734558,Reed Employment Plc,"£1,725.36"
Manchester City Council,1005,Adult Social Care,Agency staff provision,10/02/2025,1908726320,Reed Employment Plc,"£1,725.36"
Manchester City Council,1005,Adult Social Care,Agency staff provision,04/02/2025,1908718471,Reed Employment Plc,"£1,725.36"
Manchester City Council,1005,Adult Social Care,Agency staff provision,24/02/2025,1908740137,Reed Employment Plc,"£1,725.36"
Manchester City Council,1000,Manchester Leisure,Grant and subscriptions awarded,06/02/2025,5105974309,Redacted Personal Information,"£1,725.00"
Manchester City Council,1011,Chief Executives,Payments to Sub-Contractors,13/02/2025,5105975983,Janus,"£1,724.28"
Manchester City Council,1000,Manchester Leisure,Security,11/02/2025,5105975131,Chubb Fire & Security Ltd,"£1,723.60"
Manchester City Council,1011,Chief Executives,Legal Fees,04/02/2025,1908718488,Peter Edwards Law Ltd Solicitors,"£1,717.58"
Manchester City Council,1004,Childrens & Education Services,Foster Payments,19/02/2025,1908736009,Redacted Personal Information,"£1,716.00"
Manchester City Council,1004,Childrens & Education Services,Foster Payments,05/02/2025,1908720357,Redacted Personal Information,"£1,716.00"
Manchester City Council,1007,Corporate Services,Water - Metered,27/02/2025,1908744509,Anglian Water Business (National),"£1,713.36"
Manchester City Council,1007,Corporate Services,Subsistence and Conference Expenses,10/02/2025,5105974683,PPMA,"£1,710.00"
Manchester City Council,1005,Adult Social Care,Payments for services,14/02/2025,1908733293,Surrey Lodge Group Practice,"£1,707.60"
Manchester City Council,1003,Environment and Operations,Vehicle Plant Furniture and Equipment,03/02/2025,1908717238,APPLE.COM/UK,"£1,705.83"
Manchester City Council,1005,Adult Social Care,Personal needs of client,21/02/2025,5105976042,Lisclare,"£1,701.00"
Manchester City Council,1012,Regeneration Finance,Furniture,12/02/2025,5105975614,Oasis UK formerly Box-It (NW),"£1,700.22"
Manchester City Council,1004,Childrens & Education Services,Foster Payments,19/02/2025,1908736474,Redacted Personal Information,"£1,697.80"
Manchester City Council,1004,Childrens & Education Services,Foster Payments,05/02/2025,1908720786,Redacted Personal Information,"£1,697.80"
Manchester City Council,1011,Chief Executives,Printing,10/02/2025,5105973999,Chapel Press Ltd,"£1,693.00"
Manchester City Council,1004,Childrens & Education Services,Foster Payments,19/02/2025,1908737010,Redacted Personal Information,"£1,693.00"
Manchester City Council,1007,Corporate Services,ICT Sup & Maintnance,28/02/2025,5105977565,Softbox Ltd,"£1,692.00"
Manchester City Council,1007,Corporate Services,Gas,27/02/2025,1908744170,SEFE ENERGY Ltd,"£1,689.92"
Manchester City Council,1009,Housing General Fund,Building Works,28/02/2025,1908745863,T F Jones Property Services Ltd,"£1,689.51"
Manchester City Council,1000,Manchester Leisure,Electricity,27/02/2025,1908745251,Haven Power Ltd,"£1,685.88"
Manchester City Council,1000,Manchester Leisure,Agency staff provision,10/02/2025,5105974395,Manchester Art Gallery,"£1,685.78"
Manchester City Council,1004,Childrens & Education Services,Foster Payments,05/02/2025,1908720512,Redacted Personal Information,"£1,684.00"
Manchester City Council,1004,Childrens & Education Services,Third party payments to other Local Authorities,18/02/2025,5105976577,Prospect Vale Primary School,"£1,684.00"
Manchester City Council,1004,Childrens & Education Services,Foster Payments,05/02/2025,1908721129,Redacted Personal Information,"£1,684.00"
Manchester City Council,1004,Childrens & Education Services,Foster Payments,19/02/2025,1908736811,Redacted Personal Information,"£1,684.00"
Manchester City Council,1004,Childrens & Education Services,Rents,20/02/2025,1908738789,HIGH PEAK BOROUGH COUNCIL,"£1,680.46"
Manchester City Council,1000,Manchester Leisure,Grant and subscriptions awarded,13/02/2025,5105975844,Whalley Range Forum,"£1,680.00"
Manchester City Council,1007,Corporate Services,Gas,27/02/2025,1908744209,SEFE ENERGY Ltd,"£1,679.06"
Manchester City Council,1004,Childrens & Education Services,Foster Payments,21/02/2025,1908738935,Cuffe and Lacey Associates Ltd,"£1,678.40"
Manchester City Council,1005,Adult Social Care,Payments for services,14/02/2025,1908733273,Chorlton Family Practice,"£1,678.10"
Manchester City Council,1012,Regeneration Finance,Furniture,06/02/2025,5105974080,Oasis UK formerly Box-It (NW),"£1,677.01"
Manchester City Council,1004,Childrens & Education Services,Third party payments relating to Voluntary Organisations,12/02/2025,1908729261,Barlow Moor Community Association,"£1,674.00"
Manchester City Council,1004,Childrens & Education Services,Contract Cleaning External,12/02/2025,5105975753,Brighter Beginnings Day Nursery,"£1,673.43"
Manchester City Council,1004,Childrens & Education Services,Contract Cleaning External,17/02/2025,5105976237,Brighter Beginnings Day Nursery,"£1,673.43"
Manchester City Council,1005,Adult Social Care,Agency staff provision,24/02/2025,1908740137,Reed Employment Plc,"£1,673.17"
Manchester City Council,1013,Highways Services,Agency staff provision,10/02/2025,1908726320,Reed Employment Plc,"£1,669.85"
Manchester City Council,1013,Highways Services,Agency staff provision,04/02/2025,1908718471,Reed Employment Plc,"£1,669.85"
Manchester City Council,1013,Highways Services,Building Materials for direct delivery,26/02/2025,1908742776,Aggregate Industries T/A Kennedy,"£1,669.34"
Manchester City Council,1007,Corporate Services,Works and associated costs for Land and Buildings,19/02/2025,5105976759,FEC Northern Gateway Development Lt,"£1,666.67"
Manchester City Council,1004,Childrens & Education Services,Foster Payments,19/02/2025,1908736915,Redacted Personal Information,"£1,666.43"
Manchester City Council,1007,Corporate Services,Electricity,27/02/2025,1908744653,Haven Power Ltd,"£1,665.18"
Manchester City Council,1005,Adult Social Care,Equipment,28/02/2025,5105977511,Drive Devilbiss Healthcare Ltd,"£1,665.00"
Manchester City Council,1005,Adult Social Care,Equipment,28/02/2025,5105977390,Drive Devilbiss Healthcare Ltd,"£1,665.00"
Manchester City Council,1010,Housing Revenue Account,Gas,27/02/2025,1908744217,SEFE ENERGY Ltd,"£1,662.38"
Manchester City Council,1004,Childrens & Education Services,Third party payments to other Local Authorities,17/02/2025,5105975421,Belmont School Ltd,"£1,661.34"
Manchester City Council,1000,Manchester Leisure,Electricity,27/02/2025,1908744929,Haven Power Ltd,"£1,659.81"
Manchester City Council,1000,Manchester Leisure,Professional fees,27/02/2025,5105977838,Manchester Metropolitan University,"£1,659.69"
Manchester City Council,1004,Childrens & Education Services,Foster Payments,05/02/2025,1908721007,Redacted Personal Information,"£1,656.90"
Manchester City Council,1004,Childrens & Education Services,Foster Payments,19/02/2025,1908736688,Redacted Personal Information,"£1,656.90"
Manchester City Council,1000,Manchester Leisure,Rents,04/02/2025,5105973849,M & Q Properties Management Ltd,"£1,656.00"
Manchester City Council,1000,Manchester Leisure,Agency staff provision,18/02/2025,1908734558,Reed Employment Plc,"£1,655.31"
Manchester City Council,1004,Childrens & Education Services,Electricity,27/02/2025,1908745461,Npower,"£1,652.27"
Manchester City Council,1011,Chief Executives,Counsel Costs,11/02/2025,1908727033,Central Chambers,"£1,650.00"
Manchester City Council,1007,Corporate Services,Professional fees,11/02/2025,1908722590,Clear Presentations Ltd,"£1,650.00"
Manchester City Council,1011,Chief Executives,Legal Fees,17/02/2025,1908733516,Warwickshire County Council,"£1,649.72"
Manchester City Council,1013,Highways Services,Agency staff provision,24/02/2025,1908740137,Reed Employment Plc,"£1,649.38"
Manchester City Council,1013,Highways Services,Agency staff provision,10/02/2025,1908726320,Reed Employment Plc,"£1,649.38"
Manchester City Council,1013,Highways Services,Agency staff provision,04/02/2025,1908718471,Reed Employment Plc,"£1,649.38"
Manchester City Council,1013,Highways Services,Agency staff provision,18/02/2025,1908734558,Reed Employment Plc,"£1,649.38"
Manchester City Council,1004,Childrens & Education Services,Payments for services,17/02/2025,5105976063,Choice Home Tutoring Ltd,"£1,648.30"
Manchester City Council,1011,Chief Executives,Professional fees,13/02/2025,1908731986,Advanced Child Care Assessments,"£1,648.25"
Manchester City Council,1000,Manchester Leisure,Electricity,27/02/2025,1908744629,Haven Power Ltd,"£1,646.02"
Manchester City Council,1013,Highways Services,Agency staff provision,18/02/2025,1908734558,Reed Employment Plc,"£1,646.00"
Manchester City Council,1004,Childrens & Education Services,Foster Payments,19/02/2025,1908736943,Redacted Personal Information,"£1,645.63"
Manchester City Council,1000,Manchester Leisure,Electricity,27/02/2025,1908744672,Haven Power Ltd,"£1,645.18"
Manchester City Council,1004,Childrens & Education Services,Payments for services,27/02/2025,5105977001,HM Prison and Probation Service,"£1,645.00"
Manchester City Council,1007,Corporate Services,Electricity,27/02/2025,1908744608,Haven Power Ltd,"£1,644.10"
Manchester City Council,1004,Childrens & Education Services,Foster Payments,05/02/2025,1908720720,Redacted Personal Information,"£1,644.00"
Manchester City Council,1004,Childrens & Education Services,Foster Payments,05/02/2025,1908721361,Redacted Personal Information,"£1,644.00"
Manchester City Council,1004,Childrens & Education Services,Foster Payments,19/02/2025,1908736103,Redacted Personal Information,"£1,644.00"
Manchester City Council,1004,Childrens & Education Services,Foster Payments,05/02/2025,1908721164,Redacted Personal Information,"£1,644.00"
Manchester City Council,1004,Childrens & Education Services,Third party payments relating to Voluntary Organisations,12/02/2025,1908729259,Manchester Creche,"£1,644.00"
Manchester City Council,1004,Childrens & Education Services,Foster Payments,19/02/2025,1908736081,Redacted Personal Information,"£1,644.00"
Manchester City Council,1004,Childrens & Education Services,Foster Payments,05/02/2025,1908720429,Redacted Personal Information,"£1,644.00"
Manchester City Council,1004,Childrens & Education Services,Foster Payments,05/02/2025,1908720401,Redacted Personal Information,"£1,644.00"
Manchester City Council,1004,Childrens & Education Services,Foster Payments,19/02/2025,1908736116,Redacted Personal Information,"£1,644.00"
Manchester City Council,1004,Childrens & Education Services,Foster Payments,19/02/2025,1908735997,Redacted Personal Information,"£1,644.00"
Manchester City Council,1004,Childrens & Education Services,Foster Payments,05/02/2025,1908720722,Redacted Personal Information,"£1,644.00"
Manchester City Council,1004,Childrens & Education Services,Foster Payments,05/02/2025,1908720345,Redacted Personal Information,"£1,644.00"
Manchester City Council,1004,Childrens & Education Services,Foster Payments,19/02/2025,1908736406,Redacted Personal Information,"£1,644.00"
Manchester City Council,1004,Childrens & Education Services,Foster Payments,05/02/2025,1908720444,Redacted Personal Information,"£1,644.00"
Manchester City Council,1004,Childrens & Education Services,Foster Payments,05/02/2025,1908720447,Redacted Personal Information,"£1,644.00"
Manchester City Council,1004,Childrens & Education Services,Foster Payments,19/02/2025,1908736119,Redacted Personal Information,"£1,644.00"
Manchester City Council,1004,Childrens & Education Services,Foster Payments,19/02/2025,1908736403,Redacted Personal Information,"£1,644.00"
Manchester City Council,1004,Childrens & Education Services,Foster Payments,19/02/2025,1908736912,Redacted Personal Information,"£1,644.00"
Manchester City Council,1004,Childrens & Education Services,Foster Payments,05/02/2025,1908721366,Redacted Personal Information,"£1,644.00"
Manchester City Council,1000,Manchester Leisure,Agency staff provision,24/02/2025,1908740137,Reed Employment Plc,"£1,643.28"
Manchester City Council,1000,Manchester Leisure,Electricity,27/02/2025,1908745256,Haven Power Ltd,"£1,641.42"
Manchester City Council,1010,Housing Revenue Account,Gas,27/02/2025,1908744167,SEFE ENERGY Ltd,"£1,641.24"
Manchester City Council,1007,Corporate Services,Payments to Sub-Contractors,24/02/2025,5105975931,MITIE SECURITY LIMITED,"£1,640.78"
Manchester City Council,1013,Highways Services,Building Materials for direct delivery,24/02/2025,1908740129,Aggregate Industries T/A Kennedy,"£1,640.57"
Manchester City Council,1002,Hospitality + Trading Services,Rodent &Pest Control,12/02/2025,5105975327,BORIS Software Ltd,"£1,640.00"
Manchester City Council,1011,Chief Executives,Payments to Sub-Contractors,18/02/2025,5105976509,RAYAN MCR LTD,"£1,639.44"
Manchester City Council,1000,Manchester Leisure,Goods purchased for resale in Council outlets,24/02/2025,5105977265,Kikkerland Europe BV,"£1,639.40"
Manchester City Council,1004,Childrens & Education Services,Third party payments to other Local Authorities,12/02/2025,5105975587,Abbey School Limited,"£1,638.34"
Manchester City Council,1004,Childrens & Education Services,Third party payments to other Local Authorities,12/02/2025,5105975586,Abbey School Limited,"£1,638.34"
Manchester City Council,1004,Childrens & Education Services,Third party payments to other Local Authorities,12/02/2025,5105975590,Abbey School Limited,"£1,638.34"
Manchester City Council,1004,Childrens & Education Services,Third party payments relating to Voluntary Organisations,12/02/2025,1908729458,Brighter Beginnings New Moston,"£1,638.00"
Manchester City Council,1004,Childrens & Education Services,Third party payments relating to Voluntary Organisations,12/02/2025,1908729599,Winstanley Day Nursery,"£1,638.00"
Manchester City Council,1005,Adult Social Care,Adult Placements,05/02/2025,1908722464,Redacted Personal Information,"£1,637.20"
Manchester City Council,1005,Adult Social Care,Adult Placements,05/02/2025,1908722449,Redacted Personal Information,"£1,637.20"
Manchester City Council,1005,Adult Social Care,Adult Placements,05/02/2025,1908722445,Redacted Personal Information,"£1,637.20"
Manchester City Council,1004,Childrens & Education Services,Third party payments to other Local Authorities,12/02/2025,5105975588,Abbey School Limited,"£1,636.70"
Manchester City Council,1012,Regeneration Finance,Home Care ,18/02/2025,1908734409,Redacted Personal Information,"£1,635.00"
Manchester City Council,1004,Childrens & Education Services,Third party payments relating to Voluntary Organisations,12/02/2025,1908728618,Paintpots (Manchester) Ltd.,"£1,634.10"
Manchester City Council,1004,Childrens & Education Services,Payments for services,05/02/2025,5105974350,SENsational Tutors Ltd,"£1,633.33"
Manchester City Council,1004,Childrens & Education Services,Payments for services,07/02/2025,5105974785,Staff Resources Ltd,"£1,632.00"
Manchester City Council,1004,Childrens & Education Services,Payments for services,07/02/2025,5105974811,Staff Resources Ltd,"£1,632.00"
Manchester City Council,1000,Manchester Leisure,Agency staff provision,04/02/2025,1908718471,Reed Employment Plc,"£1,629.60"
Manchester City Council,1005,Adult Social Care,Personal needs of client,27/02/2025,5105977096,Prism Medical UK Carefree Division,"£1,629.10"
Manchester City Council,1000,Manchester Leisure,Security,17/02/2025,5105976375,Eldercare (UK) Ltd,"£1,629.03"
Manchester City Council,1004,Childrens & Education Services,Residential Care Homes Payments,28/02/2025,1908746058,Social Care Services Ltd,"£1,629.00"
Manchester City Council,1011,Chief Executives,Works and associated costs for Land and Buildings,13/02/2025,5105975864,BMS Software (Northern) Ltd,"£1,625.00"
Manchester City Council,1011,Chief Executives,Counsel Costs,20/02/2025,1908738750,Redacted Personal Information,"£1,625.00"
Manchester City Council,1004,Childrens & Education Services,Third party payments relating to Voluntary Organisations,12/02/2025,1908729503,Happy Days Nursery,"£1,623.00"
Manchester City Council,1011,Chief Executives,Professional fees,18/02/2025,1908734555,Redacted Personal Information,"£1,622.47"
Manchester City Council,1004,Childrens & Education Services,Agency staff provision,04/02/2025,1908718471,Reed Employment Plc,"£1,622.20"
Manchester City Council,1010,Housing Revenue Account,Gas,27/02/2025,1908744136,SEFE ENERGY Ltd,"£1,614.63"
Manchester City Council,1013,Highways Services,Building Materials for direct delivery,24/02/2025,1908740131,Aggregate Industries T/A Kennedy,"£1,614.24"
Manchester City Council,1000,Manchester Leisure,Electricity,27/02/2025,1908744592,Haven Power Ltd,"£1,612.84"
Manchester City Council,1010,Housing Revenue Account,Council Dwelling Adaptations,10/02/2025,5105974965,PPG Architectural Coatings UK Ltd,"£1,612.59"
Manchester City Council,1011,Chief Executives,Payments to Sub-Contractors,17/02/2025,5105974730,Redacted Personal Information,"£1,610.79"
Manchester City Council,1005,Adult Social Care,Supported Accommodation,19/02/2025,1908737168,Redacted Personal Information,"£1,609.68"
Manchester City Council,1005,Adult Social Care,Adult Placements,05/02/2025,1908722378,Redacted Personal Information,"£1,609.68"
Manchester City Council,1005,Adult Social Care,Supported Accommodation,19/02/2025,1908737209,Redacted Personal Information,"£1,609.68"
Manchester City Council,1005,Adult Social Care,Adult Placements,05/02/2025,1908722408,Redacted Personal Information,"£1,609.68"
Manchester City Council,1005,Adult Social Care,Adult Placements,05/02/2025,1908722406,Redacted Personal Information,"£1,609.68"
Manchester City Council,1005,Adult Social Care,Adult Placements,05/02/2025,1908722392,Redacted Personal Information,"£1,609.68"
Manchester City Council,1005,Adult Social Care,Adult Placements,05/02/2025,1908722398,Redacted Personal Information,"£1,609.68"
Manchester City Council,1005,Adult Social Care,Adult Placements,05/02/2025,1908722409,Redacted Personal Information,"£1,609.68"
Manchester City Council,1005,Adult Social Care,Supported Accommodation,19/02/2025,1908737165,Redacted Personal Information,"£1,609.68"
Manchester City Council,1005,Adult Social Care,Foster Payments,05/02/2025,1908722403,Redacted Personal Information,"£1,609.68"
Manchester City Council,1005,Adult Social Care,Adult Placements,05/02/2025,1908722421,Redacted Personal Information,"£1,609.68"
Manchester City Council,1005,Adult Social Care,Adult Placements,05/02/2025,1908722383,Redacted Personal Information,"£1,609.68"
Manchester City Council,1005,Adult Social Care,Adult Placements,05/02/2025,1908722382,Redacted Personal Information,"£1,609.68"
Manchester City Council,1005,Adult Social Care,Adult Placements,05/02/2025,1908722384,Redacted Personal Information,"£1,609.68"
Manchester City Council,1005,Adult Social Care,Adult Placements,05/02/2025,1908722381,Redacted Personal Information,"£1,609.68"
Manchester City Council,1005,Adult Social Care,Adult Placements,05/02/2025,1908722401,Redacted Personal Information,"£1,609.68"
Manchester City Council,1005,Adult Social Care,Supported Accommodation,19/02/2025,1908737184,Redacted Personal Information,"£1,609.68"
Manchester City Council,1005,Adult Social Care,Adult Placements,05/02/2025,1908722373,Redacted Personal Information,"£1,609.68"
Manchester City Council,1005,Adult Social Care,Adult Placements,05/02/2025,1908722393,Redacted Personal Information,"£1,609.68"
Manchester City Council,1005,Adult Social Care,Supported Accommodation,19/02/2025,1908737196,Redacted Personal Information,"£1,609.68"
Manchester City Council,1005,Adult Social Care,Adult Placements,05/02/2025,1908722374,Redacted Personal Information,"£1,609.68"
Manchester City Council,1005,Adult Social Care,Supported Accommodation,19/02/2025,1908737197,Redacted Personal Information,"£1,609.68"
Manchester City Council,1005,Adult Social Care,Supported Accommodation,19/02/2025,1908737174,Redacted Personal Information,"£1,609.68"
Manchester City Council,1005,Adult Social Care,Adult Placements,05/02/2025,1908722416,Redacted Personal Information,"£1,609.68"
Manchester City Council,1005,Adult Social Care,Supported Accommodation,19/02/2025,1908737195,Redacted Personal Information,"£1,609.68"
Manchester City Council,1005,Adult Social Care,Adult Placements,19/02/2025,1908737185,Redacted Personal Information,"£1,609.68"
Manchester City Council,1005,Adult Social Care,Supported Accommodation,19/02/2025,1908737167,Redacted Personal Information,"£1,609.68"
Manchester City Council,1005,Adult Social Care,Adult Placements,05/02/2025,1908722414,Redacted Personal Information,"£1,609.68"
Manchester City Council,1005,Adult Social Care,Supported Accommodation,19/02/2025,1908737198,Redacted Personal Information,"£1,609.68"
Manchester City Council,1005,Adult Social Care,Supported Accommodation,19/02/2025,1908737178,Redacted Personal Information,"£1,609.68"
Manchester City Council,1005,Adult Social Care,Supported Accommodation,19/02/2025,1908737179,Redacted Personal Information,"£1,609.68"
Manchester City Council,1005,Adult Social Care,Adult Placements,05/02/2025,1908722367,Redacted Personal Information,"£1,609.68"
Manchester City Council,1005,Adult Social Care,Supported Accommodation,19/02/2025,1908737193,Redacted Personal Information,"£1,609.68"
Manchester City Council,1005,Adult Social Care,Adult Placements,05/02/2025,1908722380,Redacted Personal Information,"£1,609.68"
Manchester City Council,1005,Adult Social Care,Adult Placements,05/02/2025,1908722376,Redacted Personal Information,"£1,609.68"
Manchester City Council,1005,Adult Social Care,Adult Placements,05/02/2025,1908722386,Redacted Personal Information,"£1,609.68"
Manchester City Council,1005,Adult Social Care,Adult Placements,05/02/2025,1908722365,Redacted Personal Information,"£1,609.68"
Manchester City Council,1005,Adult Social Care,Adult Placements,05/02/2025,1908722391,Redacted Personal Information,"£1,609.68"
Manchester City Council,1005,Adult Social Care,Adult Placements,05/02/2025,1908722390,Redacted Personal Information,"£1,609.68"
Manchester City Council,1005,Adult Social Care,Adult Placements,05/02/2025,1908722413,Redacted Personal Information,"£1,609.68"
Manchester City Council,1005,Adult Social Care,Adult Placements,05/02/2025,1908722379,Redacted Personal Information,"£1,609.68"
Manchester City Council,1005,Adult Social Care,Adult Placements,05/02/2025,1908722420,Redacted Personal Information,"£1,609.68"
Manchester City Council,1005,Adult Social Care,Adult Placements,19/02/2025,1908737171,Redacted Personal Information,"£1,609.68"
Manchester City Council,1005,Adult Social Care,Adult Placements,05/02/2025,1908722375,Redacted Personal Information,"£1,609.68"
Manchester City Council,1005,Adult Social Care,Supported Accommodation,19/02/2025,1908737194,Redacted Personal Information,"£1,609.68"
Manchester City Council,1005,Adult Social Care,Adult Placements,05/02/2025,1908722415,Redacted Personal Information,"£1,609.68"
Manchester City Council,1005,Adult Social Care,Adult Placements,05/02/2025,1908722372,Redacted Personal Information,"£1,609.68"
Manchester City Council,1005,Adult Social Care,Supported Accommodation,19/02/2025,1908737190,Redacted Personal Information,"£1,609.68"
Manchester City Council,1005,Adult Social Care,Adult Placements,05/02/2025,1908722377,Redacted Personal Information,"£1,609.68"
Manchester City Council,1005,Adult Social Care,Adult Placements,05/02/2025,1908722388,Redacted Personal Information,"£1,609.68"
Manchester City Council,1005,Adult Social Care,Adult Placements,05/02/2025,1908722417,Redacted Personal Information,"£1,609.68"
Manchester City Council,1005,Adult Social Care,Adult Placements,05/02/2025,1908722422,Redacted Personal Information,"£1,609.68"
Manchester City Council,1005,Adult Social Care,Adult Placements,05/02/2025,1908722418,Redacted Personal Information,"£1,609.68"
Manchester City Council,1005,Adult Social Care,Supported Accommodation,19/02/2025,1908737200,Redacted Personal Information,"£1,609.68"
Manchester City Council,1005,Adult Social Care,Adult Placements,05/02/2025,1908722405,Redacted Personal Information,"£1,609.68"
Manchester City Council,1005,Adult Social Care,Supported Accommodation,19/02/2025,1908737206,Redacted Personal Information,"£1,609.68"
Manchester City Council,1005,Adult Social Care,Adult Placements,05/02/2025,1908722397,Redacted Personal Information,"£1,609.68"
Manchester City Council,1005,Adult Social Care,Supported Accommodation,19/02/2025,1908737203,Redacted Personal Information,"£1,609.68"
Manchester City Council,1005,Adult Social Care,Adult Placements,05/02/2025,1908722402,Redacted Personal Information,"£1,609.68"
Manchester City Council,1005,Adult Social Care,Adult Placements,05/02/2025,1908722370,Redacted Personal Information,"£1,609.68"
Manchester City Council,1005,Adult Social Care,Adult Placements,05/02/2025,1908722419,Redacted Personal Information,"£1,609.68"
Manchester City Council,1005,Adult Social Care,Adult Placements,05/02/2025,1908722410,Redacted Personal Information,"£1,609.68"
Manchester City Council,1005,Adult Social Care,Supported Accommodation,19/02/2025,1908737207,Redacted Personal Information,"£1,609.68"
Manchester City Council,1005,Adult Social Care,Supported Accommodation,19/02/2025,1908737208,Redacted Personal Information,"£1,609.68"
Manchester City Council,1005,Adult Social Care,Adult Placements,05/02/2025,1908722368,Redacted Personal Information,"£1,609.68"
Manchester City Council,1005,Adult Social Care,Adult Placements,05/02/2025,1908722387,Redacted Personal Information,"£1,609.68"
Manchester City Council,1005,Adult Social Care,Supported Accommodation,19/02/2025,1908737164,Redacted Personal Information,"£1,609.68"
Manchester City Council,1005,Adult Social Care,Adult Placements,05/02/2025,1908722415,Redacted Personal Information,"£1,609.68"
Manchester City Council,1005,Adult Social Care,Supported Accommodation,19/02/2025,1908737173,Redacted Personal Information,"£1,609.68"
Manchester City Council,1005,Adult Social Care,Supported Accommodation,19/02/2025,1908737187,Redacted Personal Information,"£1,609.68"
Manchester City Council,1005,Adult Social Care,Adult Placements,05/02/2025,1908722407,Redacted Personal Information,"£1,609.68"
Manchester City Council,1005,Adult Social Care,Adult Placements,05/02/2025,1908722369,Redacted Personal Information,"£1,609.68"
Manchester City Council,1005,Adult Social Care,Supported Accommodation,19/02/2025,1908737182,Redacted Personal Information,"£1,609.68"
Manchester City Council,1005,Adult Social Care,Adult Placements,05/02/2025,1908722385,Redacted Personal Information,"£1,609.68"
Manchester City Council,1005,Adult Social Care,Adult Placements,05/02/2025,1908722404,Redacted Personal Information,"£1,609.68"
Manchester City Council,1005,Adult Social Care,Adult Placements,05/02/2025,1908722396,Redacted Personal Information,"£1,609.68"
Manchester City Council,1005,Adult Social Care,Adult Placements,19/02/2025,1908737177,Redacted Personal Information,"£1,609.68"
Manchester City Council,1005,Adult Social Care,Adult Placements,05/02/2025,1908722412,Redacted Personal Information,"£1,609.68"
Manchester City Council,1005,Adult Social Care,Supported Accommodation,19/02/2025,1908737175,Redacted Personal Information,"£1,609.68"
Manchester City Council,1005,Adult Social Care,Supported Accommodation,19/02/2025,1908737176,Redacted Personal Information,"£1,609.68"
Manchester City Council,1005,Adult Social Care,Supported Accommodation,19/02/2025,1908737166,Redacted Personal Information,"£1,609.68"
Manchester City Council,1005,Adult Social Care,Supported Accommodation,19/02/2025,1908737181,Redacted Personal Information,"£1,609.68"
Manchester City Council,1005,Adult Social Care,Adult Placements,05/02/2025,1908722399,Redacted Personal Information,"£1,609.68"
Manchester City Council,1005,Adult Social Care,Adult Placements,05/02/2025,1908722366,Redacted Personal Information,"£1,609.68"
Manchester City Council,1005,Adult Social Care,Supported Accommodation,19/02/2025,1908737183,Redacted Personal Information,"£1,609.68"
Manchester City Council,1005,Adult Social Care,Adult Placements,05/02/2025,1908722371,Redacted Personal Information,"£1,609.68"
Manchester City Council,1005,Adult Social Care,Agency staff provision,24/02/2025,1908740137,Reed Employment Plc,"£1,608.35"
Manchester City Council,1005,Adult Social Care,Supported Accommodation,25/02/2025,5105976396,Wythenshawe Community Housing Group,"£1,608.23"
Manchester City Council,1005,Adult Social Care,Supported Accommodation,25/02/2025,5105976399,Wythenshawe Community Housing Group,"£1,608.23"
Manchester City Council,1005,Adult Social Care,Supported Accommodation,25/02/2025,5105976394,Wythenshawe Community Housing Group,"£1,608.23"
Manchester City Council,1004,Childrens & Education Services,Foster Payments,05/02/2025,1908720741,Redacted Personal Information,"£1,606.18"
Manchester City Council,1004,Childrens & Education Services,Foster Payments,19/02/2025,1908736429,Redacted Personal Information,"£1,606.18"
Manchester City Council,1013,Highways Services,Building Materials for direct delivery,24/02/2025,1908740132,Aggregate Industries T/A Kennedy,"£1,604.12"
Manchester City Council,1004,Childrens & Education Services,Payments for services,27/02/2025,5105977815,Dragon Occupational Therapy Ltd,"£1,600.00"
Manchester City Council,1004,Childrens & Education Services,Public Transport,05/02/2025,5105974265,Manchester Hospital School,"£1,600.00"
Manchester City Council,1007,Corporate Services,Grounds Maintenance,12/02/2025,5105975563,Arboricultural Services Treework,"£1,600.00"
Manchester City Council,1000,Manchester Leisure,Electricity,27/02/2025,1908744627,Haven Power Ltd,"£1,599.74"
Manchester City Council,1004,Childrens & Education Services,Third party payments relating to Voluntary Organisations,12/02/2025,1908729449,Manchester Steiner Ltd,"£1,599.00"
Manchester City Council,1005,Adult Social Care,Furniture,25/02/2025,5105977119,Bennett Workplace Solutions Ltd,"£1,598.99"
Manchester City Council,1013,Highways Services,Hire of Equipment,04/02/2025,5105973832,MTK Breaker Hire and Sales Ltd,"£1,590.00"
Manchester City Council,1004,Childrens & Education Services,Foster Payments,19/02/2025,1908736093,Redacted Personal Information,"£1,588.00"
Manchester City Council,1004,Childrens & Education Services,Foster Payments,05/02/2025,1908720853,Redacted Personal Information,"£1,588.00"
Manchester City Council,1004,Childrens & Education Services,Foster Payments,05/02/2025,1908720413,Redacted Personal Information,"£1,588.00"
Manchester City Council,1004,Childrens & Education Services,Foster Payments,19/02/2025,1908736545,Redacted Personal Information,"£1,588.00"
Manchester City Council,1004,Childrens & Education Services,Foster Payments,05/02/2025,1908720858,Redacted Personal Information,"£1,588.00"
Manchester City Council,1004,Childrens & Education Services,Foster Payments,19/02/2025,1908736540,Redacted Personal Information,"£1,588.00"
Manchester City Council,1000,Manchester Leisure,Special Event,20/02/2025,1908732640,Proud Events Limited,"£1,588.00"
Manchester City Council,1004,Childrens & Education Services,Foster Payments,19/02/2025,1908736585,Redacted Personal Information,"£1,588.00"
Manchester City Council,1004,Childrens & Education Services,Foster Payments,05/02/2025,1908720896,Redacted Personal Information,"£1,588.00"
Manchester City Council,1004,Childrens & Education Services,Third party payments relating to Voluntary Organisations,12/02/2025,1908729556,New Amigos Day Nursery,"£1,587.00"
Manchester City Council,1003,Environment and Operations,Vehicle Plant Furniture and Equipment,12/02/2025,1908729783,APPLE.COM/UK,"£1,584.83"
Manchester City Council,1013,Highways Services,Building Materials for direct delivery,24/02/2025,1908740130,Aggregate Industries T/A Kennedy,"£1,583.86"
Manchester City Council,1005,Adult Social Care,Supported Accommodation,17/02/2025,5105976387,Wythenshawe Community Housing Group,"£1,583.53"
Manchester City Council,1005,Adult Social Care,Supported Accommodation,17/02/2025,5105976401,Wythenshawe Community Housing Group,"£1,583.53"
Manchester City Council,1005,Adult Social Care,Supported Accommodation,17/02/2025,5105976402,Wythenshawe Community Housing Group,"£1,583.53"
Manchester City Council,1005,Adult Social Care,Agency staff provision,18/02/2025,1908734558,Reed Employment Plc,"£1,581.39"
Manchester City Council,1011,Chief Executives,I T Provision,28/02/2025,5105976059,Civica UK Ltd,"£1,580.00"
Manchester City Council,1004,Childrens & Education Services,Foster Payments,19/02/2025,1908737031,Redacted Personal Information,"£1,580.00"
Manchester City Council,1004,Childrens & Education Services,Foster Payments,19/02/2025,1908736711,Redacted Personal Information,"£1,578.90"
Manchester City Council,1004,Childrens & Education Services,Foster Payments,19/02/2025,1908736250,Redacted Personal Information,"£1,578.90"
Manchester City Council,1004,Childrens & Education Services,Foster Payments,05/02/2025,1908721165,Redacted Personal Information,"£1,578.90"
Manchester City Council,1004,Childrens & Education Services,Foster Payments,05/02/2025,1908721330,Redacted Personal Information,"£1,578.90"
Manchester City Council,1011,Chief Executives,Legal Fees,17/02/2025,1908733515,Warwickshire County Council,"£1,578.60"
Manchester City Council,1004,Childrens & Education Services,Agency staff provision,10/02/2025,1908726320,Reed Employment Plc,"£1,577.65"
Manchester City Council,1006,Childrens Services,Building Works,10/02/2025,5105974863,The East Manchester Academy,"£1,577.24"
Manchester City Council,1004,Childrens & Education Services,Foster Payments,05/02/2025,1908721174,Redacted Personal Information,"£1,576.20"
Manchester City Council,1004,Childrens & Education Services,Foster Payments,19/02/2025,1908736919,Redacted Personal Information,"£1,576.20"
Manchester City Council,1013,Highways Services,Agency staff provision,24/02/2025,1908740137,Reed Employment Plc,"£1,574.43"
Manchester City Council,1013,Highways Services,Building Materials for direct delivery,26/02/2025,1908742777,Aggregate Industries T/A Kennedy,"£1,571.50"
Manchester City Council,1013,Highways Services,Building Materials for direct delivery,24/02/2025,1908740128,Aggregate Industries T/A Kennedy,"£1,570.92"
Manchester City Council,1007,Corporate Services,ICT Sup & Maintnance,07/02/2025,5105974581,Ncc Services Limited,"£1,570.00"
Manchester City Council,1000,Manchester Leisure,Agency staff provision,24/02/2025,1908740137,Reed Employment Plc,"£1,567.84"
Manchester City Council,1004,Childrens & Education Services,Third party payments relating to Voluntary Organisations,12/02/2025,1908728926,Redacted Personal Information,"£1,567.35"
Manchester City Council,1007,Corporate Services,Electricity,27/02/2025,1908744980,Haven Power Ltd,"£1,566.84"
Manchester City Council,1005,Adult Social Care,Agency staff provision,10/02/2025,1908726320,Reed Employment Plc,"£1,565.48"
Manchester City Council,1005,Adult Social Care,Agency staff provision,04/02/2025,1908718471,Reed Employment Plc,"£1,565.48"
Manchester City Council,1011,Chief Executives,Payments to Sub-Contractors,07/02/2025,5105974677,Redacted Personal Information,"£1,564.28"
Manchester City Council,1004,Childrens & Education Services,Payments for services,10/02/2025,5105974453,Redacted Personal Information,"£1,560.00"
Manchester City Council,1000,Manchester Leisure,I T Provision,14/02/2025,5105975980,In4systems Ltd,"£1,560.00"
Manchester City Council,1000,Manchester Leisure,Refuse Collection,28/02/2025,5105975610,Biffa Municipal Limited,"£1,560.00"
Manchester City Council,1004,Childrens & Education Services,Third party payments to other Local Authorities,07/02/2025,5105974743,"Global Make Up, Hair Academy","£1,560.00"
Manchester City Council,1012,Regeneration Finance,Furniture,04/02/2025,5105973766,Oasis UK formerly Box-It (NW),"£1,557.99"
Manchester City Council,1000,Manchester Leisure,Electricity,27/02/2025,1908745133,Haven Power Ltd,"£1,556.79"
Manchester City Council,1004,Childrens & Education Services,Electricity,27/02/2025,1908744676,Haven Power Ltd,"£1,556.16"
Manchester City Council,1004,Childrens & Education Services,Third party payments relating to Voluntary Organisations,12/02/2025,1908729311,Redacted Personal Information,"£1,554.00"
Manchester City Council,1012,Regeneration Finance,Grant Payments,14/02/2025,5105976229,Thompson Reuters,"£1,554.00"
Manchester City Council,1000,Manchester Leisure,Furniture,10/02/2025,5105974990,Rtec Carpets Ltd,"£1,553.50"
Manchester City Council,1000,Manchester Leisure,Legal Fees,13/02/2025,1908731990,Peasegoods,"£1,551.17"
Manchester City Council,1012,Regeneration Finance,Professional Fees,05/02/2025,5105974343,P Mcguinness & Co Ltd,"£1,551.00"
Manchester City Council,1011,Chief Executives,Counsel Costs,13/02/2025,1908731825,Redacted Personal Information,"£1,550.00"
Manchester City Council,1004,Childrens & Education Services,Foster Payments,07/02/2025,1908725573,Action For Children,"£1,550.00"
Manchester City Council,1004,Childrens & Education Services,Third party payments relating to Voluntary Organisations,12/02/2025,1908729331,Kenwood Day Nursery,"£1,545.00"
Manchester City Council,1012,Regeneration Finance,Furniture,06/02/2025,5105974091,Oasis UK formerly Box-It (NW),"£1,544.16"
Manchester City Council,1002,Hospitality + Trading Services,Building Materials for direct delivery,28/02/2025,5105976655,Killgerm Chemicals Ltd,"£1,542.00"
Manchester City Council,1011,Chief Executives,Equipment Operating Lease,05/02/2025,5105974353,Xerox (Uk) Ltd,"£1,541.36"
Manchester City Council,1007,Corporate Services,Security,27/02/2025,5105976794,MITIE SECURITY LIMITED,"£1,540.29"
Manchester City Council,1009,Housing General Fund,Building Works,03/02/2025,1908717792,T F Jones Property Services Ltd,"£1,538.68"
Manchester City Council,1000,Manchester Leisure,Electricity,27/02/2025,1908744694,Haven Power Ltd,"£1,536.24"
Manchester City Council,1000,Manchester Leisure,Rents,19/02/2025,5105975651,Momo Properties LTD,"£1,534.00"
Manchester City Council,1004,Childrens & Education Services,Foster Payments,05/02/2025,1908721181,Redacted Personal Information,"£1,531.10"
Manchester City Council,1004,Childrens & Education Services,Foster Payments,19/02/2025,1908736913,Redacted Personal Information,"£1,531.10"
Manchester City Council,1000,Manchester Leisure,Furniture,06/02/2025,5105974479,Rtec Carpets Ltd,"£1,530.00"
Manchester City Council,1003,Environment and Operations,Construction Works,20/02/2025,5105975693,Bt Repayments And Claims Group,"£1,529.10"
Manchester City Council,1000,Manchester Leisure,Bed & Breakfast Acc,10/02/2025,5105973872,Redacted Personal Information,"£1,527.25"
Manchester City Council,1000,Manchester Leisure,Rents,19/02/2025,5105975142,Momo Properties LTD,"£1,527.25"
Manchester City Council,1010,Housing Revenue Account,Council Dwelling Adaptations,06/02/2025,5105974082,Rexel UK Ltd,"£1,525.07"
Manchester City Council,1004,Childrens & Education Services,Foster Payments,05/02/2025,1908721329,Redacted Personal Information,"£1,524.00"
Manchester City Council,1004,Childrens & Education Services,Foster Payments,19/02/2025,1908736393,Redacted Personal Information,"£1,524.00"
Manchester City Council,1007,Corporate Services,Rents,20/02/2025,1908729826,Knight Frank LLP,"£1,523.74"
Manchester City Council,1004,Childrens & Education Services,Foster Payments,05/02/2025,1908721367,Redacted Personal Information,"£1,522.38"
Manchester City Council,1013,Highways Services,Purchase of stores for re-distribution,27/02/2025,5105977067,P.F. Cusack (Tools Supplies) Ltd,"£1,521.40"
Manchester City Council,1000,Manchester Leisure,Equipment,27/02/2025,5105977077,Solon Security Ltd,"£1,520.00"
Manchester City Council,1010,Housing Revenue Account,Council Dwelling Adaptations,20/02/2025,5105975006,Master Moves Ltd,"£1,519.96"
Manchester City Council,1005,Adult Social Care,Supported Accommodation,05/02/2025,5105974153,Wythenshawe Community Housing Group,"£1,518.92"
Manchester City Council,1004,Childrens & Education Services,Foster Payments,05/02/2025,1908720375,Redacted Personal Information,"£1,518.84"
Manchester City Council,1004,Childrens & Education Services,Foster Payments,19/02/2025,1908736029,Redacted Personal Information,"£1,518.84"
Manchester City Council,1000,Manchester Leisure,Electricity,27/02/2025,1908744660,Haven Power Ltd,"£1,518.67"
Manchester City Council,1007,Corporate Services,Electricity,27/02/2025,1908744681,Haven Power Ltd,"£1,515.58"
Manchester City Council,1011,Chief Executives,Printing,28/02/2025,5105976947,Quadient UK Ltd (Consumables),"£1,513.56"
Manchester City Council,1000,Manchester Leisure,Security,28/02/2025,5105978151,UNIQUE SPECIALIST SERVICES,"£1,512.00"
Manchester City Council,1000,Manchester Leisure,Security,12/02/2025,5105973865,UNIQUE SPECIALIST SERVICES,"£1,512.00"
Manchester City Council,1000,Manchester Leisure,Security,26/02/2025,5105976823,UNIQUE SPECIALIST SERVICES,"£1,512.00"
Manchester City Council,1000,Manchester Leisure,Security,19/02/2025,5105975757,UNIQUE SPECIALIST SERVICES,"£1,512.00"
Manchester City Council,1004,Childrens & Education Services,Third party payments to other Local Authorities,14/02/2025,5105976179,Hulme Hall Grammar School,"£1,512.00"
Manchester City Council,1000,Manchester Leisure,Electricity,27/02/2025,1908744567,Haven Power Ltd,"£1,508.99"
Manchester City Council,1004,Childrens & Education Services,Third party payments relating to Voluntary Organisations,12/02/2025,1908728601,Marion Scott Playgroup,"£1,508.40"
Manchester City Council,1004,Childrens & Education Services,Third party payments relating to Voluntary Organisations,12/02/2025,1908728527,Brighter Beginnings Fallowfield,"£1,508.40"
Manchester City Council,1004,Childrens & Education Services,Third party payments relating to Voluntary Organisations,12/02/2025,1908729152,Redacted Personal Information,"£1,508.40"
Manchester City Council,1004,Childrens & Education Services,Third party payments relating to Voluntary Organisations,12/02/2025,1908729163,Redacted Personal Information,"£1,508.40"
Manchester City Council,1004,Childrens & Education Services,Third party payments relating to Voluntary Organisations,12/02/2025,1908729186,Redacted Personal Information,"£1,508.40"
Manchester City Council,1004,Childrens & Education Services,Third party payments relating to Voluntary Organisations,12/02/2025,1908729228,Tiny Turtles Daycare Ltd,"£1,508.40"
Manchester City Council,1004,Childrens & Education Services,Third party payments relating to Voluntary Organisations,12/02/2025,1908728633,Redacted Personal Information,"£1,508.40"
Manchester City Council,1004,Childrens & Education Services,Third party payments relating to Voluntary Organisations,12/02/2025,1908729093,Redacted Personal Information,"£1,508.40"
Manchester City Council,1004,Childrens & Education Services,Third party payments relating to Voluntary Organisations,12/02/2025,1908729049,Lea's Childminding,"£1,508.40"
Manchester City Council,1004,Childrens & Education Services,Third party payments relating to Voluntary Organisations,12/02/2025,1908728592,Little Learning Ladder,"£1,508.40"
Manchester City Council,1004,Childrens & Education Services,Third party payments relating to Voluntary Organisations,12/02/2025,1908728667,Redacted Personal Information,"£1,508.40"
Manchester City Council,1004,Childrens & Education Services,Third party payments relating to Voluntary Organisations,12/02/2025,1908728514,Redacted Personal Information,"£1,508.40"
Manchester City Council,1004,Childrens & Education Services,Third party payments relating to Voluntary Organisations,12/02/2025,1908729018,Redacted Personal Information,"£1,508.40"
Manchester City Council,1004,Childrens & Education Services,Third party payments relating to Voluntary Organisations,12/02/2025,1908729192,Redacted Personal Information,"£1,508.40"
Manchester City Council,1004,Childrens & Education Services,Third party payments relating to Voluntary Organisations,12/02/2025,1908729168,Redacted Personal Information,"£1,508.40"
Manchester City Council,1004,Childrens & Education Services,Third party payments relating to Voluntary Organisations,12/02/2025,1908729242,Redacted Personal Information,"£1,508.40"
Manchester City Council,1004,Childrens & Education Services,Third party payments relating to Voluntary Organisations,12/02/2025,1908729069,Redacted Personal Information,"£1,508.40"
Manchester City Council,1004,Childrens & Education Services,Third party payments relating to Voluntary Organisations,12/02/2025,1908729030,Manchester Creche,"£1,508.40"
Manchester City Council,1004,Childrens & Education Services,Third party payments relating to Voluntary Organisations,12/02/2025,1908728570,Redacted Personal Information,"£1,508.40"
Manchester City Council,1004,Childrens & Education Services,Third party payments relating to Voluntary Organisations,12/02/2025,1908728545,Didsbury Childminding Limited,"£1,508.40"
Manchester City Council,1004,Childrens & Education Services,Third party payments relating to Voluntary Organisations,12/02/2025,1908729097,Redacted Personal Information,"£1,508.40"
Manchester City Council,1004,Childrens & Education Services,Third party payments relating to Voluntary Organisations,12/02/2025,1908728511,Anson Cabin Project,"£1,508.40"
Manchester City Council,1004,Childrens & Education Services,Third party payments relating to Voluntary Organisations,12/02/2025,1908728519,Redacted Personal Information,"£1,508.40"
Manchester City Council,1004,Childrens & Education Services,Third party payments relating to Voluntary Organisations,12/02/2025,1908729108,Redacted Personal Information,"£1,508.40"
Manchester City Council,1004,Childrens & Education Services,Third party payments relating to Voluntary Organisations,12/02/2025,1908728647,Redacted Personal Information,"£1,508.40"
Manchester City Council,1004,Childrens & Education Services,Third party payments relating to Voluntary Organisations,12/02/2025,1908729191,Rushford Park Nursery,"£1,508.40"
Manchester City Council,1004,Childrens & Education Services,Payments to Academie,12/02/2025,1908729024,Barlow Hall Primary Sch (Academy,"£1,508.40"
Manchester City Council,1004,Childrens & Education Services,Third party payments relating to Voluntary Organisations,12/02/2025,1908729089,Redacted Personal Information,"£1,508.40"
Manchester City Council,1004,Childrens & Education Services,Third party payments relating to Voluntary Organisations,12/02/2025,1908729216,Redacted Personal Information,"£1,508.40"
Manchester City Council,1004,Childrens & Education Services,Third party payments relating to Voluntary Organisations,12/02/2025,1908729027,Redacted Personal Information,"£1,508.40"
Manchester City Council,1004,Childrens & Education Services,Third party payments relating to Voluntary Organisations,12/02/2025,1908729031,Redacted Personal Information,"£1,508.40"
Manchester City Council,1004,Childrens & Education Services,Third party payments relating to Voluntary Organisations,12/02/2025,1908728634,Redacted Personal Information,"£1,508.40"
Manchester City Council,1004,Childrens & Education Services,Pay School Budget,12/02/2025,1908729187,Ringway Primary School,"£1,508.40"
Manchester City Council,1004,Childrens & Education Services,Third party payments relating to Voluntary Organisations,12/02/2025,1908729131,Redacted Personal Information,"£1,508.40"
Manchester City Council,1004,Childrens & Education Services,Third party payments relating to Voluntary Organisations,12/02/2025,1908729146,Redacted Personal Information,"£1,508.40"
Manchester City Council,1004,Childrens & Education Services,Third party payments relating to Voluntary Organisations,12/02/2025,1908729156,Redacted Personal Information,"£1,508.40"
Manchester City Council,1004,Childrens & Education Services,Third party payments relating to Voluntary Organisations,12/02/2025,1908728521,Barlow Moor Community Association,"£1,508.40"
Manchester City Council,1004,Childrens & Education Services,Third party payments relating to Voluntary Organisations,12/02/2025,1908729034,Barlow Moor Community Association,"£1,508.40"
Manchester City Council,1004,Childrens & Education Services,Third party payments relating to Voluntary Organisations,12/02/2025,1908729050,Redacted Personal Information,"£1,508.40"
Manchester City Council,1004,Childrens & Education Services,Third party payments relating to Voluntary Organisations,12/02/2025,1908729232,Redacted Personal Information,"£1,508.40"
Manchester City Council,1004,Childrens & Education Services,Third party payments relating to Voluntary Organisations,12/02/2025,1908728594,Littleways Daisy Bank,"£1,508.40"
Manchester City Council,1002,Hospitality + Trading Services,Agency staff provision,04/02/2025,1908718471,Reed Employment Plc,"£1,508.13"
Manchester City Council,1004,Childrens & Education Services,Foster Payments,19/02/2025,1908737031,Redacted Personal Information,"£1,508.00"
Manchester City Council,1007,Corporate Services,Gas,27/02/2025,1908744144,SEFE ENERGY Ltd,"£1,507.34"
Manchester City Council,1000,Manchester Leisure,Library Materials Acquisition,27/02/2025,1908740415,Azhar Enterprises Ltd,"£1,507.00"
Manchester City Council,1000,Manchester Leisure,Subsistence and Conference Expenses,28/02/2025,5105973703,Quaker Trading Ltd,"£1,504.17"
Manchester City Council,1000,Manchester Leisure,Library Materials Acquisition,27/02/2025,1908740416,Azhar Enterprises Ltd,"£1,503.00"
Manchester City Council,1000,Manchester Leisure,Grant and subscriptions awarded,03/02/2025,1908716168,Revolution Youth,"£1,500.00"
Manchester City Council,1013,Highways Services,Payments to Sub-Contractors,14/02/2025,5105976157,Rosgal Ltd,"£1,500.00"
Manchester City Council,1011,Chief Executives,Counsel Costs,27/02/2025,1908745602,18 St John Street Chambers,"£1,500.00"
Manchester City Council,1004,Childrens & Education Services,Home Care ,21/02/2025,1908738958,Positive Care Solutions Ltd,"£1,500.00"
Manchester City Council,1004,Childrens & Education Services,Home Care ,07/02/2025,1908725714,Positive Care Solutions Ltd,"£1,500.00"
Manchester City Council,1000,Manchester Leisure,Hire of Premises,17/02/2025,1908734273,ELEGANCE ACCOMMODATION,"£1,500.00"
Manchester City Council,1000,Manchester Leisure,Grant and subscriptions awarded,12/02/2025,5105975641,Wythenshawe Good Neighbours,"£1,500.00"
Manchester City Council,1000,Manchester Leisure,Hire of Premises,17/02/2025,1908734274,ELEGANCE ACCOMMODATION,"£1,500.00"
Manchester City Council,1000,Manchester Leisure,Compensation Payments,25/02/2025,1908740378,Redacted Personal Information,"£1,500.00"
Manchester City Council,1000,Manchester Leisure,Subsistence and Conference Expenses,13/02/2025,5105975894,Greater Manchester Youth,"£1,500.00"
Manchester City Council,1000,Manchester Leisure,"Consumable items eg Toilet rolls, soap etc",03/02/2025,1908717325,ELEGANCE ACCOMMODATION,"£1,500.00"
Manchester City Council,1000,Manchester Leisure,Compensation Payments,07/02/2025,1908725527,Redacted Personal Information,"£1,500.00"
Manchester City Council,1000,Manchester Leisure,Professional fees,11/02/2025,1908726423,Redacted Personal Information,"£1,500.00"
Manchester City Council,1000,Manchester Leisure,Equipment,28/02/2025,5105977290,Groundwork Landscapes Ltd,"£1,500.00"
Manchester City Council,1005,Adult Social Care,Contract Cleaning External,05/02/2025,5105973908,CPD Property Services,"£1,500.00"
Manchester City Council,1000,Manchester Leisure,Legal Fees,04/02/2025,1908718487,Redacted Personal Information,"£1,500.00"
Manchester City Council,1000,Manchester Leisure,Payments for services,18/02/2025,1908732639,Woman Arise CIC,"£1,500.00"
Manchester City Council,1000,Manchester Leisure,Gas,27/02/2025,1908744180,SEFE ENERGY Ltd,"£1,493.83"
Manchester City Council,1004,Childrens & Education Services,Agency staff provision,18/02/2025,1908734558,Reed Employment Plc,"£1,492.80"
Manchester City Council,1007,Corporate Services,Legal Fees,12/02/2025,1908729853,HMCTS (Manchester),"£1,492.50"
Manchester City Council,1007,Corporate Services,Fees,14/02/2025,1908723010,CDER GROUP LIMITED,"£1,492.41"
Manchester City Council,1000,Manchester Leisure,Agency staff provision,18/02/2025,1908734558,Reed Employment Plc,"£1,492.05"
Manchester City Council,1000,Manchester Leisure,Professional fees,28/02/2025,5105977224,M247 UK Ltd,"£1,491.40"
Manchester City Council,1013,Highways Services,Building Materials for direct delivery,24/02/2025,1908740126,Aggregate Industries T/A Kennedy,"£1,491.32"
Manchester City Council,1000,Manchester Leisure,Grant and subscriptions awarded,11/02/2025,5105975227,Albermarle Allotment Society,"£1,491.00"
Manchester City Council,1000,Manchester Leisure,Professional fees,28/02/2025,5105977225,M247 UK Ltd,"£1,490.48"
Manchester City Council,1000,Manchester Leisure,Rents,27/02/2025,5105977085,Kramer & Company Properties,"£1,490.00"
Manchester City Council,1000,Manchester Leisure,Rents,27/02/2025,5105977908,Redacted Personal Information,"£1,490.00"
Manchester City Council,1004,Childrens & Education Services,Agency staff provision,24/02/2025,1908740137,Reed Employment Plc,"£1,488.55"
Manchester City Council,1004,Childrens & Education Services,Agency staff provision,10/02/2025,1908726320,Reed Employment Plc,"£1,488.55"
Manchester City Council,1004,Childrens & Education Services,Agency staff provision,18/02/2025,1908734558,Reed Employment Plc,"£1,488.55"
Manchester City Council,1004,Childrens & Education Services,Agency staff provision,04/02/2025,1908718471,Reed Employment Plc,"£1,488.55"
Manchester City Council,1004,Childrens & Education Services,Electricity,27/02/2025,1908745216,Haven Power Ltd,"£1,487.95"
Manchester City Council,1011,Chief Executives,Counsel Costs,26/02/2025,1908742287,Redacted Personal Information,"£1,487.50"
Manchester City Council,1005,Adult Social Care,Supported Accommodation,25/02/2025,5105976400,Wythenshawe Community Housing Group,"£1,484.52"
Manchester City Council,1011,Chief Executives,Hire of Equipment,13/02/2025,5105974959,Universal Live,"£1,484.10"
Manchester City Council,1004,Childrens & Education Services,Agency staff provision,24/02/2025,1908740137,Reed Employment Plc,"£1,483.15"
Manchester City Council,1004,Childrens & Education Services,Transport Coach Hire,14/02/2025,5105976083,AFJ Ltd,"£1,482.72"
Manchester City Council,1004,Childrens & Education Services,Third party payments relating to Voluntary Organisations,12/02/2025,1908728927,Redacted Personal Information,"£1,480.28"
Manchester City Council,1004,Childrens & Education Services,Foster Payments,19/02/2025,1908736547,Redacted Personal Information,"£1,480.00"
Manchester City Council,1004,Childrens & Education Services,Foster Payments,19/02/2025,1908736907,Redacted Personal Information,"£1,480.00"
Manchester City Council,1004,Childrens & Education Services,Foster Payments,19/02/2025,1908736157,Redacted Personal Information,"£1,480.00"
Manchester City Council,1004,Childrens & Education Services,Foster Payments,19/02/2025,1908736877,Redacted Personal Information,"£1,480.00"
Manchester City Council,1004,Childrens & Education Services,Foster Payments,05/02/2025,1908720860,Redacted Personal Information,"£1,480.00"
Manchester City Council,1004,Childrens & Education Services,Foster Payments,05/02/2025,1908720430,Redacted Personal Information,"£1,480.00"
Manchester City Council,1004,Childrens & Education Services,Foster Payments,05/02/2025,1908721049,Redacted Personal Information,"£1,480.00"
Manchester City Council,1004,Childrens & Education Services,Foster Payments,05/02/2025,1908721002,Redacted Personal Information,"£1,480.00"
Manchester City Council,1004,Childrens & Education Services,Foster Payments,05/02/2025,1908720481,Redacted Personal Information,"£1,480.00"
Manchester City Council,1004,Childrens & Education Services,Foster Payments,19/02/2025,1908736728,Redacted Personal Information,"£1,480.00"
Manchester City Council,1004,Childrens & Education Services,Foster Payments,05/02/2025,1908720912,Redacted Personal Information,"£1,480.00"
Manchester City Council,1004,Childrens & Education Services,Foster Payments,19/02/2025,1908736602,Redacted Personal Information,"£1,480.00"
Manchester City Council,1004,Childrens & Education Services,Foster Payments,05/02/2025,1908720928,Redacted Personal Information,"£1,477.74"
Manchester City Council,1004,Childrens & Education Services,Foster Payments,19/02/2025,1908736616,Redacted Personal Information,"£1,477.74"
Manchester City Council,1004,Childrens & Education Services,Foster Payments,19/02/2025,1908736916,Redacted Personal Information,"£1,477.34"
Manchester City Council,1011,Chief Executives,Counsel Costs,14/02/2025,1908733220,Redacted Personal Information,"£1,475.00"
Manchester City Council,1004,Childrens & Education Services,Agency staff provision,10/02/2025,1908726320,Reed Employment Plc,"£1,474.84"
Manchester City Council,1007,Corporate Services,Electricity,27/02/2025,1908744612,Haven Power Ltd,"£1,474.30"
Manchester City Council,1000,Manchester Leisure,Professional fees,03/02/2025,1700182997,Diversity Travel Ltd,"£1,474.23"
Manchester City Council,1004,Childrens & Education Services,Agency staff provision,24/02/2025,1908740137,Reed Employment Plc,"£1,472.10"
Manchester City Council,1002,Hospitality + Trading Services,Building Materials for direct delivery,03/02/2025,1908716932,CURRYS ASHTON UNDER,"£1,471.97"
Manchester City Council,1004,Childrens & Education Services,Agency staff provision,24/02/2025,1908740137,Reed Employment Plc,"£1,471.85"
Manchester City Council,1005,Adult Social Care,Third party payments relating to Voluntary Organisations,26/02/2025,5105977727,Wythenshawe Community Housing Group,"£1,470.50"
Manchester City Council,1000,Manchester Leisure,Removal and Storage of Furniture,28/02/2025,5105973694,BCL,"£1,470.38"
Manchester City Council,1004,Childrens & Education Services,Foster Payments,05/02/2025,1908721135,Redacted Personal Information,"£1,470.00"
Manchester City Council,1004,Childrens & Education Services,Foster Payments,19/02/2025,1908736818,Redacted Personal Information,"£1,470.00"
Manchester City Council,1007,Corporate Services,Gas,27/02/2025,1908744176,SEFE ENERGY Ltd,"£1,467.42"
Manchester City Council,1000,Manchester Leisure,Electricity,27/02/2025,1908745486,Npower,"£1,467.23"
Manchester City Council,1004,Childrens & Education Services,Agency staff provision,04/02/2025,1908718471,Reed Employment Plc,"£1,465.80"
Manchester City Council,1011,Chief Executives,Printing,13/02/2025,5105975329,R.C.D.,"£1,465.00"
Manchester City Council,1000,Manchester Leisure,Professional fees,28/02/2025,5105974625,Response Team 247 Ltd,"£1,462.78"
Manchester City Council,1005,Adult Social Care,Supported Accommodation,24/02/2025,5105976404,Wythenshawe Community Housing Group,"£1,461.72"
Manchester City Council,1011,Chief Executives,Legal Fees,27/02/2025,1908745581,Redacted Personal Information,"£1,458.50"
Manchester City Council,1005,Adult Social Care,Payments for services,12/02/2025,1908729739,Wise Pharmacy Ltd (Longsight),"£1,456.20"
Manchester City Council,1000,Manchester Leisure,Security,24/02/2025,5105976344,UNIQUE SPECIALIST SERVICES,"£1,456.00"
Manchester City Council,1004,Childrens & Education Services,Personal needs of client,20/02/2025,5105976897,Staff Resources Ltd,"£1,452.00"
Manchester City Council,1000,Manchester Leisure,Rents,28/02/2025,5105978130,Momo Properties LTD,"£1,451.30"
Manchester City Council,1011,Chief Executives,Printing,10/02/2025,5105973905,Browns CTP Ltd,"£1,450.00"
Manchester City Council,1005,Adult Social Care,Funeral and coroner related services,24/02/2025,5105977256,Greater Manchester Funeral Service,"£1,450.00"
Manchester City Council,1012,Regeneration Finance,Furniture,03/02/2025,5105973765,Oasis UK formerly Box-It (NW),"£1,449.86"
Manchester City Council,1004,Childrens & Education Services,Foster Payments,05/02/2025,1908720889,Redacted Personal Information,"£1,447.82"
Manchester City Council,1004,Childrens & Education Services,Foster Payments,19/02/2025,1908736578,Redacted Personal Information,"£1,447.82"
Manchester City Council,1004,Childrens & Education Services,Professional fees,13/02/2025,5105975815,Alpha Biolaboratories Limited,"£1,445.00"
Manchester City Council,1003,Environment and Operations,Construction Works,28/02/2025,5105976865,Salford City Council,"£1,444.00"
Manchester City Council,1010,Housing Revenue Account,Works and associated costs for Land and Buildings,13/02/2025,5105975885,Travis Perkins Trading Co Ltd,"£1,443.20"
Manchester City Council,1000,Manchester Leisure,Equipment,17/02/2025,5105974715,Ashlea Ltd,"£1,442.00"
Manchester City Council,1004,Childrens & Education Services,Third party payments relating to Voluntary Organisations,12/02/2025,1908729014,Acorn Grove Neighbourhood Nursery,"£1,441.36"
Manchester City Council,1005,Adult Social Care,Agency staff provision,24/02/2025,1908740137,Reed Employment Plc,"£1,440.12"
Manchester City Council,1000,Manchester Leisure,External repairs and maintenance for buildings,28/02/2025,5105977291,Groundwork Landscapes Ltd,"£1,440.00"
Manchester City Council,1000,Manchester Leisure,Gas,27/02/2025,1908744229,SEFE ENERGY Ltd,"£1,440.00"
Manchester City Council,1004,Childrens & Education Services,Agency staff provision,04/02/2025,1908718471,Reed Employment Plc,"£1,439.05"
Manchester City Council,1004,Childrens & Education Services,Equipment,03/02/2025,1908717021,MOL*SHEDMASTER UK LIMITED,"£1,433.99"
Manchester City Council,1004,Childrens & Education Services,Payments for services,10/02/2025,5105974997,Time Specialist Support Ltd,"£1,430.00"
Manchester City Council,1004,Childrens & Education Services,Payments for services,07/02/2025,5105974813,Staff Resources Ltd,"£1,428.00"
Manchester City Council,1004,Childrens & Education Services,Transport Coach Hire,06/02/2025,5105973910,The Birtenshaw Group,"£1,426.31"
Manchester City Council,1004,Childrens & Education Services,Agency staff provision,24/02/2025,1908740137,Reed Employment Plc,"£1,425.55"
Manchester City Council,1004,Childrens & Education Services,Professional fees,11/02/2025,5105975108,Angela Westington Consulting Ltd,"£1,425.00"
Manchester City Council,1012,Regeneration Finance,Removal and Storage of Furniture,11/02/2025,5105975384,Temple Studios,"£1,425.00"
Manchester City Council,1012,Regeneration Finance,Subsistence and Conference Expenses,26/02/2025,5105977756,Creative Design & Manufacture,"£1,425.00"
Manchester City Council,1004,Childrens & Education Services,Professional fees,20/02/2025,5105977044,Pennine School Improvement Ltd,"£1,425.00"
Manchester City Council,1000,Manchester Leisure,Professional fees,21/02/2025,5105977089,Sure Maintenance Ltd,"£1,424.40"
Manchester City Council,1000,Manchester Leisure,Electricity,27/02/2025,1908744657,Haven Power Ltd,"£1,420.92"
Manchester City Council,1010,Housing Revenue Account,Council Dwelling Adaptations,28/02/2025,5105977238,Master Moves Ltd,"£1,420.34"
Manchester City Council,1000,Manchester Leisure,Works and associated costs for Land and Buildings,26/02/2025,5105977632,Partnering Regen. Development Ltd,"£1,418.50"
Manchester City Council,1000,Manchester Leisure,Electricity,27/02/2025,1908744662,Haven Power Ltd,"£1,417.77"
Manchester City Council,1005,Adult Social Care,Agency staff provision,18/02/2025,1908734558,Reed Employment Plc,"£1,417.52"
Manchester City Council,1005,Adult Social Care,Equipment,05/02/2025,5105973755,Associated Optical Products,"£1,416.00"
Manchester City Council,1005,Adult Social Care,Equipment,28/02/2025,5105977421,Associated Optical Products,"£1,416.00"
Manchester City Council,1000,Manchester Leisure,Electricity,27/02/2025,1908745201,Haven Power Ltd,"£1,415.51"
Manchester City Council,1005,Adult Social Care,Payments for services,28/02/2025,5105976132,ACORN Recovery Projects,"£1,414.29"
Manchester City Council,1000,Manchester Leisure,Rents,03/02/2025,5105973763,Eeven Homes Ltd.,"£1,412.86"
Manchester City Council,1002,Hospitality + Trading Services,Hire of Machinery,12/02/2025,5105975863,H & C Plant Hire Ltd,"£1,412.71"
Manchester City Council,1004,Childrens & Education Services,Foster Payments,05/02/2025,1908720923,Redacted Personal Information,"£1,412.20"
Manchester City Council,1004,Childrens & Education Services,Foster Payments,19/02/2025,1908736554,Redacted Personal Information,"£1,412.20"
Manchester City Council,1004,Childrens & Education Services,Foster Payments,05/02/2025,1908720866,Redacted Personal Information,"£1,412.20"
Manchester City Council,1000,Manchester Leisure,Agency staff provision,10/02/2025,1908726320,Reed Employment Plc,"£1,411.37"
Manchester City Council,1004,Childrens & Education Services,Foster Payments,05/02/2025,1908720403,Redacted Personal Information,"£1,409.14"
Manchester City Council,1005,Adult Social Care,Agency staff provision,18/02/2025,1908734558,Reed Employment Plc,"£1,406.39"
Manchester City Council,1005,Adult Social Care,Agency staff provision,04/02/2025,1908718471,Reed Employment Plc,"£1,406.39"
Manchester City Council,1005,Adult Social Care,Agency staff provision,10/02/2025,1908726320,Reed Employment Plc,"£1,406.39"
Manchester City Council,1007,Corporate Services,Gas,27/02/2025,1908744242,SEFE ENERGY Ltd,"£1,406.19"
Manchester City Council,1002,Hospitality + Trading Services,Professional fees,26/02/2025,5105977568,Sensormatic Solutions,"£1,405.58"
Manchester City Council,1005,Adult Social Care,Funeral and coroner related services,12/02/2025,5105975187,Greater Manchester Funeral Service,"£1,405.58"
Manchester City Council,1005,Adult Social Care,Adult Placements,05/02/2025,1908722290,Redacted Personal Information,"£1,404.20"
Manchester City Council,1005,Adult Social Care,Adult Placements,19/02/2025,1908735883,Redacted Personal Information,"£1,404.20"
Manchester City Council,1005,Adult Social Care,Adult Placements,05/02/2025,1908722291,Redacted Personal Information,"£1,404.20"
Manchester City Council,1005,Adult Social Care,Adult Placements,19/02/2025,1908735882,Redacted Personal Information,"£1,404.20"
Manchester City Council,1012,Regeneration Finance,Travel,07/02/2025,5105973887,Tobit Curteis Associates LLP,"£1,400.54"
Manchester City Council,1000,Manchester Leisure,"Consumable items eg Toilet rolls, soap etc",13/02/2025,1908730521,SQ *AM7 GROUP LTD,"£1,400.00"
Manchester City Council,1011,Chief Executives,Advertising,10/02/2025,1908726397,FACEBK *BVMWBFYV92,"£1,400.00"
Manchester City Council,1011,Chief Executives,Counsel Costs,26/02/2025,1908742686,Central Chambers,"£1,400.00"
Manchester City Council,1000,Manchester Leisure,Professional Fees,25/02/2025,1908737803,Redacted Personal Information,"£1,400.00"
Manchester City Council,1005,Adult Social Care,Professional fees,17/02/2025,5105976019,University Of Manchester,"£1,399.95"
Manchester City Council,1005,Adult Social Care,Professional fees,18/02/2025,5105976479,University Of Manchester,"£1,399.95"
Manchester City Council,1007,Corporate Services,Equipment,28/02/2025,5105975347,Redgate Holdings Ltd,"£1,397.20"
Manchester City Council,1004,Childrens & Education Services,Foster Payments,19/02/2025,1908736702,Redacted Personal Information,"£1,394.90"
Manchester City Council,1004,Childrens & Education Services,Foster Payments,05/02/2025,1908721022,Redacted Personal Information,"£1,394.90"
Manchester City Council,1004,Childrens & Education Services,Foster Payments,05/02/2025,1908721092,Redacted Personal Information,"£1,394.90"
Manchester City Council,1004,Childrens & Education Services,Foster Payments,19/02/2025,1908736759,Redacted Personal Information,"£1,394.90"
Manchester City Council,1004,Childrens & Education Services,Foster Payments,05/02/2025,1908721076,Redacted Personal Information,"£1,394.90"
Manchester City Council,1004,Childrens & Education Services,Foster Payments,05/02/2025,1908720885,Redacted Personal Information,"£1,394.90"
Manchester City Council,1004,Childrens & Education Services,Foster Payments,19/02/2025,1908736773,Redacted Personal Information,"£1,394.90"
Manchester City Council,1004,Childrens & Education Services,Foster Payments,19/02/2025,1908736574,Redacted Personal Information,"£1,394.90"
Manchester City Council,1004,Childrens & Education Services,Agency staff provision,10/02/2025,1908726320,Reed Employment Plc,"£1,394.80"
Manchester City Council,1007,Corporate Services,Works and associated costs for Land and Buildings,24/02/2025,5105974262,F Parkinson Limited,"£1,393.39"
Manchester City Council,1004,Childrens & Education Services,Third party payments relating to Voluntary Organisations,12/02/2025,1908728755,Redacted Personal Information,"£1,393.20"
Manchester City Council,1004,Childrens & Education Services,Third party payments relating to Voluntary Organisations,12/02/2025,1908728845,Redacted Personal Information,"£1,393.20"
Manchester City Council,1004,Childrens & Education Services,Third party payments relating to Voluntary Organisations,12/02/2025,1908728857,Hadijah Childminding Business,"£1,393.20"
Manchester City Council,1004,Childrens & Education Services,Third party payments relating to Voluntary Organisations,12/02/2025,1908728840,Redacted Personal Information,"£1,393.20"
Manchester City Council,1004,Childrens & Education Services,Third party payments relating to Voluntary Organisations,12/02/2025,1908728759,Redacted Personal Information,"£1,393.20"
Manchester City Council,1004,Childrens & Education Services,Third party payments relating to Voluntary Organisations,12/02/2025,1908728741,Redacted Personal Information,"£1,393.20"
Manchester City Council,1004,Childrens & Education Services,Third party payments relating to Voluntary Organisations,12/02/2025,1908728912,Redacted Personal Information,"£1,393.20"
Manchester City Council,1004,Childrens & Education Services,Third party payments relating to Voluntary Organisations,12/02/2025,1908728920,Redacted Personal Information,"£1,393.20"
Manchester City Council,1004,Childrens & Education Services,Third party payments relating to Voluntary Organisations,12/02/2025,1908728898,Redacted Personal Information,"£1,393.20"
Manchester City Council,1004,Childrens & Education Services,Third party payments relating to Voluntary Organisations,12/02/2025,1908728740,Redacted Personal Information,"£1,393.20"
Manchester City Council,1004,Childrens & Education Services,Third party payments relating to Voluntary Organisations,12/02/2025,1908728764,Redacted Personal Information,"£1,393.20"
Manchester City Council,1004,Childrens & Education Services,Third party payments relating to Voluntary Organisations,12/02/2025,1908728822,Redacted Personal Information,"£1,393.20"
Manchester City Council,1004,Childrens & Education Services,Third party payments relating to Voluntary Organisations,12/02/2025,1908728860,Happy Children Childminder,"£1,393.20"
Manchester City Council,1004,Childrens & Education Services,Third party payments relating to Voluntary Organisations,12/02/2025,1908728738,Redacted Personal Information,"£1,393.20"
Manchester City Council,1004,Childrens & Education Services,Third party payments relating to Voluntary Organisations,12/02/2025,1908728888,Redacted Personal Information,"£1,393.20"
Manchester City Council,1004,Childrens & Education Services,Third party payments relating to Voluntary Organisations,12/02/2025,1908728790,Redacted Personal Information,"£1,393.20"
Manchester City Council,1004,Childrens & Education Services,Third party payments relating to Voluntary Organisations,12/02/2025,1908728878,Redacted Personal Information,"£1,393.20"
Manchester City Council,1004,Childrens & Education Services,Third party payments relating to Voluntary Organisations,12/02/2025,1908728736,Redacted Personal Information,"£1,393.20"
Manchester City Council,1004,Childrens & Education Services,Third party payments relating to Voluntary Organisations,12/02/2025,1908728923,Redacted Personal Information,"£1,393.20"
Manchester City Council,1004,Childrens & Education Services,Third party payments relating to Voluntary Organisations,12/02/2025,1908728851,Redacted Personal Information,"£1,393.20"
Manchester City Council,1004,Childrens & Education Services,Third party payments relating to Voluntary Organisations,12/02/2025,1908728783,Redacted Personal Information,"£1,393.20"
Manchester City Council,1004,Childrens & Education Services,Third party payments relating to Voluntary Organisations,12/02/2025,1908728919,Redacted Personal Information,"£1,393.20"
Manchester City Council,1004,Childrens & Education Services,Third party payments relating to Voluntary Organisations,12/02/2025,1908728726,Redacted Personal Information,"£1,393.20"
Manchester City Council,1004,Childrens & Education Services,Third party payments relating to Voluntary Organisations,12/02/2025,1908728922,Redacted Personal Information,"£1,393.20"
Manchester City Council,1004,Childrens & Education Services,Third party payments relating to Voluntary Organisations,12/02/2025,1908728781,Redacted Personal Information,"£1,393.20"
Manchester City Council,1004,Childrens & Education Services,Third party payments relating to Voluntary Organisations,12/02/2025,1908728806,Redacted Personal Information,"£1,393.20"
Manchester City Council,1004,Childrens & Education Services,Third party payments relating to Voluntary Organisations,12/02/2025,1908728801,Redacted Personal Information,"£1,393.20"
Manchester City Council,1004,Childrens & Education Services,Third party payments relating to Voluntary Organisations,12/02/2025,1908728837,Redacted Personal Information,"£1,393.20"
Manchester City Council,1004,Childrens & Education Services,Third party payments relating to Voluntary Organisations,12/02/2025,1908728917,Redacted Personal Information,"£1,393.20"
Manchester City Council,1004,Childrens & Education Services,Third party payments relating to Voluntary Organisations,12/02/2025,1908728796,Redacted Personal Information,"£1,393.20"
Manchester City Council,1004,Childrens & Education Services,Third party payments relating to Voluntary Organisations,12/02/2025,1908728771,Redacted Personal Information,"£1,393.20"
Manchester City Council,1004,Childrens & Education Services,Third party payments relating to Voluntary Organisations,12/02/2025,1908728875,Redacted Personal Information,"£1,393.20"
Manchester City Council,1004,Childrens & Education Services,Third party payments relating to Voluntary Organisations,12/02/2025,1908728844,Mini Miners Nursery,"£1,393.20"
Manchester City Council,1004,Childrens & Education Services,Third party payments relating to Voluntary Organisations,12/02/2025,1908728802,Redacted Personal Information,"£1,393.20"
Manchester City Council,1004,Childrens & Education Services,Third party payments relating to Voluntary Organisations,12/02/2025,1908728861,Community Minded Ltd,"£1,393.20"
Manchester City Council,1004,Childrens & Education Services,Third party payments relating to Voluntary Organisations,12/02/2025,1908728895,Redacted Personal Information,"£1,393.20"
Manchester City Council,1004,Childrens & Education Services,Third party payments relating to Voluntary Organisations,12/02/2025,1908728800,Redacted Personal Information,"£1,393.20"
Manchester City Council,1004,Childrens & Education Services,Third party payments relating to Voluntary Organisations,12/02/2025,1908728863,Redacted Personal Information,"£1,393.20"
Manchester City Council,1004,Childrens & Education Services,Third party payments relating to Voluntary Organisations,12/02/2025,1908728784,Redacted Personal Information,"£1,393.20"
Manchester City Council,1000,Manchester Leisure,Bed & Breakfast Acc,25/02/2025,5105977499,Redacted Personal Information,"£1,392.00"
Manchester City Council,1000,Manchester Leisure,Special Event,06/02/2025,5105974247,PPL PRS Limited,"£1,391.52"
Manchester City Council,1000,Manchester Leisure,Professional fees,12/02/2025,5105974582,Response Team 247 Ltd,"£1,390.87"
Manchester City Council,1000,Manchester Leisure,Professional fees,26/02/2025,5105975662,Response Team 247 Ltd,"£1,390.87"
Manchester City Council,1005,Adult Social Care,I T Provision,28/02/2025,5105975531,Insight Direct (Uk) Ltd,"£1,390.32"
Manchester City Council,1000,Manchester Leisure,Professional fees,27/02/2025,5105977799,Redacted Personal Information,"£1,388.00"
Manchester City Council,1000,Manchester Leisure,Professional Fees,10/02/2025,5105975232,Daly Drains Ltd,"£1,384.82"
Manchester City Council,1004,Childrens & Education Services,Foster Payments,19/02/2025,1908736626,Redacted Personal Information,"£1,384.00"
Manchester City Council,1004,Childrens & Education Services,Foster Payments,05/02/2025,1908720940,Redacted Personal Information,"£1,384.00"
Manchester City Council,1004,Childrens & Education Services,Foster Payments,19/02/2025,1908736925,Redacted Personal Information,"£1,384.00"
Manchester City Council,1002,Hospitality + Trading Services,Vehicle Hire Costs,26/02/2025,5105977686,Manchester Van Hire Ltd,"£1,381.92"
Manchester City Council,1004,Childrens & Education Services,Third party payments relating to Voluntary Organisations,12/02/2025,1908729474,Redacted Personal Information,"£1,381.33"
Manchester City Council,1010,Housing Revenue Account,Council Dwelling Adaptations,28/02/2025,5105976086,Master Moves Ltd,"£1,380.08"
Manchester City Council,1013,Highways Services,Hire of Equipment,19/02/2025,5105976751,MTK Breaker Hire and Sales Ltd,"£1,380.00"
Manchester City Council,1000,Manchester Leisure,Legal Fees,05/02/2025,1908722281,Driscoll Kingston & Co Ltd,"£1,379.47"
Manchester City Council,1007,Corporate Services,Gas,27/02/2025,1908744156,SEFE ENERGY Ltd,"£1,378.38"
Manchester City Council,1011,Chief Executives,Legal Fees,14/02/2025,1908733260,Redacted Personal Information,"£1,378.20"
Manchester City Council,1004,Childrens & Education Services,Foster Payments,19/02/2025,1908736098,Redacted Personal Information,"£1,378.00"
Manchester City Council,1004,Childrens & Education Services,Foster Payments,05/02/2025,1908720420,Redacted Personal Information,"£1,378.00"
Manchester City Council,1004,Childrens & Education Services,Agency staff provision,04/02/2025,1908718471,Reed Employment Plc,"£1,377.70"
Manchester City Council,1005,Adult Social Care,Equipment,28/02/2025,5105977572,NRS Healthcare,"£1,375.00"
Manchester City Council,1000,Manchester Leisure,ICT Sup & Maintnance,12/02/2025,5105975430,Integrity Print Ltd,"£1,374.49"
Manchester City Council,1004,Childrens & Education Services,Foster Payments,05/02/2025,1908720612,Redacted Personal Information,"£1,372.02"
Manchester City Council,1004,Childrens & Education Services,Foster Payments,19/02/2025,1908736287,Redacted Personal Information,"£1,372.02"
Manchester City Council,1004,Childrens & Education Services,Foster Payments,19/02/2025,1908736475,Redacted Personal Information,"£1,372.00"
Manchester City Council,1004,Childrens & Education Services,Foster Payments,19/02/2025,1908736529,Redacted Personal Information,"£1,372.00"
Manchester City Council,1004,Childrens & Education Services,Foster Payments,05/02/2025,1908720841,Redacted Personal Information,"£1,372.00"
Manchester City Council,1004,Childrens & Education Services,Foster Payments,19/02/2025,1908736484,Redacted Personal Information,"£1,372.00"
Manchester City Council,1004,Childrens & Education Services,Foster Payments,05/02/2025,1908720870,Redacted Personal Information,"£1,372.00"
Manchester City Council,1004,Childrens & Education Services,Foster Payments,05/02/2025,1908720787,Redacted Personal Information,"£1,372.00"
Manchester City Council,1004,Childrens & Education Services,Foster Payments,19/02/2025,1908736558,Redacted Personal Information,"£1,372.00"
Manchester City Council,1004,Childrens & Education Services,Foster Payments,05/02/2025,1908720795,Redacted Personal Information,"£1,372.00"
Manchester City Council,1004,Childrens & Education Services,Foster Payments,19/02/2025,1908736923,Redacted Personal Information,"£1,372.00"
Manchester City Council,1004,Childrens & Education Services,Third party payments to other Local Authorities,28/02/2025,5105978048,Afifah School,"£1,367.00"
Manchester City Council,1002,Hospitality + Trading Services,Agency staff provision,10/02/2025,1908726320,Reed Employment Plc,"£1,364.61"
Manchester City Council,1005,Adult Social Care,Supported Accommodation,17/02/2025,5105976463,Wythenshawe Community Housing Group,"£1,363.31"
Manchester City Council,1005,Adult Social Care,Supported Accommodation,17/02/2025,5105976462,Wythenshawe Community Housing Group,"£1,363.31"
Manchester City Council,1005,Adult Social Care,Supported Accommodation,17/02/2025,5105976461,Wythenshawe Community Housing Group,"£1,363.31"
Manchester City Council,1012,Regeneration Finance,Contract Cleaning External,10/02/2025,5105973618,M & M Cleaning Services Ltd,"£1,356.25"
Manchester City Council,1000,Manchester Leisure,Electricity,27/02/2025,1908744976,Haven Power Ltd,"£1,353.84"
Manchester City Council,1004,Childrens & Education Services,Agency staff provision,04/02/2025,1908718471,Reed Employment Plc,"£1,352.73"
Manchester City Council,1000,Manchester Leisure,Electricity,27/02/2025,1908745073,Haven Power Ltd,"£1,352.65"
Manchester City Council,1000,Manchester Leisure,Payments to Sub-Contractors,28/02/2025,5105975382,Redgate Holdings Ltd,"£1,350.00"
Manchester City Council,1011,Chief Executives,Counsel Costs,27/02/2025,1908745600,Five Pump Court Chambers,"£1,350.00"
Manchester City Council,1005,Adult Social Care,Professional fees,21/02/2025,5105974588,Permanent Futures Temp,"£1,350.00"
Manchester City Council,1005,Adult Social Care,"Consumable items eg Toilet rolls, soap etc",12/02/2025,5105975475,Redacted Personal Information,"£1,349.00"
Manchester City Council,1004,Childrens & Education Services,Foster Payments,19/02/2025,1908736240,Redacted Personal Information,"£1,348.20"
Manchester City Council,1004,Childrens & Education Services,Foster Payments,05/02/2025,1908720567,Redacted Personal Information,"£1,348.20"
Manchester City Council,1002,Hospitality + Trading Services,Water - Metered,27/02/2025,1908744398,Anglian Water Business (National),"£1,345.87"
Manchester City Council,1011,Chief Executives,Works and associated costs for Land and Buildings,17/02/2025,5105976389,Pierre Angulaire Limited,"£1,345.50"
Manchester City Council,1004,Childrens & Education Services,Foster Payments,19/02/2025,1908736251,Redacted Personal Information,"£1,345.14"
Manchester City Council,1004,Childrens & Education Services,Foster Payments,05/02/2025,1908720576,Redacted Personal Information,"£1,345.14"
Manchester City Council,1004,Childrens & Education Services,Third party payments relating to Voluntary Organisations,12/02/2025,1908729282,Redacted Personal Information,"£1,344.00"
Manchester City Council,1004,Childrens & Education Services,Third party payments relating to Voluntary Organisations,12/02/2025,1908729413,Redacted Personal Information,"£1,344.00"
Manchester City Council,1000,Manchester Leisure,Signers/Interpreters,07/02/2025,5105974631,Language Line Ltd,"£1,342.40"
Manchester City Council,1000,Manchester Leisure,Electricity,27/02/2025,1908744656,Haven Power Ltd,"£1,342.07"
Manchester City Council,1004,Childrens & Education Services,Professional fees,28/02/2025,1908745804,Kings House Conference Centre,"£1,341.75"
Manchester City Council,1004,Childrens & Education Services,Expenditure re Internal Trading Ordered Externally,06/02/2025,5105974208,Language Line Ltd,"£1,341.30"
Manchester City Council,1000,Manchester Leisure,Legal Fees,03/02/2025,1908717824,Liberay Legal Limited,"£1,340.97"
Manchester City Council,1004,Childrens & Education Services,Agency staff provision,18/02/2025,1908734558,Reed Employment Plc,"£1,340.55"
Manchester City Council,1005,Adult Social Care,Agency staff provision,04/02/2025,1908718471,Reed Employment Plc,"£1,340.48"
Manchester City Council,1005,Adult Social Care,Agency staff provision,10/02/2025,1908726320,Reed Employment Plc,"£1,340.48"
Manchester City Council,1000,Manchester Leisure,Agency staff provision,04/02/2025,1908718471,Reed Employment Plc,"£1,339.06"
Manchester City Council,1004,Childrens & Education Services,Professional fees,20/02/2025,1908738878,MedalStudio,"£1,338.75"
Manchester City Council,1004,Childrens & Education Services,Agency staff provision,24/02/2025,1908740137,Reed Employment Plc,"£1,336.75"
Manchester City Council,1004,Childrens & Education Services,Third party payments relating to Voluntary Organisations,12/02/2025,1908728728,Redacted Personal Information,"£1,335.15"
Manchester City Council,1000,Manchester Leisure,Contract Cleaning External,10/02/2025,5105974055,Associated Cleaning Contractors,"£1,335.00"
Manchester City Council,1004,Childrens & Education Services,Foster Payments,05/02/2025,1908721326,Redacted Personal Information,"£1,333.86"
Manchester City Council,1012,Regeneration Finance,Professional Fees,26/02/2025,5105977720,Alan Franklin Builders Limited,"£1,332.79"
Manchester City Council,1004,Childrens & Education Services,Foster Payments,19/02/2025,1908736931,Redacted Personal Information,"£1,330.86"
Manchester City Council,1004,Childrens & Education Services,Agency staff provision,04/02/2025,1908718471,Reed Employment Plc,"£1,330.65"
Manchester City Council,1005,Adult Social Care,Counsel Costs,05/02/2025,1908722279,Kings Chambers,"£1,329.75"
Manchester City Council,1004,Childrens & Education Services,Professional fees,27/02/2025,1908745559,Prof Mark Peters & Ms Julie Forsyth,"£1,327.50"
Manchester City Council,1004,Childrens & Education Services,Furniture,28/02/2025,5105977424,Bennett Workplace Solutions Ltd,"£1,327.40"
Manchester City Council,1000,Manchester Leisure,Electricity,27/02/2025,1908744646,Haven Power Ltd,"£1,326.96"
Manchester City Council,1005,Adult Social Care,Supported Accommodation,17/02/2025,5105976466,Wythenshawe Community Housing Group,"£1,325.61"
Manchester City Council,1005,Adult Social Care,Supported Accommodation,17/02/2025,5105976467,Wythenshawe Community Housing Group,"£1,325.61"
Manchester City Council,1005,Adult Social Care,Supported Accommodation,17/02/2025,5105976465,Wythenshawe Community Housing Group,"£1,325.61"
Manchester City Council,1004,Childrens & Education Services,Storage Costs,19/02/2025,5105976789,Restore PLC,"£1,323.02"
Manchester City Council,1000,Manchester Leisure,Agency staff provision,10/02/2025,1908726320,Reed Employment Plc,"£1,321.81"
Manchester City Council,1000,Manchester Leisure,Special Event,06/02/2025,5105974245,PPL PRS Limited,"£1,321.25"
Manchester City Council,1002,Hospitality + Trading Services,Vehicle Costs,13/02/2025,5105974795,Verizon Connect UK Ltd,"£1,320.90"
Manchester City Council,1004,Childrens & Education Services,Agency staff provision,18/02/2025,1908734558,Reed Employment Plc,"£1,320.55"
Manchester City Council,1000,Manchester Leisure,Agency staff provision,24/02/2025,1908740137,Reed Employment Plc,"£1,320.30"
Manchester City Council,1004,Childrens & Education Services,Furniture,13/02/2025,5105975984,Eps Supplies Ltd,"£1,320.27"
Manchester City Council,1004,Childrens & Education Services,Subsistence and Conference Expenses,28/02/2025,5105974698,Disabled Living,"£1,320.00"
Manchester City Council,1005,Adult Social Care,Cleaning Equipment and Materials,12/02/2025,5105975888,Alliance Disposables Ltd,"£1,320.00"
Manchester City Council,1011,Chief Executives,General Office expenses,10/02/2025,1908726007,Millennium Translations Ltd,"£1,319.40"
Manchester City Council,1000,Manchester Leisure,Furniture,28/02/2025,5105978012,Furniture Resource Centre Ltd,"£1,319.20"
Manchester City Council,1004,Childrens & Education Services,Third party payments relating to Voluntary Organisations,12/02/2025,1908729585,Sutton Road Nursery Ltd,"£1,317.60"
Manchester City Council,1004,Childrens & Education Services,Third party payments relating to Voluntary Organisations,12/02/2025,1908729245,Redacted Personal Information,"£1,315.20"
Manchester City Council,1004,Childrens & Education Services,Third party payments relating to Voluntary Organisations,12/02/2025,1908729547,Merry Kidz Childcare Ltd,"£1,315.20"
Manchester City Council,1004,Childrens & Education Services,Foster Payments,19/02/2025,1908736928,Redacted Personal Information,"£1,314.00"
Manchester City Council,1004,Childrens & Education Services,Foster Payments,05/02/2025,1908721190,Redacted Personal Information,"£1,314.00"
Manchester City Council,1004,Childrens & Education Services,Agency staff provision,24/02/2025,1908740137,Reed Employment Plc,"£1,313.55"
Manchester City Council,1004,Childrens & Education Services,Agency staff provision,10/02/2025,1908726320,Reed Employment Plc,"£1,313.55"
Manchester City Council,1000,Manchester Leisure,Furniture,19/02/2025,5105974496,Furniture Resource Centre Ltd,"£1,313.28"
Manchester City Council,1004,Childrens & Education Services,Third party payments relating to Voluntary Organisations,12/02/2025,1908729391,Redacted Personal Information,"£1,312.80"
Manchester City Council,1011,Chief Executives,Professional fees,10/02/2025,1908726011,Aspire Family Assessment Services,"£1,312.28"
Manchester City Council,1005,Adult Social Care,Payments for services,14/02/2025,1908733270,Benchill Medical Practice,"£1,311.00"
Manchester City Council,1000,Manchester Leisure,Electricity,27/02/2025,1908744623,Haven Power Ltd,"£1,311.00"
Manchester City Council,1005,Adult Social Care,Payments for services,28/02/2025,5105974148,Holgate House,"£1,310.18"
Manchester City Council,1000,Manchester Leisure,Professional fees,03/02/2025,5105973642,Clearway Drainage Systems Ltd,"£1,310.00"
Manchester City Council,1007,Corporate Services,Electricity,27/02/2025,1908744575,Haven Power Ltd,"£1,309.05"
Manchester City Council,1006,Childrens Services,Apprenticeship Levy,28/02/2025,1908745701,HM Revenue & Customs,"£1,308.89"
Manchester City Council,1004,Childrens & Education Services,Foster Payments,05/02/2025,1908721004,Redacted Personal Information,"£1,308.00"
Manchester City Council,1004,Childrens & Education Services,Third party payments relating to Voluntary Organisations,12/02/2025,1908729464,Brighter Beginnings Wetherby,"£1,308.00"
Manchester City Council,1007,Corporate Services,Removal and Storage of Furniture,28/02/2025,5105973695,BCL,"£1,306.69"
Manchester City Council,1004,Childrens & Education Services,Foster Payments,19/02/2025,1908736756,Redacted Personal Information,"£1,304.20"
Manchester City Council,1004,Childrens & Education Services,Foster Payments,05/02/2025,1908721073,Redacted Personal Information,"£1,304.20"
Manchester City Council,1004,Childrens & Education Services,Foster Payments,19/02/2025,1908736420,Redacted Personal Information,"£1,304.20"
Manchester City Council,1004,Childrens & Education Services,Foster Payments,19/02/2025,1908736582,Redacted Personal Information,"£1,304.20"
Manchester City Council,1004,Childrens & Education Services,Foster Payments,05/02/2025,1908720892,Redacted Personal Information,"£1,304.20"
Manchester City Council,1004,Childrens & Education Services,Foster Payments,05/02/2025,1908720734,Redacted Personal Information,"£1,304.20"
Manchester City Council,1004,Childrens & Education Services,Foster Payments,19/02/2025,1908736930,Redacted Personal Information,"£1,303.42"
Manchester City Council,1005,Adult Social Care,Payments for services,14/02/2025,1908733295,Brooklands Medical Practice,"£1,302.00"
Manchester City Council,1000,Manchester Leisure,Agency staff provision,18/02/2025,1908734558,Reed Employment Plc,"£1,301.03"
Manchester City Council,1004,Childrens & Education Services,Foster Payments,19/02/2025,1908736200,Redacted Personal Information,"£1,301.00"
Manchester City Council,1004,Childrens & Education Services,Foster Payments,05/02/2025,1908720524,Redacted Personal Information,"£1,301.00"
Manchester City Council,1007,Corporate Services,Professional fees,06/02/2025,5105973595,System C Healthcare Limited,"£1,300.00"
Manchester City Council,1000,Manchester Leisure,Housing Rents Debit,10/02/2025,1908725340,Redacted Personal Information,"£1,300.00"
Manchester City Council,1000,Manchester Leisure,Professional fees,20/02/2025,1908738863,Community Security (North West),"£1,300.00"
Manchester City Council,1004,Childrens & Education Services,Foster Payments,05/02/2025,1908721133,Redacted Personal Information,"£1,298.90"
Manchester City Council,1004,Childrens & Education Services,Foster Payments,19/02/2025,1908736815,Redacted Personal Information,"£1,298.90"
Manchester City Council,1007,Corporate Services,WPS Awards,18/02/2025,5105973733,Furniture Resource Centre Ltd,"£1,298.84"
Manchester City Council,1007,Corporate Services,WPS Awards,10/02/2025,5105974935,Furniture Resource Centre Ltd,"£1,298.79"
Manchester City Council,1000,Manchester Leisure,Equipment,26/02/2025,1908737804,JAX First Aid Supplies,"£1,297.55"
Manchester City Council,1011,Chief Executives,Legal Fees,11/02/2025,1908726944,Isherwood Legal Limited,"£1,296.00"
Manchester City Council,1000,Manchester Leisure,Professional fees,21/02/2025,5105976381,Solon Security Ltd,"£1,296.00"
Manchester City Council,1007,Corporate Services,Gas,27/02/2025,1908744153,SEFE ENERGY Ltd,"£1,295.82"
Manchester City Council,1004,Childrens & Education Services,Agency staff provision,18/02/2025,1908734558,Reed Employment Plc,"£1,295.59"
Manchester City Council,1012,Regeneration Finance,Electricity,27/02/2025,1908745202,Haven Power Ltd,"£1,294.32"
Manchester City Council,1013,Highways Services,Building Materials for direct delivery,24/02/2025,1908740124,Aggregate Industries T/A Kennedy,"£1,293.61"
Manchester City Council,1004,Childrens & Education Services,Agency staff provision,10/02/2025,1908726320,Reed Employment Plc,"£1,292.99"
Manchester City Council,1004,Childrens & Education Services,Third party payments relating to Voluntary Organisations,12/02/2025,1908729535,Little Spuds Day Nursery,"£1,291.20"
Manchester City Council,1003,Environment and Operations,Vehicle Plant Furniture and Equipment,03/02/2025,1908717532,DEFIBSTORE LTD,"£1,290.00"
Manchester City Council,1007,Corporate Services,Water - Metered,27/02/2025,1908744338,Anglian Water Business (National),"£1,288.32"
Manchester City Council,1005,Adult Social Care,Home Care ,20/02/2025,1908738487,Routes Healthcare (North) Ltd,"£1,288.00"
Manchester City Council,1006,Childrens Services,Apprenticeship Levy,28/02/2025,1908745701,HM Revenue & Customs,"£1,287.62"
Manchester City Council,1011,Chief Executives,Funeral and coroner related services,11/02/2025,5105975256,Redacted Personal Information,"£1,287.00"
Manchester City Council,1004,Childrens & Education Services,Foster Payments,19/02/2025,1908736207,Redacted Personal Information,"£1,286.90"
Manchester City Council,1004,Childrens & Education Services,Foster Payments,05/02/2025,1908720999,Redacted Personal Information,"£1,286.90"
Manchester City Council,1004,Childrens & Education Services,Foster Payments,05/02/2025,1908720531,Redacted Personal Information,"£1,286.90"
Manchester City Council,1004,Childrens & Education Services,Foster Payments,19/02/2025,1908736683,Redacted Personal Information,"£1,286.90"
Manchester City Council,1004,Childrens & Education Services,Foster Payments,19/02/2025,1908736632,Redacted Personal Information,"£1,286.90"
Manchester City Council,1004,Childrens & Education Services,Foster Payments,05/02/2025,1908720929,Redacted Personal Information,"£1,286.90"
Manchester City Council,1004,Childrens & Education Services,Foster Payments,05/02/2025,1908720768,Redacted Personal Information,"£1,286.90"
Manchester City Council,1004,Childrens & Education Services,Foster Payments,19/02/2025,1908736457,Redacted Personal Information,"£1,286.90"
Manchester City Council,1004,Childrens & Education Services,Foster Payments,05/02/2025,1908720946,Redacted Personal Information,"£1,286.90"
Manchester City Council,1004,Childrens & Education Services,Foster Payments,19/02/2025,1908736617,Redacted Personal Information,"£1,286.90"
Manchester City Council,1004,Childrens & Education Services,Foster Payments,19/02/2025,1908736514,Redacted Personal Information,"£1,286.90"
Manchester City Council,1004,Childrens & Education Services,Foster Payments,05/02/2025,1908720826,Redacted Personal Information,"£1,286.90"
Manchester City Council,1002,Hospitality + Trading Services,Vehicle Repairs,24/02/2025,5105976368,Advanced Vehicle Technicians Ltd,"£1,286.38"
Manchester City Council,1000,Manchester Leisure,Electricity,27/02/2025,1908745132,Haven Power Ltd,"£1,284.28"
Manchester City Council,1007,Corporate Services,WPS Awards,06/02/2025,5105973729,Furniture Resource Centre Ltd,"£1,284.11"
Manchester City Council,1011,Chief Executives,Travel,18/02/2025,5105976637,Diversity Travel Ltd,"£1,282.12"
Manchester City Council,1000,Manchester Leisure,Agency staff provision,04/02/2025,1908718471,Reed Employment Plc,"£1,280.60"
Manchester City Council,1004,Childrens & Education Services,Third party payments relating to Voluntary Organisations,12/02/2025,1908728859,Redacted Personal Information,"£1,277.10"
Manchester City Council,1013,Highways Services,Electricity,27/02/2025,1908744585,Haven Power Ltd,"£1,276.72"
Manchester City Council,1004,Childrens & Education Services,Foster Payments,05/02/2025,1908720347,Redacted Personal Information,"£1,276.38"
Manchester City Council,1004,Childrens & Education Services,Foster Payments,19/02/2025,1908735999,Redacted Personal Information,"£1,276.38"
Manchester City Council,1004,Childrens & Education Services,Foster Payments,19/02/2025,1908736682,Redacted Personal Information,"£1,276.00"
Manchester City Council,1004,Childrens & Education Services,Foster Payments,05/02/2025,1908720998,Redacted Personal Information,"£1,276.00"
Manchester City Council,1004,Childrens & Education Services,Foster Payments,05/02/2025,1908721184,Redacted Personal Information,"£1,276.00"
Manchester City Council,1004,Childrens & Education Services,Foster Payments,19/02/2025,1908736910,Redacted Personal Information,"£1,276.00"
Manchester City Council,1004,Childrens & Education Services,Foster Payments,19/02/2025,1908737025,Redacted Personal Information,"£1,276.00"
Manchester City Council,1004,Childrens & Education Services,Foster Payments,05/02/2025,1908721280,Redacted Personal Information,"£1,276.00"
Manchester City Council,1004,Childrens & Education Services,Foster Payments,05/02/2025,1908721185,Redacted Personal Information,"£1,276.00"
Manchester City Council,1000,Manchester Leisure,Equipment,06/02/2025,1908725336,Asda Group Ltd (CARD ONLY),"£1,275.00"
Manchester City Council,1004,Childrens & Education Services,Payments for services,20/02/2025,5105976898,Link Mediation Services,"£1,275.00"
Manchester City Council,1004,Childrens & Education Services,Third party payments relating to Voluntary Organisations,12/02/2025,1908729343,Redacted Personal Information,"£1,274.40"
Manchester City Council,1004,Childrens & Education Services,Foster Payments,19/02/2025,1908736275,Redacted Personal Information,"£1,273.50"
Manchester City Council,1004,Childrens & Education Services,Foster Payments,05/02/2025,1908720601,Redacted Personal Information,"£1,273.50"
Manchester City Council,1004,Childrens & Education Services,Foster Payments,14/02/2025,1908732777,Organic Fostering Ltd,"£1,273.27"
Manchester City Council,1004,Childrens & Education Services,Foster Payments,21/02/2025,1908739013,Organic Fostering Ltd,"£1,273.27"
Manchester City Council,1000,Manchester Leisure,Electricity,27/02/2025,1908744650,Haven Power Ltd,"£1,272.42"
Manchester City Council,1004,Childrens & Education Services,Foster Payments,07/02/2025,1908725647,Compass Fostering NW Ltd,"£1,272.33"
Manchester City Council,1004,Childrens & Education Services,Third party payments relating to Voluntary Organisations,12/02/2025,1908729545,Marion Scott Playgroup,"£1,272.00"
Manchester City Council,1007,Corporate Services,WPS Awards,28/02/2025,5105977463,Furniture Resource Centre Ltd,"£1,271.42"
Manchester City Council,1011,Chief Executives,Printing,17/02/2025,5105974867,R.C.D.,"£1,270.00"
Manchester City Council,1011,Chief Executives,Payments to Sub-Contractors,28/02/2025,5105977716,Redacted Personal Information,"£1,270.00"
Manchester City Council,1011,Chief Executives,Printing,13/02/2025,5105974363,R.C.D.,"£1,270.00"
Manchester City Council,1004,Childrens & Education Services,Foster Payments,05/02/2025,1908721194,Redacted Personal Information,"£1,269.76"
Manchester City Council,1004,Childrens & Education Services,Third party payments relating to Voluntary Organisations,12/02/2025,1908729354,Manchester High School For Girls,"£1,267.20"
Manchester City Council,1000,Manchester Leisure,Electricity,27/02/2025,1908744625,Haven Power Ltd,"£1,266.75"
Manchester City Council,1000,Manchester Leisure,Electricity,27/02/2025,1908744594,Haven Power Ltd,"£1,266.19"
Manchester City Council,1004,Childrens & Education Services,Foster Payments,19/02/2025,1908736166,Redacted Personal Information,"£1,266.00"
Manchester City Council,1004,Childrens & Education Services,Foster Payments,05/02/2025,1908720491,Redacted Personal Information,"£1,266.00"
Manchester City Council,1000,Manchester Leisure,Agency staff provision,18/02/2025,1908734558,Reed Employment Plc,"£1,265.84"
Manchester City Council,1004,Childrens & Education Services,Transport Coach Hire,06/02/2025,5105974467,AFJ Ltd,"£1,265.40"
Manchester City Council,1004,Childrens & Education Services,Third party payments to other Local Authorities,06/02/2025,5105974510,Firs Primary School,"£1,263.00"
Manchester City Council,1004,Childrens & Education Services,Third party payments to other Local Authorities,18/02/2025,5105976578,Prospect Vale Primary School,"£1,263.00"
Manchester City Council,1004,Childrens & Education Services,Third party payments to other Local Authorities,28/02/2025,5105975530,Mottram St Andrew Primary Academy,"£1,263.00"
Manchester City Council,1011,Chief Executives,Postage,19/02/2025,5105975788,Royal Mail Group Plc,"£1,261.91"
Manchester City Council,1000,Manchester Leisure,Legal Fees,11/02/2025,1908726939,Liberay Legal Limited,"£1,260.00"
Manchester City Council,1000,Manchester Leisure,Electricity,27/02/2025,1908744652,Haven Power Ltd,"£1,259.99"
Manchester City Council,1006,Childrens Services,Apprenticeship Levy,28/02/2025,1908745701,HM Revenue & Customs,"£1,259.26"
Manchester City Council,1005,Adult Social Care,Third party payments to Health Authority,10/02/2025,1908720247,Blackpool Teaching Hospitals,"£1,259.08"
Manchester City Council,1005,Adult Social Care,Supported Accommodation,24/02/2025,5105976464,Wythenshawe Community Housing Group,"£1,258.44"
Manchester City Council,1005,Adult Social Care,Adult Placements,05/02/2025,1908722436,Redacted Personal Information,"£1,257.20"
Manchester City Council,1005,Adult Social Care,Adult Placements,05/02/2025,1908722426,Redacted Personal Information,"£1,257.20"
Manchester City Council,1005,Adult Social Care,Adult Placements,05/02/2025,1908722425,Redacted Personal Information,"£1,257.20"
Manchester City Council,1005,Adult Social Care,Adult Placements,05/02/2025,1908722442,Redacted Personal Information,"£1,257.20"
Manchester City Council,1005,Adult Social Care,Adult Placements,05/02/2025,1908722441,Redacted Personal Information,"£1,257.20"
Manchester City Council,1005,Adult Social Care,Adult Placements,19/02/2025,1908737191,Redacted Personal Information,"£1,257.20"
Manchester City Council,1005,Adult Social Care,Supported Accommodation,19/02/2025,1908737192,Redacted Personal Information,"£1,257.20"
Manchester City Council,1005,Adult Social Care,Adult Placements,19/02/2025,1908737202,Redacted Personal Information,"£1,257.20"
Manchester City Council,1005,Adult Social Care,Adult Placements,19/02/2025,1908737170,Redacted Personal Information,"£1,257.20"
Manchester City Council,1005,Adult Social Care,Adult Placements,05/02/2025,1908722458,Redacted Personal Information,"£1,257.20"
Manchester City Council,1005,Adult Social Care,Adult Placements,05/02/2025,1908722457,Redacted Personal Information,"£1,257.20"
Manchester City Council,1005,Adult Social Care,Adult Placements,05/02/2025,1908722456,Redacted Personal Information,"£1,257.20"
Manchester City Council,1005,Adult Social Care,Adult Placements,05/02/2025,1908722437,Redacted Personal Information,"£1,257.20"
Manchester City Council,1005,Adult Social Care,Adult Placements,05/02/2025,1908722459,Redacted Personal Information,"£1,257.20"
Manchester City Council,1005,Adult Social Care,Supported Accommodation,19/02/2025,1908737169,Redacted Personal Information,"£1,257.20"
Manchester City Council,1005,Adult Social Care,Adult Placements,05/02/2025,1908722427,Redacted Personal Information,"£1,257.20"
Manchester City Council,1005,Adult Social Care,Adult Placements,05/02/2025,1908722460,Redacted Personal Information,"£1,257.20"
Manchester City Council,1005,Adult Social Care,Supported Accommodation,19/02/2025,1908737201,Redacted Personal Information,"£1,257.20"
Manchester City Council,1005,Adult Social Care,Supported Accommodation,19/02/2025,1908737186,Redacted Personal Information,"£1,257.20"
Manchester City Council,1005,Adult Social Care,Adult Placements,05/02/2025,1908722435,Redacted Personal Information,"£1,257.20"
Manchester City Council,1005,Adult Social Care,Adult Placements,05/02/2025,1908722434,Redacted Personal Information,"£1,257.20"
Manchester City Council,1005,Adult Social Care,Adult Placements,05/02/2025,1908722440,Redacted Personal Information,"£1,257.20"
Manchester City Council,1005,Adult Social Care,Supported Accommodation,19/02/2025,1908737180,Redacted Personal Information,"£1,257.20"
Manchester City Council,1005,Adult Social Care,Adult Placements,05/02/2025,1908722424,Redacted Personal Information,"£1,257.20"
Manchester City Council,1005,Adult Social Care,Adult Placements,05/02/2025,1908722423,Redacted Personal Information,"£1,257.20"
Manchester City Council,1005,Adult Social Care,Adult Placements,05/02/2025,1908722448,Redacted Personal Information,"£1,257.20"
Manchester City Council,1005,Adult Social Care,Adult Placements,05/02/2025,1908722450,Redacted Personal Information,"£1,257.20"
Manchester City Council,1005,Adult Social Care,Adult Placements,05/02/2025,1908722451,Redacted Personal Information,"£1,257.20"
Manchester City Council,1005,Adult Social Care,Adult Placements,05/02/2025,1908722432,Redacted Personal Information,"£1,257.20"
Manchester City Council,1005,Adult Social Care,Supported Accommodation,19/02/2025,1908737205,Redacted Personal Information,"£1,257.20"
Manchester City Council,1005,Adult Social Care,Adult Placements,05/02/2025,1908722433,Redacted Personal Information,"£1,257.20"
Manchester City Council,1005,Adult Social Care,Adult Placements,05/02/2025,1908722431,Redacted Personal Information,"£1,257.20"
Manchester City Council,1005,Adult Social Care,Adult Placements,05/02/2025,1908722429,Redacted Personal Information,"£1,257.20"
Manchester City Council,1005,Adult Social Care,Adult Placements,05/02/2025,1908722428,Redacted Personal Information,"£1,257.20"
Manchester City Council,1005,Adult Social Care,Adult Placements,05/02/2025,1908722443,Redacted Personal Information,"£1,257.20"
Manchester City Council,1005,Adult Social Care,Supported Accommodation,19/02/2025,1908737161,Redacted Personal Information,"£1,257.20"
Manchester City Council,1005,Adult Social Care,Adult Placements,05/02/2025,1908722462,Redacted Personal Information,"£1,257.20"
Manchester City Council,1005,Adult Social Care,Supported Accommodation,19/02/2025,1908737172,Redacted Personal Information,"£1,257.20"
Manchester City Council,1005,Adult Social Care,Adult Placements,05/02/2025,1908722446,Redacted Personal Information,"£1,257.20"
Manchester City Council,1005,Adult Social Care,Adult Placements,05/02/2025,1908722444,Redacted Personal Information,"£1,257.20"
Manchester City Council,1005,Adult Social Care,Adult Placements,05/02/2025,1908722454,Redacted Personal Information,"£1,257.20"
Manchester City Council,1005,Adult Social Care,Adult Placements,05/02/2025,1908722455,Redacted Personal Information,"£1,257.20"
Manchester City Council,1005,Adult Social Care,Adult Placements,19/02/2025,1908737160,Redacted Personal Information,"£1,257.20"
Manchester City Council,1005,Adult Social Care,Supported Accommodation,19/02/2025,1908737163,Redacted Personal Information,"£1,257.20"
Manchester City Council,1005,Adult Social Care,Adult Placements,05/02/2025,1908722430,Redacted Personal Information,"£1,257.20"
Manchester City Council,1005,Adult Social Care,Adult Placements,05/02/2025,1908722452,Redacted Personal Information,"£1,257.20"
Manchester City Council,1005,Adult Social Care,Adult Placements,05/02/2025,1908722438,Redacted Personal Information,"£1,257.20"
Manchester City Council,1005,Adult Social Care,Supported Accommodation,19/02/2025,1908737188,Redacted Personal Information,"£1,257.20"
Manchester City Council,1005,Adult Social Care,Adult Placements,19/02/2025,1908737189,Redacted Personal Information,"£1,257.20"
Manchester City Council,1005,Adult Social Care,Supported Accommodation,19/02/2025,1908737204,Redacted Personal Information,"£1,257.20"
Manchester City Council,1005,Adult Social Care,Supported Accommodation,19/02/2025,1908737199,Redacted Personal Information,"£1,257.20"
Manchester City Council,1005,Adult Social Care,Adult Placements,05/02/2025,1908722463,Redacted Personal Information,"£1,257.20"
Manchester City Council,1005,Adult Social Care,Adult Placements,05/02/2025,1908722461,Redacted Personal Information,"£1,257.20"
Manchester City Council,1005,Adult Social Care,Adult Placements,05/02/2025,1908722465,Redacted Personal Information,"£1,257.20"
Manchester City Council,1005,Adult Social Care,Adult Placements,19/02/2025,1908737162,Redacted Personal Information,"£1,257.20"
Manchester City Council,1005,Adult Social Care,Adult Placements,05/02/2025,1908722453,Redacted Personal Information,"£1,257.20"
Manchester City Council,1004,Childrens & Education Services,Third party payments relating to Voluntary Organisations,12/02/2025,1908728509,Redacted Personal Information,"£1,257.00"
Manchester City Council,1004,Childrens & Education Services,Foster Payments,19/02/2025,1908736453,Redacted Personal Information,"£1,256.44"
Manchester City Council,1004,Childrens & Education Services,Foster Payments,05/02/2025,1908720764,Redacted Personal Information,"£1,256.44"
Manchester City Council,1010,Housing Revenue Account,Professional fees,28/02/2025,5105978070,Constellia Public Ltd,"£1,256.41"
Manchester City Council,1000,Manchester Leisure,Electricity,27/02/2025,1908744621,Haven Power Ltd,"£1,256.20"
Manchester City Council,1010,Housing Revenue Account,Professional fees,28/02/2025,5105976562,Constellia Public Ltd,"£1,256.11"
Manchester City Council,1010,Housing Revenue Account,Professional fees,20/02/2025,5105976563,Constellia Public Ltd,"£1,256.11"
Manchester City Council,1000,Manchester Leisure,Agency staff provision,10/02/2025,1908726320,Reed Employment Plc,"£1,255.96"
Manchester City Council,1000,Manchester Leisure,Payments to Sub-Contractors,25/02/2025,5105976469,Idverde Limited,"£1,255.63"
Manchester City Council,1000,Manchester Leisure,Payments to Sub-Contractors,06/02/2025,5105974399,Idverde Limited,"£1,255.30"
Manchester City Council,1000,Manchester Leisure,Payments to Sub-Contractors,28/02/2025,5105974400,Idverde Limited,"£1,255.30"
Manchester City Council,1009,Housing General Fund,Building Works,28/02/2025,1908745857,A & K Building Services Ltd,"£1,255.00"
Manchester City Council,1013,Highways Services,Electricity,27/02/2025,1908745451,Haven Power Ltd,"£1,252.83"
Manchester City Council,1013,Highways Services,Electricity,27/02/2025,1908745450,Haven Power Ltd,"£1,252.83"
Manchester City Council,1011,Chief Executives,Counsel Costs,14/02/2025,1908733226,18 St John Street Chambers,"£1,250.00"
Manchester City Council,1012,Regeneration Finance,Counsel Costs,06/02/2025,1908723633,Kings Chambers,"£1,250.00"
Manchester City Council,1000,Manchester Leisure,Counsel Costs,26/02/2025,1908742690,Gray's Inn Square Chambers Ltd,"£1,250.00"
Manchester City Council,1005,Adult Social Care,Legal Fees,14/02/2025,1908733255,Redacted Personal Information,"£1,250.00"
Manchester City Council,1011,Chief Executives,Counsel Costs,27/02/2025,1908745561,Central Chambers,"£1,250.00"
Manchester City Council,1011,Chief Executives,Payments to Sub-Contractors,27/02/2025,5105977782,Redacted Personal Information,"£1,249.33"
Manchester City Council,1011,Chief Executives,Payments to Sub-Contractors,27/02/2025,5105977784,Redacted Personal Information,"£1,249.33"
Manchester City Council,1007,Corporate Services,Gas,27/02/2025,1908744151,SEFE ENERGY Ltd,"£1,248.00"
Manchester City Council,1004,Childrens & Education Services,Gas,27/02/2025,1908744231,SEFE ENERGY Ltd,"£1,247.22"
Manchester City Council,1004,Childrens & Education Services,Foster Payments,05/02/2025,1908720665,Redacted Personal Information,"£1,247.00"
Manchester City Council,1004,Childrens & Education Services,Foster Payments,19/02/2025,1908736340,Redacted Personal Information,"£1,247.00"
Manchester City Council,1000,Manchester Leisure,Agency staff provision,24/02/2025,1908740137,Reed Employment Plc,"£1,245.91"
Manchester City Council,1000,Manchester Leisure,Furniture,04/02/2025,5105973805,Rtech Group Limited,"£1,245.83"
Manchester City Council,1011,Chief Executives,Advertising,18/02/2025,5105976497,Redactive Publishing Limited,"£1,245.00"
Manchester City Council,1011,Chief Executives,Payments to Sub-Contractors,26/02/2025,5105977620,Redacted Personal Information,"£1,244.33"
Manchester City Council,1005,Adult Social Care,Equipment,20/02/2025,5105976912,Smitcare Ltd,"£1,244.10"
Manchester City Council,1005,Adult Social Care,Agency staff provision,10/02/2025,1908726320,Reed Employment Plc,"£1,243.74"
Manchester City Council,1000,Manchester Leisure,Gas,27/02/2025,1908744205,SEFE ENERGY Ltd,"£1,243.46"
Manchester City Council,1000,Manchester Leisure,Electricity,27/02/2025,1908745125,Haven Power Ltd,"£1,242.21"
Manchester City Council,1013,Highways Services,Professional fees,14/02/2025,5105974485,Pell Frischmann Consultants Ltd,"£1,242.00"
Manchester City Council,1012,Regeneration Finance,Gas,27/02/2025,1908744224,SEFE ENERGY Ltd,"£1,241.69"
Manchester City Council,1005,Adult Social Care,Payments for services,06/02/2025,5105974541,Holgate House,"£1,241.46"
Manchester City Council,1004,Childrens & Education Services,Professional fees,28/02/2025,5105978024,Curiosity Project,"£1,240.00"
Manchester City Council,1000,Manchester Leisure,Third party payments relating to Voluntary Organisations,06/02/2025,5105974429,Reach out to the Community,"£1,240.00"
Manchester City Council,1000,Manchester Leisure,Third party payments relating to Voluntary Organisations,06/02/2025,5105974427,Reach out to the Community,"£1,240.00"
Manchester City Council,1010,Housing Revenue Account,Gas,27/02/2025,1908744113,SEFE ENERGY Ltd,"£1,239.01"
Manchester City Council,1012,Regeneration Finance,Training and Development,07/02/2025,1908722569,Redacted Personal Information,"£1,237.65"
Manchester City Council,1004,Childrens & Education Services,Payments for services,14/02/2025,5105976064,SENsational Tutors Ltd,"£1,237.50"
Manchester City Council,1004,Childrens & Education Services,Foster Payments,25/02/2025,1908740274,Redacted Personal Information,"£1,236.00"
Manchester City Council,1004,Childrens & Education Services,Third party payments relating to Voluntary Organisations,12/02/2025,1908729519,Kenwood Day Nursery,"£1,236.00"
Manchester City Council,1004,Childrens & Education Services,Foster Payments,19/02/2025,1908736804,Redacted Personal Information,"£1,236.00"
Manchester City Council,1004,Childrens & Education Services,Foster Payments,05/02/2025,1908721122,Redacted Personal Information,"£1,236.00"
Manchester City Council,1012,Regeneration Finance,Water - Metered,27/02/2025,1908744531,Anglian Water Business (National),"£1,234.29"
Manchester City Council,1000,Manchester Leisure,Electricity,27/02/2025,1908744611,Haven Power Ltd,"£1,233.90"
Manchester City Council,1004,Childrens & Education Services,Foster Payments,05/02/2025,1908721021,Redacted Personal Information,"£1,231.66"
Manchester City Council,1000,Manchester Leisure,Goods purchased for resale in Council outlets,06/02/2025,5105974437,The Manchester College,"£1,230.40"
Manchester City Council,1004,Childrens & Education Services,Professional fees,17/02/2025,5105976067,Alpha Biolaboratories Limited,"£1,230.00"
Manchester City Council,1005,Adult Social Care,Cleaning Equipment and Materials,13/02/2025,5105975402,Concept Care,"£1,230.00"
Manchester City Council,1000,Manchester Leisure,Grant and subscriptions awarded,24/02/2025,5105976199,St Georges Community Centre.,"£1,230.00"
Manchester City Council,1000,Manchester Leisure,Professional fees,27/02/2025,5105977789,Redacted Personal Information,"£1,230.00"
Manchester City Council,1004,Childrens & Education Services,Foster Payments,05/02/2025,1908720867,Redacted Personal Information,"£1,228.00"
Manchester City Council,1004,Childrens & Education Services,Foster Payments,19/02/2025,1908736555,Redacted Personal Information,"£1,228.00"
Manchester City Council,1012,Regeneration Finance,External repairs and maintenance for buildings,19/02/2025,5105975621,Biffa Municipal Limited,"£1,225.35"
Manchester City Council,1004,Childrens & Education Services,Foster Payments,19/02/2025,1908736927,Redacted Personal Information,"£1,225.00"
Manchester City Council,1004,Childrens & Education Services,Foster Payments,05/02/2025,1908720784,Redacted Personal Information,"£1,225.00"
Manchester City Council,1000,Manchester Leisure,"Consumable items eg Toilet rolls, soap etc",13/02/2025,1908731021,SQ *AM7 GROUP LTD,"£1,225.00"
Manchester City Council,1012,Regeneration Finance,Legal Fees,20/02/2025,1908738768,CEDR Services Limited,"£1,225.00"
Manchester City Council,1004,Childrens & Education Services,Foster Payments,05/02/2025,1908721192,Redacted Personal Information,"£1,225.00"
Manchester City Council,1000,Manchester Leisure,"Consumable items eg Toilet rolls, soap etc",13/02/2025,1908730782,SQ *AM7 GROUP LTD,"£1,225.00"
Manchester City Council,1004,Childrens & Education Services,Foster Payments,19/02/2025,1908736472,Redacted Personal Information,"£1,225.00"
Manchester City Council,1004,Childrens & Education Services,Payments for services,07/02/2025,5105974803,Staff Resources Ltd,"£1,224.00"
Manchester City Council,1000,Manchester Leisure,Special Event,17/02/2025,5105976506,Manchester Central,"£1,224.00"
Manchester City Council,1005,Adult Social Care,Supported Accommodation,24/02/2025,5105976468,Wythenshawe Community Housing Group,"£1,223.64"
Manchester City Council,1007,Corporate Services,Electricity,27/02/2025,1908745080,Haven Power Ltd,"£1,222.60"
Manchester City Council,1010,Housing Revenue Account,Council Dwelling Adaptations,06/02/2025,5105974018,Rexel UK Ltd,"£1,222.43"
Manchester City Council,1012,Regeneration Finance,External repairs and maintenance for buildings,25/02/2025,5105976054,Drees & Sommer UK Limited,"£1,222.11"
Manchester City Council,1012,Regeneration Finance,Agency staff provision,18/02/2025,1908734558,Reed Employment Plc,"£1,221.14"
Manchester City Council,1004,Childrens & Education Services,Foster Payments,05/02/2025,1908720771,Redacted Personal Information,"£1,220.46"
Manchester City Council,1004,Childrens & Education Services,Foster Payments,19/02/2025,1908736460,Redacted Personal Information,"£1,220.46"
Manchester City Council,1004,Childrens & Education Services,Foster Payments,05/02/2025,1908720961,Redacted Personal Information,"£1,219.50"
Manchester City Council,1012,Regeneration Finance,Home Care ,18/02/2025,1908734365,Martenscroft Nursery School,"£1,217.50"
Manchester City Council,1004,Childrens & Education Services,Agency staff provision,24/02/2025,1908740137,Reed Employment Plc,"£1,215.90"
Manchester City Council,1004,Childrens & Education Services,Foster Payments,19/02/2025,1908736522,Redacted Personal Information,"£1,214.82"
Manchester City Council,1004,Childrens & Education Services,Foster Payments,05/02/2025,1908720834,Redacted Personal Information,"£1,214.82"
Manchester City Council,1000,Manchester Leisure,Responsive Repairs Work,28/02/2025,5105977610,EQUANS Regeneration Limited,"£1,214.16"
Manchester City Council,1004,Childrens & Education Services,"Consumable items eg Toilet rolls, soap etc",20/02/2025,1908738814,NFEE3230456M UKVI,"£1,214.00"
Manchester City Council,1004,Childrens & Education Services,Personal needs of client,20/02/2025,1908738809,NFEE3231145M UKVI,"£1,214.00"
Manchester City Council,1005,Adult Social Care,Agency staff provision,18/02/2025,1908734558,Reed Employment Plc,"£1,212.60"
Manchester City Council,1004,Childrens & Education Services,Payments for services,13/02/2025,5105975957,Redacted Personal Information,"£1,210.72"
Manchester City Council,1007,Corporate Services,Training and Development,17/02/2025,5105976345,The Learn Centre,"£1,210.30"
Manchester City Council,1000,Manchester Leisure,Furniture,28/02/2025,5105977642,Accommodation Links Ltd,"£1,210.00"
Manchester City Council,1004,Childrens & Education Services,Foster Payments,19/02/2025,1908736934,Redacted Personal Information,"£1,209.83"
Manchester City Council,1002,Hospitality + Trading Services,Agency staff provision,18/02/2025,1908734558,Reed Employment Plc,"£1,209.42"
Manchester City Council,1004,Childrens & Education Services,Foster Payments,05/02/2025,1908720813,Redacted Personal Information,"£1,208.20"
Manchester City Council,1004,Childrens & Education Services,Foster Payments,05/02/2025,1908721075,Redacted Personal Information,"£1,208.20"
Manchester City Council,1004,Childrens & Education Services,Foster Payments,19/02/2025,1908736500,Redacted Personal Information,"£1,208.20"
Manchester City Council,1004,Childrens & Education Services,Foster Payments,19/02/2025,1908736758,Redacted Personal Information,"£1,208.20"
Manchester City Council,1012,Regeneration Finance,Training and Development,14/02/2025,5105974566,Open Awards,"£1,207.50"
Manchester City Council,1004,Childrens & Education Services,Third party payments to other Local Authorities,28/02/2025,5105977873,Tameside Metropolitan Bouough,"£1,207.05"
Manchester City Council,1005,Adult Social Care,Equipment,24/02/2025,5105976821,Drive Devilbiss Healthcare Ltd,"£1,206.90"
Manchester City Council,1010,Housing Revenue Account,Council Dwelling Adaptations,28/02/2025,5105977239,Master Moves Ltd,"£1,204.91"
Manchester City Council,1011,Chief Executives,Legal Fees,03/02/2025,1908717763,DGM Solicitors,"£1,202.15"
Manchester City Council,1005,Adult Social Care,Supported Accommodation,13/02/2025,5105976044,One Manchester Limited,"£1,201.72"
Manchester City Council,1005,Adult Social Care,Supported Accommodation,13/02/2025,5105976043,One Manchester Limited,"£1,201.72"
Manchester City Council,1005,Adult Social Care,Supported Accommodation,03/02/2025,5105973767,One Manchester Limited,"£1,201.72"
Manchester City Council,1005,Adult Social Care,Supported Accommodation,13/02/2025,5105976040,One Manchester Limited,"£1,201.72"
Manchester City Council,1005,Adult Social Care,Supported Accommodation,13/02/2025,5105976039,One Manchester Limited,"£1,201.72"
Manchester City Council,1005,Adult Social Care,Supported Accommodation,03/02/2025,5105973730,One Manchester Limited,"£1,201.72"
Manchester City Council,1005,Adult Social Care,Supported Accommodation,03/02/2025,5105973761,One Manchester Limited,"£1,201.72"
Manchester City Council,1005,Adult Social Care,Supported Accommodation,03/02/2025,5105973762,One Manchester Limited,"£1,201.72"
Manchester City Council,1005,Adult Social Care,Payments for services,14/02/2025,1908733292,Surrey Lodge Group Practice,"£1,200.10"
Manchester City Council,1000,Manchester Leisure,Third party payments relating to Voluntary Organisations,06/02/2025,5105974428,Reach out to the Community,"£1,200.00"
Manchester City Council,1007,Corporate Services,HH Support Fund,21/02/2025,1908739059,Collyhurst Nursery School,"£1,200.00"
Manchester City Council,1009,Housing General Fund,Works and associated costs for Land and Buildings,10/02/2025,5105974557,Aubrey Lee & Co,"£1,200.00"
Manchester City Council,1000,Manchester Leisure,Professional fees,20/02/2025,5105974608,AV Resilience Ltd,"£1,200.00"
Manchester City Council,1011,Chief Executives,Advertising,26/02/2025,5105977734,Fonemedia Limited,"£1,200.00"
Manchester City Council,1000,Manchester Leisure,Third party payments relating to Voluntary Organisations,06/02/2025,5105974430,Reach out to the Community,"£1,200.00"
Manchester City Council,1013,Highways Services,Payments to Sub-Contractors,28/02/2025,5105977152,Northern Marking Limited,"£1,200.00"
Manchester City Council,1000,Manchester Leisure,Grant and subscriptions awarded,04/02/2025,5105973938,Wai Yin Society,"£1,200.00"
Manchester City Council,1000,Manchester Leisure,"Consumable items eg Toilet rolls, soap etc",03/02/2025,1908717283,IPHONE REPAIR PICCADILLY,"£1,200.00"
Manchester City Council,1004,Childrens & Education Services,"Consumable items eg Toilet rolls, soap etc",03/02/2025,1908717319,STORMFORCEGAMING,"£1,199.99"
Manchester City Council,1006,Childrens Services,Apprenticeship Levy,28/02/2025,1908745701,HM Revenue & Customs,"£1,199.27"
Manchester City Council,1000,Manchester Leisure,Removal and Storage of Furniture,03/02/2025,5105973611,Master Moves Ltd,"£1,198.91"
Manchester City Council,1004,Childrens & Education Services,Foster Payments,19/02/2025,1908736932,Redacted Personal Information,"£1,197.00"
Manchester City Council,1000,Manchester Leisure,Bed & Breakfast Acc,26/02/2025,5105977635,Redacted Personal Information,"£1,196.00"
Manchester City Council,1004,Childrens & Education Services,Foster Payments,05/02/2025,1908720700,Redacted Personal Information,"£1,196.00"
Manchester City Council,1004,Childrens & Education Services,Foster Payments,19/02/2025,1908736377,Redacted Personal Information,"£1,196.00"
Manchester City Council,1004,Childrens & Education Services,Foster Payments,19/02/2025,1908736134,Redacted Personal Information,"£1,196.00"
Manchester City Council,1004,Childrens & Education Services,Foster Payments,05/02/2025,1908720462,Redacted Personal Information,"£1,196.00"
Manchester City Council,1013,Highways Services,Building Materials for direct delivery,14/02/2025,5105976058,STANDARD SIGNS & TRAFFIC SYSTEMS,"£1,193.00"
Manchester City Council,1004,Childrens & Education Services,Foster Payments,05/02/2025,1908720737,Redacted Personal Information,"£1,191.96"
Manchester City Council,1004,Childrens & Education Services,Foster Payments,19/02/2025,1908736424,Redacted Personal Information,"£1,191.96"
Manchester City Council,1004,Childrens & Education Services,Foster Payments,05/02/2025,1908720951,Redacted Personal Information,"£1,190.90"
Manchester City Council,1004,Childrens & Education Services,Foster Payments,19/02/2025,1908736636,Redacted Personal Information,"£1,190.90"
Manchester City Council,1000,Manchester Leisure,Bed & Breakfast Acc,10/02/2025,5105973873,Redacted Personal Information,"£1,189.00"
Manchester City Council,1000,Manchester Leisure,Rents,19/02/2025,5105975147,Momo Properties LTD,"£1,189.00"
Manchester City Council,1007,Corporate Services,WPS Awards,10/02/2025,5105973540,Furniture Resource Centre Ltd,"£1,188.20"
Manchester City Council,1004,Childrens & Education Services,Foster Payments,19/02/2025,1908736373,Redacted Personal Information,"£1,188.00"
Manchester City Council,1004,Childrens & Education Services,Foster Payments,05/02/2025,1908721322,Redacted Personal Information,"£1,188.00"
Manchester City Council,1004,Childrens & Education Services,Foster Payments,05/02/2025,1908720397,Redacted Personal Information,"£1,188.00"
Manchester City Council,1004,Childrens & Education Services,Foster Payments,05/02/2025,1908720399,Redacted Personal Information,"£1,188.00"
Manchester City Council,1004,Childrens & Education Services,Foster Payments,19/02/2025,1908736404,Redacted Personal Information,"£1,188.00"
Manchester City Council,1004,Childrens & Education Services,Foster Payments,19/02/2025,1908736079,Redacted Personal Information,"£1,188.00"
Manchester City Council,1004,Childrens & Education Services,Foster Payments,19/02/2025,1908736583,Redacted Personal Information,"£1,188.00"
Manchester City Council,1004,Childrens & Education Services,Foster Payments,19/02/2025,1908736077,Redacted Personal Information,"£1,188.00"
Manchester City Council,1004,Childrens & Education Services,Foster Payments,05/02/2025,1908720893,Redacted Personal Information,"£1,188.00"
Manchester City Council,1004,Childrens & Education Services,Foster Payments,05/02/2025,1908720387,Redacted Personal Information,"£1,188.00"
Manchester City Council,1004,Childrens & Education Services,Foster Payments,19/02/2025,1908736679,Redacted Personal Information,"£1,188.00"
Manchester City Council,1004,Childrens & Education Services,Foster Payments,05/02/2025,1908720782,Redacted Personal Information,"£1,188.00"
Manchester City Council,1004,Childrens & Education Services,Foster Payments,05/02/2025,1908720696,Redacted Personal Information,"£1,188.00"
Manchester City Council,1004,Childrens & Education Services,Foster Payments,05/02/2025,1908720697,Redacted Personal Information,"£1,188.00"
Manchester City Council,1004,Childrens & Education Services,Foster Payments,19/02/2025,1908736470,Redacted Personal Information,"£1,188.00"
Manchester City Council,1004,Childrens & Education Services,Foster Payments,19/02/2025,1908736372,Redacted Personal Information,"£1,188.00"
Manchester City Council,1004,Childrens & Education Services,Foster Payments,05/02/2025,1908721230,Redacted Personal Information,"£1,188.00"
Manchester City Council,1004,Childrens & Education Services,Foster Payments,19/02/2025,1908736066,Redacted Personal Information,"£1,188.00"
Manchester City Council,1004,Childrens & Education Services,Professional fees,04/02/2025,5105973804,Liam Trippier School Improvement,"£1,187.50"
Manchester City Council,1004,Childrens & Education Services,Foster Payments,05/02/2025,1908721327,Redacted Personal Information,"£1,186.07"
Manchester City Council,1004,Childrens & Education Services,Professional fees,17/02/2025,5105976113,Alpha Biolaboratories Limited,"£1,185.00"
Manchester City Council,1004,Childrens & Education Services,Foster Payments,05/02/2025,1908720414,Redacted Personal Information,"£1,184.60"
Manchester City Council,1004,Childrens & Education Services,Foster Payments,19/02/2025,1908736094,Redacted Personal Information,"£1,184.60"
Manchester City Council,1000,Manchester Leisure,Electricity,27/02/2025,1908744572,Haven Power Ltd,"£1,183.82"
Manchester City Council,1004,Childrens & Education Services,Foster Payments,05/02/2025,1908720738,Redacted Personal Information,"£1,181.78"
Manchester City Council,1004,Childrens & Education Services,Foster Payments,19/02/2025,1908736425,Redacted Personal Information,"£1,181.78"
Manchester City Council,1007,Corporate Services,Works and associated costs for Land and Buildings,11/02/2025,5105975229,Planit,"£1,181.25"
Manchester City Council,1011,Chief Executives,Signers/Interpreters,10/02/2025,5105974749,Redacted Personal Information,"£1,181.25"
Manchester City Council,1004,Childrens & Education Services,Foster Payments,05/02/2025,1908721028,Redacted Personal Information,"£1,180.00"
Manchester City Council,1004,Childrens & Education Services,"Consumable items eg Toilet rolls, soap etc",13/02/2025,1908731016,CT BROOK ACCOMODATION,"£1,180.00"
Manchester City Council,1004,Childrens & Education Services,"Consumable items eg Toilet rolls, soap etc",13/02/2025,1908730772,CT BROOK ACCOMODATION,"£1,180.00"
Manchester City Council,1004,Childrens & Education Services,"Consumable items eg Toilet rolls, soap etc",13/02/2025,1908730516,CT BROOK ACCOMODATION,"£1,180.00"
Manchester City Council,1004,Childrens & Education Services,Foster Payments,05/02/2025,1908721079,Redacted Personal Information,"£1,180.00"
Manchester City Council,1004,Childrens & Education Services,Foster Payments,19/02/2025,1908736762,Redacted Personal Information,"£1,180.00"
Manchester City Council,1004,Childrens & Education Services,Foster Payments,19/02/2025,1908736707,Redacted Personal Information,"£1,180.00"
Manchester City Council,1000,Manchester Leisure,Rents,27/02/2025,5105977831,Houses4Homes 4U Ltd,"£1,179.25"
Manchester City Council,1000,Manchester Leisure,Rents,17/02/2025,5105976139,Houses4Homes 4U Ltd,"£1,179.25"
Manchester City Council,1000,Manchester Leisure,Rents,10/02/2025,5105974323,Houses4Homes 4U Ltd,"£1,179.25"
Manchester City Council,1007,Corporate Services,I T Provision,28/02/2025,5105973879,Insight Direct (Uk) Ltd,"£1,179.00"
Manchester City Council,1004,Childrens & Education Services,Foster Payments,05/02/2025,1908720515,Redacted Personal Information,"£1,178.90"
Manchester City Council,1004,Childrens & Education Services,Foster Payments,19/02/2025,1908736190,Redacted Personal Information,"£1,178.90"
Manchester City Council,1005,Adult Social Care,Agency staff provision,18/02/2025,1908734558,Reed Employment Plc,"£1,178.89"
Manchester City Council,1000,Manchester Leisure,Grant and subscriptions awarded,07/02/2025,5105974577,Ladybarn Community Hub,"£1,177.00"
Manchester City Council,1000,Manchester Leisure,Security,28/02/2025,5105978157,UNIQUE SPECIALIST SERVICES,"£1,176.00"
Manchester City Council,1000,Manchester Leisure,Security,19/02/2025,5105975538,UNIQUE SPECIALIST SERVICES,"£1,176.00"
Manchester City Council,1000,Manchester Leisure,Security,26/02/2025,5105976843,UNIQUE SPECIALIST SERVICES,"£1,176.00"
Manchester City Council,1000,Manchester Leisure,Security,12/02/2025,5105973857,UNIQUE SPECIALIST SERVICES,"£1,176.00"
Manchester City Council,1004,Childrens & Education Services,Agency staff provision,18/02/2025,1908734558,Reed Employment Plc,"£1,175.37"
Manchester City Council,1004,Childrens & Education Services,Payments for services,07/02/2025,5105974807,Staff Resources Ltd,"£1,173.00"
Manchester City Council,1011,Chief Executives,Legal Fees,17/02/2025,1908733514,Warwickshire County Council,"£1,170.00"
Manchester City Council,1000,Manchester Leisure,Removal and Storage of Furniture,28/02/2025,5105975572,Master Moves Ltd,"£1,167.71"
Manchester City Council,1007,Corporate Services,Gas,27/02/2025,1908744169,SEFE ENERGY Ltd,"£1,165.17"
Manchester City Council,1000,Manchester Leisure,Agency staff provision,24/02/2025,1908740137,Reed Employment Plc,"£1,162.62"
Manchester City Council,1004,Childrens & Education Services,Foster Payments,05/02/2025,1908720658,Redacted Personal Information,"£1,162.46"
Manchester City Council,1004,Childrens & Education Services,Foster Payments,19/02/2025,1908736333,Redacted Personal Information,"£1,162.46"
Manchester City Council,1007,Corporate Services,Electricity,27/02/2025,1908745047,Haven Power Ltd,"£1,160.55"
Manchester City Council,1004,Childrens & Education Services,Foster Payments,05/02/2025,1908720441,Redacted Personal Information,"£1,160.00"
Manchester City Council,1005,Adult Social Care,Equipment,20/02/2025,5105975569,Etac Ltd,"£1,160.00"
Manchester City Council,1000,Manchester Leisure,Rents,24/02/2025,5105976374,Grovewell Properties LTD,"£1,160.00"
Manchester City Council,1000,Manchester Leisure,Rents,14/02/2025,5105974532,Grovewell Properties LTD,"£1,160.00"
Manchester City Council,1000,Manchester Leisure,Rents,11/02/2025,5105974123,Dira Property Management,"£1,160.00"
Manchester City Council,1000,Manchester Leisure,Rents,27/02/2025,5105977940,Intra City Investments,"£1,160.00"
Manchester City Council,1000,Manchester Leisure,Rents,27/02/2025,5105977939,Intra City Investments,"£1,160.00"
Manchester City Council,1012,Regeneration Finance,Home Care ,18/02/2025,1908734392,Clever Bees Nursery Ltd,"£1,160.00"
Manchester City Council,1004,Childrens & Education Services,Foster Payments,19/02/2025,1908736113,Redacted Personal Information,"£1,160.00"
Manchester City Council,1005,Adult Social Care,Agency staff provision,04/02/2025,1908718471,Reed Employment Plc,"£1,156.80"
Manchester City Council,1004,Childrens & Education Services,Foster Payments,05/02/2025,1908720703,Redacted Personal Information,"£1,156.00"
Manchester City Council,1004,Childrens & Education Services,Foster Payments,19/02/2025,1908736382,Redacted Personal Information,"£1,156.00"
Manchester City Council,1006,Childrens Services,Apprenticeship Levy,28/02/2025,1908745701,HM Revenue & Customs,"£1,155.32"
Manchester City Council,1000,Manchester Leisure,Gas,27/02/2025,1908744122,SEFE ENERGY Ltd,"£1,154.79"
Manchester City Council,1000,Manchester Leisure,Electricity,27/02/2025,1908744639,Haven Power Ltd,"£1,154.32"
Manchester City Council,1006,Childrens Services,Apprenticeship Levy,28/02/2025,1908745701,HM Revenue & Customs,"£1,153.95"
Manchester City Council,1005,Adult Social Care,Supported Accommodation,17/02/2025,5105976378,Wythenshawe Community Housing Group,"£1,152.06"
Manchester City Council,1005,Adult Social Care,Supported Accommodation,06/02/2025,5105974499,Wythenshawe Community Housing Group,"£1,152.06"
Manchester City Council,1005,Adult Social Care,Supported Accommodation,06/02/2025,5105974498,Wythenshawe Community Housing Group,"£1,152.06"
Manchester City Council,1005,Adult Social Care,Supported Accommodation,06/02/2025,5105974497,Wythenshawe Community Housing Group,"£1,152.06"
Manchester City Council,1005,Adult Social Care,Supported Accommodation,17/02/2025,5105976379,Wythenshawe Community Housing Group,"£1,152.06"
Manchester City Council,1005,Adult Social Care,Supported Accommodation,17/02/2025,5105976380,Wythenshawe Community Housing Group,"£1,152.06"
Manchester City Council,1002,Hospitality + Trading Services,Security,28/02/2025,5105974193,Showsec International Ltd,"£1,151.15"
Manchester City Council,1004,Childrens & Education Services,Foster Payments,05/02/2025,1908720819,Redacted Personal Information,"£1,150.70"
Manchester City Council,1004,Childrens & Education Services,Foster Payments,19/02/2025,1908736506,Redacted Personal Information,"£1,150.70"
Manchester City Council,1000,Manchester Leisure,Third party payments to other Local Authorities,14/02/2025,5105976049,Leeds City Council,"£1,150.40"
Manchester City Council,1005,Adult Social Care,Agency staff provision,24/02/2025,1908740137,Reed Employment Plc,"£1,149.12"
Manchester City Council,1000,Manchester Leisure,Legal Fees,03/02/2025,1908717827,True Solicitors,"£1,147.55"
Manchester City Council,1000,Manchester Leisure,Building Materials for direct delivery,27/02/2025,5105977946,Tudor Environmental,"£1,146.64"
Manchester City Council,1010,Housing Revenue Account,Council Dwelling Adaptations,20/02/2025,5105975508,Master Moves Ltd,"£1,146.49"
Manchester City Council,1004,Childrens & Education Services,Foster Payments,05/02/2025,1908720417,Redacted Personal Information,"£1,146.00"
Manchester City Council,1004,Childrens & Education Services,Foster Payments,19/02/2025,1908736095,Redacted Personal Information,"£1,146.00"
Manchester City Council,1004,Childrens & Education Services,Foster Payments,19/02/2025,1908736924,Redacted Personal Information,"£1,146.00"
Manchester City Council,1005,Adult Social Care,Agency staff provision,10/02/2025,1908726320,Reed Employment Plc,"£1,145.55"
Manchester City Council,1005,Adult Social Care,Agency staff provision,04/02/2025,1908718471,Reed Employment Plc,"£1,145.55"
Manchester City Council,1005,Adult Social Care,Agency staff provision,04/02/2025,1908718471,Reed Employment Plc,"£1,145.55"
Manchester City Council,1005,Adult Social Care,Agency staff provision,24/02/2025,1908740137,Reed Employment Plc,"£1,145.55"
Manchester City Council,1005,Adult Social Care,Agency staff provision,24/02/2025,1908740137,Reed Employment Plc,"£1,145.55"
Manchester City Council,1005,Adult Social Care,Agency staff provision,24/02/2025,1908740137,Reed Employment Plc,"£1,145.55"
Manchester City Council,1005,Adult Social Care,Agency staff provision,24/02/2025,1908740137,Reed Employment Plc,"£1,145.55"
Manchester City Council,1005,Adult Social Care,Agency staff provision,04/02/2025,1908718471,Reed Employment Plc,"£1,145.55"
Manchester City Council,1005,Adult Social Care,Agency staff provision,18/02/2025,1908734558,Reed Employment Plc,"£1,145.55"
Manchester City Council,1005,Adult Social Care,Agency staff provision,18/02/2025,1908734558,Reed Employment Plc,"£1,145.55"
Manchester City Council,1005,Adult Social Care,Agency staff provision,18/02/2025,1908734558,Reed Employment Plc,"£1,145.55"
Manchester City Council,1005,Adult Social Care,Agency staff provision,18/02/2025,1908734558,Reed Employment Plc,"£1,145.55"
Manchester City Council,1005,Adult Social Care,Agency staff provision,10/02/2025,1908726320,Reed Employment Plc,"£1,145.55"
Manchester City Council,1005,Adult Social Care,Agency staff provision,10/02/2025,1908726320,Reed Employment Plc,"£1,145.55"
Manchester City Council,1005,Adult Social Care,Agency staff provision,10/02/2025,1908726320,Reed Employment Plc,"£1,145.55"
Manchester City Council,1005,Adult Social Care,Agency staff provision,24/02/2025,1908740137,Reed Employment Plc,"£1,145.55"
Manchester City Council,1005,Adult Social Care,Agency staff provision,18/02/2025,1908734558,Reed Employment Plc,"£1,145.55"
Manchester City Council,1005,Adult Social Care,Agency staff provision,18/02/2025,1908734558,Reed Employment Plc,"£1,145.55"
Manchester City Council,1007,Corporate Services,Security,13/02/2025,5105973841,MITIE SECURITY LIMITED,"£1,144.99"
Manchester City Council,1000,Manchester Leisure,Electricity,27/02/2025,1908745252,Haven Power Ltd,"£1,144.91"
Manchester City Council,1005,Adult Social Care,Agency staff provision,10/02/2025,1908726320,Reed Employment Plc,"£1,144.00"
Manchester City Council,1007,Corporate Services,Professional Fees,18/02/2025,5105976477,Keelagher Okey Associates Ltd t/a,"£1,143.75"
Manchester City Council,1007,Corporate Services,Gas,27/02/2025,1908744204,SEFE ENERGY Ltd,"£1,143.41"
Manchester City Council,1002,Hospitality + Trading Services,Building Materials for direct delivery,03/02/2025,1908717192,NORTHERNARB TREE SERVIC,"£1,140.00"
Manchester City Council,1011,Chief Executives,Legal Fees,18/02/2025,1908734402,Memory Assessment Experts (MAE) Ltd,"£1,139.90"
Manchester City Council,1005,Adult Social Care,Agency staff provision,10/02/2025,1908726320,Reed Employment Plc,"£1,139.49"
Manchester City Council,1004,Childrens & Education Services,Agency staff provision,18/02/2025,1908734558,Reed Employment Plc,"£1,138.55"
Manchester City Council,1004,Childrens & Education Services,Agency staff provision,24/02/2025,1908740137,Reed Employment Plc,"£1,138.55"
Manchester City Council,1004,Childrens & Education Services,Agency staff provision,04/02/2025,1908718471,Reed Employment Plc,"£1,138.55"
Manchester City Council,1004,Childrens & Education Services,Agency staff provision,10/02/2025,1908726320,Reed Employment Plc,"£1,138.55"
Manchester City Council,1004,Childrens & Education Services,Foster Payments,05/02/2025,1908720727,Redacted Personal Information,"£1,138.00"
Manchester City Council,1004,Childrens & Education Services,Foster Payments,19/02/2025,1908736413,Redacted Personal Information,"£1,138.00"
Manchester City Council,1011,Chief Executives,Signers/Interpreters,24/02/2025,5105977289,Redacted Personal Information,"£1,137.60"
Manchester City Council,1013,Highways Services,Building Materials for direct delivery,24/02/2025,1908740134,Aggregate Industries T/A Kennedy,"£1,137.58"
Manchester City Council,1007,Corporate Services,I T Provision,28/02/2025,5105977655,Taranto Systems Ltd,"£1,136.00"
Manchester City Council,1002,Hospitality + Trading Services,Electricity,27/02/2025,1908745149,Haven Power Ltd,"£1,134.49"
Manchester City Council,1002,Hospitality + Trading Services,Funeral and coroner related services,14/02/2025,5105976092,TARMAC,"£1,134.08"
Manchester City Council,1002,Hospitality + Trading Services,Funeral and coroner related services,13/02/2025,5105976016,TARMAC,"£1,134.08"
Manchester City Council,1007,Corporate Services,Cleaning Equipment and Materials,28/02/2025,5105977037,Alliance Disposables Ltd,"£1,132.75"
Manchester City Council,1007,Corporate Services,Cleaning Equipment and Materials,20/02/2025,5105977036,Alliance Disposables Ltd,"£1,132.75"
Manchester City Council,1004,Childrens & Education Services,Professional fees,19/02/2025,1908726415,Redacted Personal Information,"£1,132.50"
Manchester City Council,1004,Childrens & Education Services,Foster Payments,19/02/2025,1908736572,Redacted Personal Information,"£1,132.20"
Manchester City Council,1004,Childrens & Education Services,Foster Payments,05/02/2025,1908720883,Redacted Personal Information,"£1,132.20"
Manchester City Council,1004,Childrens & Education Services,Car Allowance Claims,05/02/2025,1908721155,Redacted Personal Information,"£1,129.46"
Manchester City Council,1011,Chief Executives,Counsel Costs,13/02/2025,1908731828,DEANS COURT CHAMBERS,"£1,129.15"
Manchester City Council,1013,Highways Services,Building Materials for direct delivery,26/02/2025,1908742775,Aggregate Industries T/A Kennedy,"£1,128.62"
Manchester City Council,1005,Adult Social Care,Agency staff provision,24/02/2025,1908740137,Reed Employment Plc,"£1,128.23"
Manchester City Council,1007,Corporate Services,Gas,27/02/2025,1908744173,SEFE ENERGY Ltd,"£1,127.43"
Manchester City Council,1007,Corporate Services,Professional Fees,11/02/2025,5105975101,Keelagher Okey Associates Ltd t/a,"£1,126.00"
Manchester City Council,1000,Manchester Leisure,"Consumable items eg Toilet rolls, soap etc",03/02/2025,1908717437,Argos Business Solutions,"£1,125.95"
Manchester City Council,1011,Chief Executives,Counsel Costs,27/02/2025,1908745575,18 St John Street Chambers,"£1,125.00"
Manchester City Council,1011,Chief Executives,Counsel Costs,27/02/2025,1908745598,Five Pump Court Chambers,"£1,125.00"
Manchester City Council,1011,Chief Executives,Counsel Costs,26/02/2025,1908742226,Cobden House Chambers,"£1,125.00"
Manchester City Council,1013,Highways Services,Building Materials for direct delivery,24/02/2025,1908740125,Aggregate Industries T/A Kennedy,"£1,124.57"
Manchester City Council,1000,Manchester Leisure,Housing Rents Debit,24/02/2025,1908738887,Redacted Personal Information,"£1,123.96"
Manchester City Council,1000,Manchester Leisure,"Consumable items eg Toilet rolls, soap etc",13/02/2025,1908731145,CREATE DEVELOPMENTS MANC,"£1,122.80"
Manchester City Council,1004,Childrens & Education Services,Foster Payments,19/02/2025,1908737073,Redacted Personal Information,"£1,121.71"
Manchester City Council,1000,Manchester Leisure,Removal and Storage of Furniture,14/02/2025,5105974633,Master Moves Ltd,"£1,121.02"
Manchester City Council,1004,Childrens & Education Services,Ind Budget Payment,20/02/2025,1908738491,Redacted Personal Information,"£1,120.00"
Manchester City Council,1000,Manchester Leisure,Goods purchased for resale in Council outlets,28/02/2025,5105978124,Twisted Vintage Jewellery,"£1,120.00"
Manchester City Council,1004,Childrens & Education Services,Foster Payments,05/02/2025,1908720619,Redacted Personal Information,"£1,117.00"
Manchester City Council,1004,Childrens & Education Services,Foster Payments,19/02/2025,1908736295,Redacted Personal Information,"£1,117.00"
Manchester City Council,1003,Environment and Operations,Construction Works,28/02/2025,5105976864,Salford City Council,"£1,116.59"
Manchester City Council,1000,Manchester Leisure,Electricity,27/02/2025,1908745129,Haven Power Ltd,"£1,115.44"
Manchester City Council,1004,Childrens & Education Services,Third party payments to other Local Authorities,14/02/2025,5105976177,Hulme Hall Grammar School,"£1,115.40"
Manchester City Council,1002,Hospitality + Trading Services,Vehicle Fuel Costs,26/02/2025,5105977588,Standard Fuels Oils,"£1,114.10"
Manchester City Council,1000,Manchester Leisure,Special Event,28/02/2025,5105977379,Redacted Personal Information,"£1,113.00"
Manchester City Council,1004,Childrens & Education Services,Foster Payments,19/02/2025,1908736747,Redacted Personal Information,"£1,112.20"
Manchester City Council,1004,Childrens & Education Services,Foster Payments,05/02/2025,1908721064,Redacted Personal Information,"£1,112.20"
Manchester City Council,1004,Childrens & Education Services,Foster Payments,19/02/2025,1908736118,Redacted Personal Information,"£1,112.00"
Manchester City Council,1004,Childrens & Education Services,Foster Payments,05/02/2025,1908720446,Redacted Personal Information,"£1,112.00"
Manchester City Council,1005,Adult Social Care,Supported Accommodation,03/02/2025,5105973771,One Manchester Limited,"£1,109.28"
Manchester City Council,1005,Adult Social Care,Supported Accommodation,03/02/2025,5105973770,One Manchester Limited,"£1,109.28"
Manchester City Council,1005,Adult Social Care,Supported Accommodation,03/02/2025,5105973768,One Manchester Limited,"£1,109.28"
Manchester City Council,1005,Adult Social Care,Supported Accommodation,03/02/2025,5105973764,One Manchester Limited,"£1,109.28"
Manchester City Council,1004,Childrens & Education Services,Foster Payments,05/02/2025,1908720955,Redacted Personal Information,"£1,108.80"
Manchester City Council,1004,Childrens & Education Services,Foster Payments,19/02/2025,1908736640,Redacted Personal Information,"£1,108.80"
Manchester City Council,1004,Childrens & Education Services,Childminding Fee Pay,20/02/2025,1908738838,BUSY BEES,"£1,106.70"
Manchester City Council,1013,Highways Services,Purchase of stores for re-distribution,19/02/2025,5105976570,C&L CIVILS,"£1,104.32"
Manchester City Council,1004,Childrens & Education Services,Foster Payments,19/02/2025,1908736303,Redacted Personal Information,"£1,104.00"
Manchester City Council,1004,Childrens & Education Services,Foster Payments,19/02/2025,1908736394,Redacted Personal Information,"£1,104.00"
Manchester City Council,1004,Childrens & Education Services,Foster Payments,19/02/2025,1908736156,Redacted Personal Information,"£1,104.00"
Manchester City Council,1004,Childrens & Education Services,Foster Payments,05/02/2025,1908720859,Redacted Personal Information,"£1,104.00"
Manchester City Council,1004,Childrens & Education Services,Foster Payments,05/02/2025,1908721197,Redacted Personal Information,"£1,104.00"
Manchester City Council,1004,Childrens & Education Services,Foster Payments,19/02/2025,1908736546,Redacted Personal Information,"£1,104.00"
Manchester City Council,1004,Childrens & Education Services,Foster Payments,05/02/2025,1908720454,Redacted Personal Information,"£1,104.00"
Manchester City Council,1004,Childrens & Education Services,Foster Payments,19/02/2025,1908736164,Redacted Personal Information,"£1,104.00"
Manchester City Council,1004,Childrens & Education Services,Foster Payments,05/02/2025,1908721209,Redacted Personal Information,"£1,104.00"
Manchester City Council,1004,Childrens & Education Services,Foster Payments,19/02/2025,1908736126,Redacted Personal Information,"£1,104.00"
Manchester City Council,1004,Childrens & Education Services,Foster Payments,19/02/2025,1908736921,Redacted Personal Information,"£1,104.00"
Manchester City Council,1004,Childrens & Education Services,Foster Payments,05/02/2025,1908720483,Redacted Personal Information,"£1,104.00"
Manchester City Council,1004,Childrens & Education Services,Foster Payments,19/02/2025,1908736159,Redacted Personal Information,"£1,104.00"
Manchester City Council,1004,Childrens & Education Services,Foster Payments,05/02/2025,1908720982,Redacted Personal Information,"£1,104.00"
Manchester City Council,1004,Childrens & Education Services,Foster Payments,19/02/2025,1908736402,Redacted Personal Information,"£1,104.00"
Manchester City Council,1004,Childrens & Education Services,Foster Payments,05/02/2025,1908721162,Redacted Personal Information,"£1,104.00"
Manchester City Council,1004,Childrens & Education Services,Foster Payments,05/02/2025,1908720719,Redacted Personal Information,"£1,104.00"
Manchester City Council,1004,Childrens & Education Services,Foster Payments,05/02/2025,1908721162,Redacted Personal Information,"£1,104.00"
Manchester City Council,1004,Childrens & Education Services,Foster Payments,19/02/2025,1908736933,Redacted Personal Information,"£1,104.00"
Manchester City Council,1004,Childrens & Education Services,Foster Payments,19/02/2025,1908736871,Redacted Personal Information,"£1,104.00"
Manchester City Council,1004,Childrens & Education Services,Foster Payments,19/02/2025,1908736871,Redacted Personal Information,"£1,104.00"
Manchester City Council,1004,Childrens & Education Services,Foster Payments,05/02/2025,1908721160,Redacted Personal Information,"£1,104.00"
Manchester City Council,1004,Childrens & Education Services,Foster Payments,05/02/2025,1908721354,Redacted Personal Information,"£1,104.00"
Manchester City Council,1004,Childrens & Education Services,Foster Payments,19/02/2025,1908736167,Redacted Personal Information,"£1,104.00"
Manchester City Council,1004,Childrens & Education Services,Foster Payments,05/02/2025,1908720492,Redacted Personal Information,"£1,104.00"
Manchester City Council,1004,Childrens & Education Services,Foster Payments,05/02/2025,1908720488,Redacted Personal Information,"£1,104.00"
Manchester City Council,1004,Childrens & Education Services,Foster Payments,19/02/2025,1908736666,Redacted Personal Information,"£1,104.00"
Manchester City Council,1004,Childrens & Education Services,Foster Payments,05/02/2025,1908720472,Redacted Personal Information,"£1,104.00"
Manchester City Council,1004,Childrens & Education Services,Foster Payments,05/02/2025,1908720455,Redacted Personal Information,"£1,104.00"
Manchester City Council,1004,Childrens & Education Services,Foster Payments,19/02/2025,1908736127,Redacted Personal Information,"£1,104.00"
Manchester City Council,1004,Childrens & Education Services,Foster Payments,05/02/2025,1908720406,Redacted Personal Information,"£1,104.00"
Manchester City Council,1004,Childrens & Education Services,Foster Payments,05/02/2025,1908721321,Redacted Personal Information,"£1,104.00"
Manchester City Council,1004,Childrens & Education Services,Foster Payments,05/02/2025,1908720627,Redacted Personal Information,"£1,104.00"
Manchester City Council,1004,Childrens & Education Services,Foster Payments,19/02/2025,1908736911,Redacted Personal Information,"£1,104.00"
Manchester City Council,1004,Childrens & Education Services,Foster Payments,19/02/2025,1908736145,Redacted Personal Information,"£1,104.00"
Manchester City Council,1007,Corporate Services,WPS Awards,18/02/2025,5105973927,Furniture Resource Centre Ltd,"£1,101.43"
Manchester City Council,1006,Childrens Services,Apprenticeship Levy,28/02/2025,1908745701,HM Revenue & Customs,"£1,100.97"
Manchester City Council,1004,Childrens & Education Services,Foster Payments,19/02/2025,1908736528,Redacted Personal Information,"£1,100.14"
Manchester City Council,1004,Childrens & Education Services,Foster Payments,05/02/2025,1908720840,Redacted Personal Information,"£1,100.14"
Manchester City Council,1004,Childrens & Education Services,Foster Payments,19/02/2025,1908736929,Redacted Personal Information,"£1,100.05"
Manchester City Council,1000,Manchester Leisure,"Consumable items eg Toilet rolls, soap etc",13/02/2025,1908731265,SQ *AM7 GROUP LTD,"£1,100.00"
Manchester City Council,1011,Chief Executives,Counsel Costs,27/02/2025,1908745498,Central Chambers,"£1,100.00"
Manchester City Council,1006,Childrens Services,Apprenticeship Levy,28/02/2025,1908745701,HM Revenue & Customs,"£1,099.75"
Manchester City Council,1007,Corporate Services,Cleaning Equipment and Materials,14/02/2025,5105976363,Alliance Disposables Ltd,"£1,099.00"
Manchester City Council,1000,Manchester Leisure,Electricity,27/02/2025,1908744671,Haven Power Ltd,"£1,096.51"
Manchester City Council,1004,Childrens & Education Services,Payments for services,07/02/2025,5105974788,Staff Resources Ltd,"£1,096.50"
Manchester City Council,1013,Highways Services,Professional Fees,28/02/2025,5105978109,Equisys Timemaster Ltd,"£1,095.00"
Manchester City Council,1004,Childrens & Education Services,Foster Payments,19/02/2025,1908736643,Redacted Personal Information,"£1,094.90"
Manchester City Council,1004,Childrens & Education Services,Foster Payments,05/02/2025,1908720958,Redacted Personal Information,"£1,094.90"
Manchester City Council,1005,Adult Social Care,Payments for services,12/02/2025,1908729720,The Pharmacy Group Corporation Ltd,"£1,094.70"
Manchester City Council,1013,Highways Services,Grounds Maintenance,28/02/2025,5105975516,Conservation Building Services Ltd,"£1,093.53"
Manchester City Council,1013,Highways Services,Building Materials for direct delivery,24/02/2025,1908740127,Aggregate Industries T/A Kennedy,"£1,092.78"
Manchester City Council,1000,Manchester Leisure,Agency staff provision,18/02/2025,1908734558,Reed Employment Plc,"£1,091.49"
Manchester City Council,1000,Manchester Leisure,Agency staff provision,04/02/2025,1908718471,Reed Employment Plc,"£1,091.48"
Manchester City Council,1007,Corporate Services,Vehicle Plant Furniture and Equipment,24/02/2025,5105977328,H Jenkinson & Co Ltd.,"£1,090.25"
Manchester City Council,1000,Manchester Leisure,Furniture,04/02/2025,5105973827,Rtech Group Limited,"£1,090.00"
Manchester City Council,1002,Hospitality + Trading Services,Vehicle Fuel Costs,19/02/2025,5105976659,Standard Fuels Oils,"£1,088.79"
Manchester City Council,1004,Childrens & Education Services,Foster Payments,05/02/2025,1908721318,Redacted Personal Information,"£1,087.43"
Manchester City Council,1010,Housing Revenue Account,Gas,27/02/2025,1908744148,SEFE ENERGY Ltd,"£1,084.19"
Manchester City Council,1000,Manchester Leisure,Electricity,27/02/2025,1908744661,Haven Power Ltd,"£1,081.84"
Manchester City Council,1004,Childrens & Education Services,Foster Payments,05/02/2025,1908720566,Redacted Personal Information,"£1,081.64"
Manchester City Council,1004,Childrens & Education Services,Foster Payments,19/02/2025,1908736239,Redacted Personal Information,"£1,081.64"
Manchester City Council,1004,Childrens & Education Services,Foster Payments,05/02/2025,1908720822,Redacted Personal Information,"£1,080.30"
Manchester City Council,1004,Childrens & Education Services,Foster Payments,19/02/2025,1908736509,Redacted Personal Information,"£1,080.30"
Manchester City Council,1005,Adult Social Care,Agency staff provision,18/02/2025,1908734558,Reed Employment Plc,"£1,080.09"
Manchester City Council,1000,Manchester Leisure,Goods purchased for resale in Council outlets,10/02/2025,5105974978,Cornflower Ltd,"£1,080.00"
Manchester City Council,1012,Regeneration Finance,I T Provision,17/02/2025,5105976351,Manchester Settlement,"£1,080.00"
Manchester City Council,1005,Adult Social Care,Equipment,03/02/2025,1908717623,COMPLETE CARE SHOP,"£1,079.99"
Manchester City Council,1004,Childrens & Education Services,Foster Payments,05/02/2025,1908720360,Redacted Personal Information,"£1,079.50"
Manchester City Council,1004,Childrens & Education Services,Foster Payments,19/02/2025,1908736013,Redacted Personal Information,"£1,079.50"
Manchester City Council,1004,Childrens & Education Services,Foster Payments,05/02/2025,1908720901,Redacted Personal Information,"£1,078.44"
Manchester City Council,1004,Childrens & Education Services,Foster Payments,19/02/2025,1908736591,Redacted Personal Information,"£1,078.44"
Manchester City Council,1000,Manchester Leisure,Other Allowances,11/02/2025,1908718003,Tusker Direct,"£1,077.82"
Manchester City Council,1006,Childrens Services,Apprenticeship Levy,28/02/2025,1908745701,HM Revenue & Customs,"£1,075.25"
Manchester City Council,1002,Hospitality + Trading Services,Hire of Machinery,10/02/2025,5105974870,R & M Developments Ltd,"£1,073.50"
Manchester City Council,1002,Hospitality + Trading Services,Hire of Machinery,25/02/2025,5105977475,R & M Developments Ltd,"£1,073.50"
Manchester City Council,1002,Hospitality + Trading Services,Hire of Machinery,10/02/2025,5105974869,R & M Developments Ltd,"£1,073.50"
Manchester City Council,1002,Hospitality + Trading Services,Hire of Machinery,25/02/2025,5105977430,R & M Developments Ltd,"£1,073.50"
Manchester City Council,1013,Highways Services,Purchase of stores for re-distribution,14/02/2025,5105976421,Benchmark Building Supplies Ltd,"£1,073.41"
Manchester City Council,1005,Adult Social Care,Payments for services,12/02/2025,1908729697,Everest Pharmacy Ltd,"£1,071.10"
Manchester City Council,1012,Regeneration Finance,Training and Development,25/02/2025,5105977406,Pearson Education Ltd,"£1,066.03"
Manchester City Council,1006,Childrens Services,Apprenticeship Levy,28/02/2025,1908745701,HM Revenue & Customs,"£1,066.02"
Manchester City Council,1011,Chief Executives,Payments to Sub-Contractors,07/02/2025,5105974707,Redacted Personal Information,"£1,066.01"
Manchester City Council,1007,Corporate Services,Electricity,27/02/2025,1908745165,Haven Power Ltd,"£1,065.31"
Manchester City Council,1012,Regeneration Finance,Hire of Premises,03/02/2025,5105973715,Greater Manchester Chamber of,"£1,065.00"
Manchester City Council,1005,Adult Social Care,Supported Accommodation,14/02/2025,5105974500,Wythenshawe Community Housing Group,"£1,063.44"
Manchester City Council,1005,Adult Social Care,Supported Accommodation,24/02/2025,5105976391,Wythenshawe Community Housing Group,"£1,063.44"
Manchester City Council,1004,Childrens & Education Services,Foster Payments,19/02/2025,1908736599,Redacted Personal Information,"£1,061.50"
Manchester City Council,1004,Childrens & Education Services,Foster Payments,05/02/2025,1908720909,Redacted Personal Information,"£1,061.50"
Manchester City Council,1006,Childrens Services,Apprenticeship Levy,28/02/2025,1908745701,HM Revenue & Customs,"£1,061.00"
Manchester City Council,1000,Manchester Leisure,Gas,27/02/2025,1908744240,SEFE ENERGY Ltd,"£1,056.06"
Manchester City Council,1004,Childrens & Education Services,Foster Payments,19/02/2025,1908736935,Redacted Personal Information,"£1,055.04"
Manchester City Council,1000,Manchester Leisure,Goods purchased for resale in Council outlets,11/02/2025,1908726429,FAIRE WHOLESALE UK LIMITE,"£1,054.40"
Manchester City Council,1004,Childrens & Education Services,Agency staff provision,10/02/2025,1908726320,Reed Employment Plc,"£1,053.78"
Manchester City Council,1004,Childrens & Education Services,Foster Payments,05/02/2025,1908720760,Redacted Personal Information,"£1,052.80"
Manchester City Council,1004,Childrens & Education Services,Foster Payments,19/02/2025,1908736450,Redacted Personal Information,"£1,052.80"
Manchester City Council,1004,Childrens & Education Services,Foster Payments,19/02/2025,1908736030,Redacted Personal Information,"£1,052.60"
Manchester City Council,1004,Childrens & Education Services,Foster Payments,05/02/2025,1908720376,Redacted Personal Information,"£1,052.60"
Manchester City Council,1026,Insurance Fund,Insurance,13/02/2025,5105975995,Gallagher Bassett International Ltd,"£1,052.00"
Manchester City Council,1000,Manchester Leisure,Compensation Payments,07/02/2025,1908725517,Redacted Personal Information,"£1,050.00"
Manchester City Council,1004,Childrens & Education Services,Payments for services,19/02/2025,5105976733,Teaching Personnel Ltd,"£1,050.00"
Manchester City Council,1004,Childrens & Education Services,Third party payments to other Local Authorities,28/02/2025,5105978036,Thompsons Academy LTD,"£1,050.00"
Manchester City Council,1004,Childrens & Education Services,Payments for services,19/02/2025,5105976735,Teaching Personnel Ltd,"£1,050.00"
Manchester City Council,1004,Childrens & Education Services,Payments for services,24/02/2025,5105976765,Teaching Personnel Ltd,"£1,050.00"
Manchester City Council,1004,Childrens & Education Services,Payments for services,28/02/2025,5105977612,Teaching Personnel Ltd,"£1,050.00"
Manchester City Council,1004,Childrens & Education Services,Payments for services,28/02/2025,5105977600,Teaching Personnel Ltd,"£1,050.00"
Manchester City Council,1004,Childrens & Education Services,Payments for services,24/02/2025,5105976768,Teaching Personnel Ltd,"£1,050.00"
Manchester City Council,1004,Childrens & Education Services,Payments for services,24/02/2025,5105977314,Teaching Personnel Ltd,"£1,050.00"
Manchester City Council,1005,Adult Social Care,Professional fees,21/02/2025,5105976851,Action First iPeople Ltd,"£1,050.00"
Manchester City Council,1004,Childrens & Education Services,Payments for services,24/02/2025,5105977315,Teaching Personnel Ltd,"£1,050.00"
Manchester City Council,1004,Childrens & Education Services,Foster Payments,19/02/2025,1908736926,Redacted Personal Information,"£1,048.90"
Manchester City Council,1004,Childrens & Education Services,Foster Payments,05/02/2025,1908720534,Redacted Personal Information,"£1,048.90"
Manchester City Council,1000,Manchester Leisure,Rents,25/02/2025,5105977454,Momo Properties LTD,"£1,048.66"
Manchester City Council,1000,Manchester Leisure,"Consumable items eg Toilet rolls, soap etc",03/02/2025,1908717368,BLUE MANCHESTER LIMITED,"£1,048.50"
Manchester City Council,1011,Chief Executives,Legal Fees,19/02/2025,1908735818,Weightmans LLP Solicitors,"£1,047.00"
Manchester City Council,1005,Adult Social Care,Agency staff provision,24/02/2025,1908740137,Reed Employment Plc,"£1,046.27"
Manchester City Council,1005,Adult Social Care,Agency staff provision,18/02/2025,1908734558,Reed Employment Plc,"£1,046.27"
Manchester City Council,1000,Manchester Leisure,Agency staff provision,04/02/2025,1908718471,Reed Employment Plc,"£1,045.11"
Manchester City Council,1004,Childrens & Education Services,Foster Payments,05/02/2025,1908721040,Redacted Personal Information,"£1,045.00"
Manchester City Council,1004,Childrens & Education Services,Foster Payments,19/02/2025,1908736719,Redacted Personal Information,"£1,045.00"
Manchester City Council,1004,Childrens & Education Services,Third party payments relating to Voluntary Organisations,12/02/2025,1908728732,Redacted Personal Information,"£1,044.90"
Manchester City Council,1000,Manchester Leisure,Legal Fees,03/02/2025,1908717781,True Solicitors,"£1,042.22"
Manchester City Council,1000,Manchester Leisure,Grant and subscriptions awarded,20/02/2025,5105976866,Redacted Personal Information,"£1,042.00"
Manchester City Council,1010,Housing Revenue Account,Electricity,27/02/2025,1908744591,Haven Power Ltd,"£1,037.94"
Manchester City Council,1000,Manchester Leisure,External repairs and maintenance for buildings,27/02/2025,5105977837,Ocular Integration Ltd,"£1,037.29"
Manchester City Council,1013,Highways Services,Building Materials for direct delivery,28/02/2025,5105977591,Instarmac Group Ltd,"£1,036.00"
Manchester City Council,1007,Corporate Services,Water - Metered,27/02/2025,1908744368,Anglian Water Business (National),"£1,035.80"
Manchester City Council,1000,Manchester Leisure,Professional Fees,10/02/2025,5105975190,Daly Drains Ltd,"£1,034.40"
Manchester City Council,1006,Childrens Services,Apprenticeship Levy,28/02/2025,1908745701,HM Revenue & Customs,"£1,033.88"
Manchester City Council,1004,Childrens & Education Services,Agency staff provision,04/02/2025,1908718471,Reed Employment Plc,"£1,033.52"
Manchester City Council,1000,Manchester Leisure,Occupational Health services,19/02/2025,5105974457,Bennett Workplace Solutions Ltd,"£1,032.99"
Manchester City Council,1007,Corporate Services,Electricity,27/02/2025,1908745223,Haven Power Ltd,"£1,029.21"
Manchester City Council,1004,Childrens & Education Services,Foster Payments,05/02/2025,1908720421,Redacted Personal Information,"£1,028.00"
Manchester City Council,1004,Childrens & Education Services,Foster Payments,19/02/2025,1908736107,Redacted Personal Information,"£1,028.00"
Manchester City Council,1004,Childrens & Education Services,Foster Payments,05/02/2025,1908720433,Redacted Personal Information,"£1,028.00"
Manchester City Council,1004,Childrens & Education Services,Foster Payments,05/02/2025,1908721176,Redacted Personal Information,"£1,028.00"
Manchester City Council,1004,Childrens & Education Services,Foster Payments,19/02/2025,1908736407,Redacted Personal Information,"£1,028.00"
Manchester City Council,1004,Childrens & Education Services,Foster Payments,05/02/2025,1908720967,Redacted Personal Information,"£1,028.00"
Manchester City Council,1004,Childrens & Education Services,Foster Payments,19/02/2025,1908736120,Redacted Personal Information,"£1,028.00"
Manchester City Council,1004,Childrens & Education Services,Foster Payments,05/02/2025,1908720411,Redacted Personal Information,"£1,028.00"
Manchester City Council,1004,Childrens & Education Services,Foster Payments,19/02/2025,1908736918,Redacted Personal Information,"£1,028.00"
Manchester City Council,1004,Childrens & Education Services,Foster Payments,19/02/2025,1908737042,Redacted Personal Information,"£1,028.00"
Manchester City Council,1004,Childrens & Education Services,Foster Payments,05/02/2025,1908720449,Redacted Personal Information,"£1,028.00"
Manchester City Council,1004,Childrens & Education Services,Foster Payments,19/02/2025,1908736091,Redacted Personal Information,"£1,028.00"
Manchester City Council,1004,Childrens & Education Services,Foster Payments,05/02/2025,1908720769,Redacted Personal Information,"£1,028.00"
Manchester City Council,1004,Childrens & Education Services,Foster Payments,19/02/2025,1908736458,Redacted Personal Information,"£1,028.00"
Manchester City Council,1004,Childrens & Education Services,Foster Payments,19/02/2025,1908736873,Redacted Personal Information,"£1,028.00"
Manchester City Council,1004,Childrens & Education Services,Foster Payments,19/02/2025,1908736651,Redacted Personal Information,"£1,028.00"
Manchester City Council,1004,Childrens & Education Services,Foster Payments,05/02/2025,1908721353,Redacted Personal Information,"£1,028.00"
Manchester City Council,1004,Childrens & Education Services,Foster Payments,19/02/2025,1908736099,Redacted Personal Information,"£1,028.00"
Manchester City Council,1004,Childrens & Education Services,Foster Payments,19/02/2025,1908736150,Redacted Personal Information,"£1,028.00"
Manchester City Council,1004,Childrens & Education Services,Foster Payments,05/02/2025,1908721319,Redacted Personal Information,"£1,028.00"
Manchester City Council,1004,Childrens & Education Services,Foster Payments,19/02/2025,1908736519,Redacted Personal Information,"£1,028.00"
Manchester City Council,1004,Childrens & Education Services,Foster Payments,19/02/2025,1908736144,Redacted Personal Information,"£1,028.00"
Manchester City Council,1004,Childrens & Education Services,Foster Payments,19/02/2025,1908736937,Redacted Personal Information,"£1,028.00"
Manchester City Council,1004,Childrens & Education Services,Foster Payments,05/02/2025,1908721316,Redacted Personal Information,"£1,028.00"
Manchester City Council,1004,Childrens & Education Services,Foster Payments,05/02/2025,1908720432,Redacted Personal Information,"£1,028.00"
Manchester City Council,1004,Childrens & Education Services,Foster Payments,19/02/2025,1908736106,Redacted Personal Information,"£1,028.00"
Manchester City Council,1004,Childrens & Education Services,Foster Payments,05/02/2025,1908721047,Redacted Personal Information,"£1,028.00"
Manchester City Council,1004,Childrens & Education Services,Foster Payments,19/02/2025,1908736097,Redacted Personal Information,"£1,028.00"
Manchester City Council,1004,Childrens & Education Services,Foster Payments,05/02/2025,1908720419,Redacted Personal Information,"£1,028.00"
Manchester City Council,1004,Childrens & Education Services,Foster Payments,19/02/2025,1908736083,Redacted Personal Information,"£1,028.00"
Manchester City Council,1004,Childrens & Education Services,Foster Payments,05/02/2025,1908720942,Redacted Personal Information,"£1,028.00"
Manchester City Council,1004,Childrens & Education Services,Foster Payments,05/02/2025,1908720402,Redacted Personal Information,"£1,028.00"
Manchester City Council,1004,Childrens & Education Services,Foster Payments,19/02/2025,1908736384,Redacted Personal Information,"£1,028.00"
Manchester City Council,1004,Childrens & Education Services,Foster Payments,05/02/2025,1908720476,Redacted Personal Information,"£1,028.00"
Manchester City Council,1004,Childrens & Education Services,Foster Payments,19/02/2025,1908736628,Redacted Personal Information,"£1,028.00"
Manchester City Council,1004,Childrens & Education Services,Foster Payments,19/02/2025,1908736874,Redacted Personal Information,"£1,028.00"
Manchester City Council,1004,Childrens & Education Services,Foster Payments,19/02/2025,1908737074,Redacted Personal Information,"£1,028.00"
Manchester City Council,1004,Childrens & Education Services,Foster Payments,19/02/2025,1908737045,Redacted Personal Information,"£1,028.00"
Manchester City Council,1004,Childrens & Education Services,Foster Payments,19/02/2025,1908736153,Redacted Personal Information,"£1,028.00"
Manchester City Council,1004,Childrens & Education Services,Foster Payments,19/02/2025,1908736726,Redacted Personal Information,"£1,028.00"
Manchester City Council,1004,Childrens & Education Services,Foster Payments,05/02/2025,1908721320,Redacted Personal Information,"£1,028.00"
Manchester City Council,1004,Childrens & Education Services,Foster Payments,05/02/2025,1908720471,Redacted Personal Information,"£1,028.00"
Manchester City Council,1004,Childrens & Education Services,Foster Payments,19/02/2025,1908736143,Redacted Personal Information,"£1,028.00"
Manchester City Council,1004,Childrens & Education Services,Foster Payments,19/02/2025,1908736946,Redacted Personal Information,"£1,028.00"
Manchester City Council,1004,Childrens & Education Services,Foster Payments,05/02/2025,1908720478,Redacted Personal Information,"£1,028.00"
Manchester City Council,1004,Childrens & Education Services,Foster Payments,05/02/2025,1908721187,Redacted Personal Information,"£1,028.00"
Manchester City Council,1004,Childrens & Education Services,Foster Payments,19/02/2025,1908737004,Redacted Personal Information,"£1,028.00"
Manchester City Council,1004,Childrens & Education Services,Foster Payments,05/02/2025,1908721314,Redacted Personal Information,"£1,028.00"
Manchester City Council,1004,Childrens & Education Services,Foster Payments,05/02/2025,1908720881,Redacted Personal Information,"£1,027.00"
Manchester City Council,1004,Childrens & Education Services,Foster Payments,19/02/2025,1908736570,Redacted Personal Information,"£1,027.00"
Manchester City Council,1004,Childrens & Education Services,Agency staff provision,24/02/2025,1908740137,Reed Employment Plc,"£1,026.63"
Manchester City Council,1000,Manchester Leisure,Professional Fees,10/02/2025,5105975236,Daly Drains Ltd,"£1,026.24"
Manchester City Council,1004,Childrens & Education Services,Foster Payments,19/02/2025,1908736939,Redacted Personal Information,"£1,025.14"
Manchester City Council,1000,Manchester Leisure,Rents,17/02/2025,5105976331,Triple Bee Ltd,"£1,025.00"
Manchester City Council,1004,Childrens & Education Services,Subsistence and Conference Expenses,28/02/2025,5105974697,Disabled Living,"£1,020.00"
Manchester City Council,1009,Housing General Fund,Works and associated costs for Land and Buildings,11/02/2025,5105975424,Counter Context Limited,"£1,020.00"
Manchester City Council,1004,Childrens & Education Services,Subsistence and Conference Expenses,10/02/2025,5105974078,Disabled Living,"£1,020.00"
Manchester City Council,1007,Corporate Services,WPS Awards,19/02/2025,5105976033,Furniture Resource Centre Ltd,"£1,018.21"
Manchester City Council,1007,Corporate Services,WPS Awards,28/02/2025,5105977431,Furniture Resource Centre Ltd,"£1,018.21"
Manchester City Council,1007,Corporate Services,WPS Awards,10/02/2025,5105974936,Furniture Resource Centre Ltd,"£1,018.21"
Manchester City Council,1007,Corporate Services,WPS Awards,18/02/2025,5105973740,Furniture Resource Centre Ltd,"£1,018.21"
Manchester City Council,1004,Childrens & Education Services,Foster Payments,19/02/2025,1908736544,Redacted Personal Information,"£1,017.10"
Manchester City Council,1004,Childrens & Education Services,Foster Payments,05/02/2025,1908720857,Redacted Personal Information,"£1,017.10"
Manchester City Council,1007,Corporate Services,Electricity,27/02/2025,1908745051,Haven Power Ltd,"£1,017.03"
Manchester City Council,1004,Childrens & Education Services,Payments for services,21/02/2025,5105977154,4syte Funding Limited,"£1,015.26"
Manchester City Council,1000,Manchester Leisure,Third party payments relating to Voluntary Organisations,05/02/2025,5105974359,Redacted Personal Information,"£1,013.99"
Manchester City Council,1007,Corporate Services,Electricity,27/02/2025,1908745351,Haven Power Ltd,"£1,013.77"
Manchester City Council,1007,Corporate Services,Gas,27/02/2025,1908744114,SEFE ENERGY Ltd,"£1,013.69"
Manchester City Council,1000,Manchester Leisure,Electricity,27/02/2025,1908745173,Haven Power Ltd,"£1,013.60"
Manchester City Council,1006,Childrens Services,Apprenticeship Levy,28/02/2025,1908745701,HM Revenue & Customs,"£1,012.19"
Manchester City Council,1004,Childrens & Education Services,Training and Development,05/02/2025,1908722500,Findel Education Ltd,"£1,012.16"
Manchester City Council,1004,Childrens & Education Services,Agency staff provision,04/02/2025,1908718471,Reed Employment Plc,"£1,011.60"
Manchester City Council,1000,Manchester Leisure,Agency staff provision,24/02/2025,1908740137,Reed Employment Plc,"£1,010.20"
Manchester City Council,1005,Adult Social Care,Agency staff provision,10/02/2025,1908726320,Reed Employment Plc,"£1,010.04"
Manchester City Council,1000,Manchester Leisure,Legal Fees,26/02/2025,1908742292,Bond Turner Solicitors,"£1,010.00"
Manchester City Council,1011,Chief Executives,Counsel Costs,10/02/2025,1908725999,18 St John Street Chambers,"£1,010.00"
Manchester City Council,1004,Childrens & Education Services,Gas,27/02/2025,1908744191,SEFE ENERGY Ltd,"£1,009.28"
Manchester City Council,1000,Manchester Leisure,Electricity,27/02/2025,1908744626,Haven Power Ltd,"£1,008.80"
Manchester City Council,1000,Manchester Leisure,Catering Provisions,24/02/2025,5105977375,Everyone Active,"£1,008.00"
Manchester City Council,1005,Adult Social Care,Payments for services,14/02/2025,1908733283,Mount Road Surgery,"£1,005.90"
Manchester City Council,1004,Childrens & Education Services,Third party payments relating to Voluntary Organisations,12/02/2025,1908729157,Redacted Personal Information,"£1,005.60"
Manchester City Council,1004,Childrens & Education Services,Third party payments relating to Voluntary Organisations,12/02/2025,1908729161,Redacted Personal Information,"£1,005.60"
Manchester City Council,1004,Childrens & Education Services,Third party payments relating to Voluntary Organisations,12/02/2025,1908729062,Redacted Personal Information,"£1,005.60"
Manchester City Council,1004,Childrens & Education Services,Third party payments relating to Voluntary Organisations,12/02/2025,1908729091,Redacted Personal Information,"£1,005.60"
Manchester City Council,1004,Childrens & Education Services,Third party payments relating to Voluntary Organisations,12/02/2025,1908729133,Redacted Personal Information,"£1,005.60"
Manchester City Council,1004,Childrens & Education Services,Third party payments relating to Voluntary Organisations,12/02/2025,1908729106,Redacted Personal Information,"£1,005.60"
Manchester City Council,1004,Childrens & Education Services,Third party payments relating to Voluntary Organisations,12/02/2025,1908729115,Redacted Personal Information,"£1,005.60"
Manchester City Council,1004,Childrens & Education Services,Third party payments relating to Voluntary Organisations,12/02/2025,1908729120,Redacted Personal Information,"£1,005.60"
Manchester City Council,1004,Childrens & Education Services,Third party payments relating to Voluntary Organisations,12/02/2025,1908728635,Redacted Personal Information,"£1,005.60"
Manchester City Council,1004,Childrens & Education Services,Third party payments relating to Voluntary Organisations,12/02/2025,1908728658,Redacted Personal Information,"£1,005.60"
Manchester City Council,1004,Childrens & Education Services,Third party payments relating to Voluntary Organisations,12/02/2025,1908729239,Redacted Personal Information,"£1,005.60"
Manchester City Council,1004,Childrens & Education Services,Third party payments relating to Voluntary Organisations,12/02/2025,1908728640,Redacted Personal Information,"£1,005.60"
Manchester City Council,1004,Childrens & Education Services,Third party payments relating to Voluntary Organisations,12/02/2025,1908728578,Redacted Personal Information,"£1,005.60"
Manchester City Council,1004,Childrens & Education Services,Third party payments relating to Voluntary Organisations,12/02/2025,1908728580,Redacted Personal Information,"£1,005.60"
Manchester City Council,1004,Childrens & Education Services,Third party payments relating to Voluntary Organisations,12/02/2025,1908729118,Redacted Personal Information,"£1,005.60"
Manchester City Council,1004,Childrens & Education Services,Third party payments relating to Voluntary Organisations,12/02/2025,1908729204,Redacted Personal Information,"£1,005.60"
Manchester City Council,1004,Childrens & Education Services,Third party payments relating to Voluntary Organisations,12/02/2025,1908729208,Redacted Personal Information,"£1,005.60"
Manchester City Council,1004,Childrens & Education Services,Third party payments relating to Voluntary Organisations,12/02/2025,1908728575,Redacted Personal Information,"£1,005.60"
Manchester City Council,1004,Childrens & Education Services,Third party payments relating to Voluntary Organisations,12/02/2025,1908729151,Redacted Personal Information,"£1,005.60"
Manchester City Council,1004,Childrens & Education Services,Third party payments relating to Voluntary Organisations,12/02/2025,1908729147,Redacted Personal Information,"£1,005.60"
Manchester City Council,1004,Childrens & Education Services,Third party payments relating to Voluntary Organisations,12/02/2025,1908729213,Redacted Personal Information,"£1,005.60"
Manchester City Council,1004,Childrens & Education Services,Third party payments relating to Voluntary Organisations,12/02/2025,1908728536,Redacted Personal Information,"£1,005.60"
Manchester City Council,1004,Childrens & Education Services,Third party payments relating to Voluntary Organisations,12/02/2025,1908729174,Redacted Personal Information,"£1,005.60"
Manchester City Council,1004,Childrens & Education Services,Payments to Academie,12/02/2025,1908729059,Co-op Academy Medlock,"£1,005.60"
Manchester City Council,1004,Childrens & Education Services,Third party payments relating to Voluntary Organisations,12/02/2025,1908728554,Summit Education Society Ltd,"£1,005.60"
Manchester City Council,1004,Childrens & Education Services,Third party payments relating to Voluntary Organisations,12/02/2025,1908729076,Summit Education Society Ltd,"£1,005.60"
Manchester City Council,1004,Childrens & Education Services,Third party payments relating to Voluntary Organisations,12/02/2025,1908728543,Redacted Personal Information,"£1,005.60"
Manchester City Council,1004,Childrens & Education Services,Third party payments relating to Voluntary Organisations,12/02/2025,1908728535,Redacted Personal Information,"£1,005.60"
Manchester City Council,1004,Childrens & Education Services,Third party payments relating to Voluntary Organisations,12/02/2025,1908728510,Redacted Personal Information,"£1,005.60"
Manchester City Council,1004,Childrens & Education Services,Third party payments relating to Voluntary Organisations,12/02/2025,1908729183,Redacted Personal Information,"£1,005.60"
Manchester City Council,1004,Childrens & Education Services,Third party payments relating to Voluntary Organisations,12/02/2025,1908728520,Redacted Personal Information,"£1,005.60"
Manchester City Council,1004,Childrens & Education Services,Third party payments relating to Voluntary Organisations,12/02/2025,1908729064,Redacted Personal Information,"£1,005.60"
Manchester City Council,1004,Childrens & Education Services,Third party payments relating to Voluntary Organisations,12/02/2025,1908728562,Redacted Personal Information,"£1,005.60"
Manchester City Council,1004,Childrens & Education Services,Third party payments relating to Voluntary Organisations,12/02/2025,1908729080,Redacted Personal Information,"£1,005.60"
Manchester City Council,1004,Childrens & Education Services,Third party payments relating to Voluntary Organisations,12/02/2025,1908729063,Redacted Personal Information,"£1,005.60"
Manchester City Council,1004,Childrens & Education Services,Third party payments relating to Voluntary Organisations,12/02/2025,1908728611,My Time Wellness,"£1,005.60"
Manchester City Council,1004,Childrens & Education Services,Third party payments relating to Voluntary Organisations,12/02/2025,1908729110,Redacted Personal Information,"£1,005.60"
Manchester City Council,1004,Childrens & Education Services,Third party payments relating to Voluntary Organisations,12/02/2025,1908729238,Redacted Personal Information,"£1,005.60"
Manchester City Council,1004,Childrens & Education Services,Third party payments relating to Voluntary Organisations,12/02/2025,1908729053,Redacted Personal Information,"£1,005.60"
Manchester City Council,1004,Childrens & Education Services,Third party payments relating to Voluntary Organisations,12/02/2025,1908729117,Redacted Personal Information,"£1,005.60"
Manchester City Council,1004,Childrens & Education Services,Third party payments relating to Voluntary Organisations,12/02/2025,1908729020,Redacted Personal Information,"£1,005.60"
Manchester City Council,1004,Childrens & Education Services,Third party payments relating to Voluntary Organisations,12/02/2025,1908729185,Redacted Personal Information,"£1,005.60"
Manchester City Council,1004,Childrens & Education Services,Third party payments relating to Voluntary Organisations,12/02/2025,1908729035,Redacted Personal Information,"£1,005.60"
Manchester City Council,1004,Childrens & Education Services,Third party payments relating to Voluntary Organisations,12/02/2025,1908729086,Redacted Personal Information,"£1,005.60"
Manchester City Council,1004,Childrens & Education Services,Third party payments relating to Voluntary Organisations,12/02/2025,1908729055,Redacted Personal Information,"£1,005.60"
Manchester City Council,1004,Childrens & Education Services,Third party payments relating to Voluntary Organisations,12/02/2025,1908728560,Redacted Personal Information,"£1,005.60"
Manchester City Council,1000,Manchester Leisure,Legal Fees,13/02/2025,1908731944,Inaaya Solicitors,"£1,005.00"
Manchester City Council,1004,Childrens & Education Services,Third party payments relating to Voluntary Organisations,18/02/2025,1908734418,Redacted Personal Information,"£1,004.25"
Manchester City Council,1002,Hospitality + Trading Services,Equipment,25/02/2025,1908738883,AGS Trading Limited,"£1,004.07"
Manchester City Council,1005,Adult Social Care,Personal needs of client,21/02/2025,5105976598,Mangar International Ltd/Winncare,"£1,003.50"
Manchester City Council,1000,Manchester Leisure,Electricity,27/02/2025,1908744588,Haven Power Ltd,"£1,003.01"
Manchester City Council,1004,Childrens & Education Services,Third party payments relating to Voluntary Organisations,12/02/2025,1908729405,St.Wilfrids Playgroup,"£1,002.60"
Manchester City Council,1002,Hospitality + Trading Services,Security,10/02/2025,5105974956,Showsec International Ltd,"£1,001.00"
Manchester City Council,1000,Manchester Leisure,Grant and subscriptions awarded,11/02/2025,5105975137,North Manchester Community,"£1,000.00"
Manchester City Council,1000,Manchester Leisure,Grant and subscriptions awarded,27/02/2025,5105977759,Hopewell,"£1,000.00"
Manchester City Council,1000,Manchester Leisure,Grant and subscriptions awarded,10/02/2025,5105974919,Rainbow Centre,"£1,000.00"
Manchester City Council,1000,Manchester Leisure,Compensation Payments,14/02/2025,1908733250,Redacted Personal Information,"£1,000.00"
Manchester City Council,1000,Manchester Leisure,Rents,27/02/2025,5105977057,Kramer & Company Properties,"£1,000.00"
Manchester City Council,1013,Highways Services,Legal Fees,21/02/2025,1908739078,Redacted Personal Information,"£1,000.00"
Manchester City Council,1000,Manchester Leisure,Professional fees,28/02/2025,5105978033,Locata (Housing Services) Ltd,"£1,000.00"
Manchester City Council,1005,Adult Social Care,Professional fees,21/02/2025,5105976857,Action First iPeople Ltd,"£1,000.00"
Manchester City Council,1011,Chief Executives,Counsel Costs,14/02/2025,1908733225,Cobden House Chambers,"£1,000.00"
Manchester City Council,1011,Chief Executives,Professional fees,19/02/2025,5105975032,Formbys Ltd,"£1,000.00"
Manchester City Council,1011,Chief Executives,Counsel Costs,13/02/2025,1908731831,Redacted Personal Information,"£1,000.00"
Manchester City Council,1004,Childrens & Education Services,Foster Payments,19/02/2025,1908736027,Redacted Personal Information,"£1,000.00"
Manchester City Council,1007,Corporate Services,Training and Development,14/02/2025,5105974330,Carbon Literacy Trust,"£1,000.00"
Manchester City Council,1004,Childrens & Education Services,Foster Payments,05/02/2025,1908720373,Redacted Personal Information,"£1,000.00"
Manchester City Council,1011,Chief Executives,Counsel Costs,26/02/2025,1908742687,Central Chambers,"£1,000.00"
Manchester City Council,1000,Manchester Leisure,Legal Fees,05/02/2025,1908722280,Curae Solicitors,"£1,000.00"
Manchester City Council,1000,Manchester Leisure,Grant and subscriptions awarded,06/02/2025,5105974583,Redacted Personal Information,"£1,000.00"
Manchester City Council,1011,Chief Executives,Counsel Costs,27/02/2025,1908745593,Central Chambers,"£1,000.00"
Manchester City Council,1011,Chief Executives,Counsel Costs,11/02/2025,1908727027,Redacted Personal Information,"£1,000.00"
Manchester City Council,1012,Regeneration Finance,Advertising,24/02/2025,5105976642,Redacted Personal Information,"£1,000.00"
Manchester City Council,1000,Manchester Leisure,Rents,12/02/2025,5105975664,Cheung Kong Asset Management Ltd,"£1,000.00"
Manchester City Council,1012,Regeneration Finance,Advertising,24/02/2025,5105976641,Redacted Personal Information,"£1,000.00"
Manchester City Council,1000,Manchester Leisure,Grant and subscriptions awarded,13/02/2025,5105976020,Redacted Personal Information,"£1,000.00"
Manchester City Council,1000,Manchester Leisure,Rents,27/02/2025,5105977163,Kramer & Company Properties,"£1,000.00"
Manchester City Council,1000,Manchester Leisure,Rents,18/02/2025,5105976600,Primegold Properties LTD,"£1,000.00"
Manchester City Council,1000,Manchester Leisure,Furniture,13/02/2025,5105976030,Accommodation Links Ltd,"£1,000.00"
Manchester City Council,1000,Manchester Leisure,Payments to Sub-Contractors,10/02/2025,5105973537,Groundwork & Leisure Services Ltd,"£1,000.00"
Manchester City Council,1000,Manchester Leisure,Professional fees,06/02/2025,5105974143,Freshrb CIC,"£1,000.00"
Manchester City Council,1012,Regeneration Finance,Professional fees,28/02/2025,5105975150,Embassy,"£1,000.00"
Manchester City Council,1011,Chief Executives,Counsel Costs,20/02/2025,1908738752,Redacted Personal Information,"£1,000.00"
Manchester City Council,1000,Manchester Leisure,Rents,27/02/2025,5105977906,Redacted Personal Information,"£1,000.00"
Manchester City Council,1004,Childrens & Education Services,"Consumable items eg Toilet rolls, soap etc",03/02/2025,1908717344,SP ALDI GROCERY VOUC,"£1,000.00"
Manchester City Council,1000,Manchester Leisure,Rents,28/02/2025,5105978185,Kaasuu Properties,"£1,000.00"
Manchester City Council,1000,Manchester Leisure,Legal Fees,03/02/2025,1908717783,Peasegoods,"£1,000.00"
Manchester City Council,1011,Chief Executives,Expenditure re Internal Trading Ordered Externally,19/02/2025,1908732654,MIDAS,"£1,000.00"
Manchester City Council,1000,Manchester Leisure,Professional Fees,13/02/2025,5105974065,Redacted Personal Information,"£1,000.00"
Manchester City Council,1000,Manchester Leisure,Rents,14/02/2025,5105974700,Grovewell Properties LTD,"£1,000.00"
Manchester City Council,1005,Adult Social Care,Cleaning Equipment and Materials,12/02/2025,5105975908,Alliance Disposables Ltd,£999.08
Manchester City Council,1004,Childrens & Education Services,Foster Payments,05/02/2025,1908720830,Redacted Personal Information,£998.30
Manchester City Council,1007,Corporate Services,Electricity,27/02/2025,1908745240,Haven Power Ltd,£997.27
Manchester City Council,1004,Childrens & Education Services,Third party payments relating to Voluntary Organisations,12/02/2025,1908729323,Redacted Personal Information,£997.20
Manchester City Council,1004,Childrens & Education Services,Professional fees,28/02/2025,1908716135,Everything For Events Ltd,£997.01
Manchester City Council,1011,Chief Executives,Hire of Equipment,13/02/2025,5105975122,Universal Live,£993.49
Manchester City Council,1011,Chief Executives,Catering,17/02/2025,5105975773,Manchester Central,£992.65
Manchester City Council,1011,Chief Executives,Catering,17/02/2025,5105976482,Manchester Central,£992.65
Manchester City Council,1000,Manchester Leisure,Electricity,27/02/2025,1908744991,Haven Power Ltd,£991.89
Manchester City Council,1004,Childrens & Education Services,Foster Payments,19/02/2025,1908736838,Redacted Personal Information,£990.92
Manchester City Council,1004,Childrens & Education Services,Foster Payments,05/02/2025,1908721388,Redacted Personal Information,£990.92
Manchester City Council,1004,Childrens & Education Services,Foster Payments,05/02/2025,1908721389,Redacted Personal Information,£990.92
Manchester City Council,1012,Regeneration Finance,Stationery,19/02/2025,5105974670,Yorkshire Purchasing,£990.43
Manchester City Council,1000,Manchester Leisure,Housing Rents Debit,05/02/2025,1908716133,Redacted Personal Information,£990.32
Manchester City Council,1005,Adult Social Care,Counsel Costs,14/02/2025,1908733256,Redacted Personal Information,£990.00
Manchester City Council,1004,Childrens & Education Services,Third party payments relating to Voluntary Organisations,12/02/2025,1908729248,Redacted Personal Information,£990.00
Manchester City Council,1011,Chief Executives,Printing,12/02/2025,5105975768,PermiServ Limited,£990.00
Manchester City Council,1004,Childrens & Education Services,Foster Payments,19/02/2025,1908736465,Redacted Personal Information,£989.36
Manchester City Council,1004,Childrens & Education Services,Foster Payments,05/02/2025,1908720777,Redacted Personal Information,£989.36
Manchester City Council,1004,Childrens & Education Services,Third party payments relating to Voluntary Organisations,12/02/2025,1908729507,Redacted Personal Information,£988.20
Manchester City Council,1004,Childrens & Education Services,Third party payments relating to Voluntary Organisations,12/02/2025,1908729271,Bristowe Street Playgroup,£988.20
Manchester City Council,1011,Chief Executives,Vehicle Plant Furniture and Equipment,28/02/2025,5105976004,Insight Direct (Uk) Ltd,£987.41
Manchester City Council,1004,Childrens & Education Services,Foster Payments,14/02/2025,1908732792,Redacted Personal Information,£986.90
Manchester City Council,1004,Childrens & Education Services,Foster Payments,19/02/2025,1908736246,Redacted Personal Information,£986.90
Manchester City Council,1000,Manchester Leisure,Removal and Storage of Furniture,14/02/2025,5105974632,Master Moves Ltd,£986.88
Manchester City Council,1013,Highways Services,Tipping - Tonnage,28/02/2025,5105974656,J.Hopkins (Contractors) Ltd.,£986.65
Manchester City Council,1005,Adult Social Care,Agency staff provision,04/02/2025,1908718471,Reed Employment Plc,£986.60
Manchester City Council,1004,Childrens & Education Services,Third party payments relating to Voluntary Organisations,12/02/2025,1908729435,Wythenshawe Community Initiative,£986.40
Manchester City Council,1004,Childrens & Education Services,Third party payments relating to Voluntary Organisations,12/02/2025,1908729459,Brighter Beginnings Rusholme,£986.40
Manchester City Council,1004,Childrens & Education Services,Furniture,18/02/2025,1908734424,VIKING,£985.00
Manchester City Council,1005,Adult Social Care,External repairs and maintenance for buildings,11/02/2025,1908698818,Con-Tech Builders,£985.00
Manchester City Council,1000,Manchester Leisure,Grant Payments,12/02/2025,5105975765,Chartered Trading Standards Inst,£984.60
Manchester City Council,1004,Childrens & Education Services,Third party payments relating to Voluntary Organisations,12/02/2025,1908729571,Redacted Personal Information,£984.60
Manchester City Council,1004,Childrens & Education Services,Third party payments relating to Voluntary Organisations,12/02/2025,1908729431,Redacted Personal Information,£982.80
Manchester City Council,1002,Hospitality + Trading Services,Vehicle Fuel Costs,26/02/2025,5105977589,Standard Fuels Oils,£982.73
Manchester City Council,1004,Childrens & Education Services,Personal needs of client,28/02/2025,5105977470,Bennett Workplace Solutions Ltd,£982.49
Manchester City Council,1000,Manchester Leisure,"Consumable items eg Toilet rolls, soap etc",03/02/2025,1908717678,TRAVELODGE P CARD ONLY,£981.93
Manchester City Council,1007,Corporate Services,I T Provision,28/02/2025,5105976588,Insight Direct (Uk) Ltd,£980.29
Manchester City Council,1007,Corporate Services,I T Provision,28/02/2025,5105976701,Insight Direct (Uk) Ltd,£980.29
Manchester City Council,1004,Childrens & Education Services,Foster Payments,05/02/2025,1908720341,Redacted Personal Information,£980.20
Manchester City Council,1000,Manchester Leisure,External repairs and maintenance for buildings,20/02/2025,5105975622,Keebuilders Uk Ltd,£980.00
Manchester City Council,1007,Corporate Services,Electricity,27/02/2025,1908744680,Haven Power Ltd,£979.40
Manchester City Council,1010,Housing Revenue Account,Council Dwelling Adaptations,25/02/2025,5105974559,Master Moves Ltd,£979.38
Manchester City Council,1004,Childrens & Education Services,Third party payments relating to Voluntary Organisations,12/02/2025,1908729595,Tiny Turtles Day Care Ltd,£979.20
Manchester City Council,1000,Manchester Leisure,Postage,03/02/2025,1908717907,ROYAL MAIL ONLINE SHOP,£977.50
Manchester City Council,1013,Highways Services,Electricity,27/02/2025,1908744670,Haven Power Ltd,£977.08
Manchester City Council,1004,Childrens & Education Services,Foster Payments,19/02/2025,1908736117,Redacted Personal Information,£976.80
Manchester City Council,1004,Childrens & Education Services,Foster Payments,05/02/2025,1908720445,Redacted Personal Information,£976.80
Manchester City Council,1011,Chief Executives,Legal Fees,17/02/2025,1908733513,Warwickshire County Council,£976.78
Manchester City Council,1004,Childrens & Education Services,Third party payments relating to Voluntary Organisations,12/02/2025,1908729531,Little Angels Day Nursery Ltd,£975.60
Manchester City Council,1004,Childrens & Education Services,Training and Development,28/02/2025,5105977560,Soft Adventure Play,£975.00
Manchester City Council,1010,Housing Revenue Account,Vehicle Plant Furniture and Equipment,10/02/2025,5105973606,Omfax Systems Ltd,£975.00
Manchester City Council,1000,Manchester Leisure,Agency staff provision,28/02/2025,5105973986,Handling Equipment Sales LTD,£974.85
Manchester City Council,1004,Childrens & Education Services,Third party payments relating to Voluntary Organisations,12/02/2025,1908729486,Early Inspirations Nursery,£973.80
Manchester City Council,1004,Childrens & Education Services,Third party payments relating to Voluntary Organisations,12/02/2025,1908729558,Noddy's Day Nursery,£973.80
Manchester City Council,1000,Manchester Leisure,"Consumable items eg Toilet rolls, soap etc",13/02/2025,1908730911,TRAVELODGE P CARD ONLY,£972.86
Manchester City Council,1004,Childrens & Education Services,Internal Repairs and Maintenance for buildings,20/02/2025,5105975040,NU3PS,£972.25
Manchester City Council,1004,Childrens & Education Services,Third party payments relating to Voluntary Organisations,12/02/2025,1908729581,SOL Christian Academy,£972.00
Manchester City Council,1007,Corporate Services,Water - Metered,27/02/2025,1908744546,Anglian Water Business (National),£971.74
Manchester City Council,1006,Childrens Services,Apprenticeship Levy,28/02/2025,1908745701,HM Revenue & Customs,£969.26
Manchester City Council,1011,Chief Executives,Legal Fees,27/02/2025,1908745491,Redacted Personal Information,£969.00
Manchester City Council,1002,Hospitality + Trading Services,ClothsUniformLaundry,10/02/2025,5105975172,Arco Group Ltd,£966.15
Manchester City Council,1005,Adult Social Care,I T Provision,28/02/2025,5105977914,Insight Direct (Uk) Ltd,£965.40
Manchester City Council,1004,Childrens & Education Services,Third party payments relating to Voluntary Organisations,12/02/2025,1908729444,Acorn Grove Neighbourhood Nursery,£964.80
Manchester City Council,1004,Childrens & Education Services,Third party payments relating to Voluntary Organisations,12/02/2025,1908729368,Redacted Personal Information,£964.80
Manchester City Council,1004,Childrens & Education Services,Third party payments relating to Voluntary Organisations,12/02/2025,1908729591,Tiddlywinks Day Nursery,£964.80
Manchester City Council,1000,Manchester Leisure,Professional fees,10/02/2025,5105974517,Bennett Workplace Solutions Ltd,£963.99
Manchester City Council,1011,Chief Executives,Legal Fees,17/02/2025,1908733518,Redacted Personal Information,£963.91
Manchester City Council,1004,Childrens & Education Services,Payments for services,05/02/2025,5105973993,Rainbow Behavioural Therapies,£963.90
Manchester City Council,1004,Childrens & Education Services,Third party payments relating to Voluntary Organisations,12/02/2025,1908728542,Redacted Personal Information,£963.70
Manchester City Council,1004,Childrens & Education Services,Electricity,27/02/2025,1908745151,Haven Power Ltd,£963.47
Manchester City Council,1004,Childrens & Education Services,Foster Payments,05/02/2025,1908720681,Redacted Personal Information,£962.90
Manchester City Council,1004,Childrens & Education Services,Foster Payments,19/02/2025,1908736177,Redacted Personal Information,£962.90
Manchester City Council,1004,Childrens & Education Services,Foster Payments,19/02/2025,1908736356,Redacted Personal Information,£962.90
Manchester City Council,1004,Childrens & Education Services,Foster Payments,05/02/2025,1908721236,Redacted Personal Information,£962.90
Manchester City Council,1011,Chief Executives,Counsel Costs,10/02/2025,1908726009,Redacted Personal Information,£961.25
Manchester City Council,1012,Regeneration Finance,Water - Metered,27/02/2025,1908744379,Anglian Water Business (National),£961.21
Manchester City Council,1007,Corporate Services,Electricity,27/02/2025,1908744604,Haven Power Ltd,£960.44
Manchester City Council,1004,Childrens & Education Services,"Consumable items eg Toilet rolls, soap etc",03/02/2025,1908716850,MOSTON LANE APPLIANCES,£960.00
Manchester City Council,1006,Childrens Services,Apprenticeship Levy,28/02/2025,1908745701,HM Revenue & Customs,£959.71
Manchester City Council,1004,Childrens & Education Services,Foster Payments,19/02/2025,1908736485,Redacted Personal Information,£959.56
Manchester City Council,1004,Childrens & Education Services,Foster Payments,05/02/2025,1908720796,Redacted Personal Information,£959.56
Manchester City Council,1006,Childrens Services,Apprenticeship Levy,28/02/2025,1908745701,HM Revenue & Customs,£959.48
Manchester City Council,1000,Manchester Leisure,Water - Metered,27/02/2025,1908744393,Anglian Water Business (National),£958.77
Manchester City Council,1005,Adult Social Care,Agency staff provision,24/02/2025,1908740137,Reed Employment Plc,£957.35
Manchester City Council,1013,Highways Services,Grounds Maintenance,12/02/2025,5105975584,Central Locksmiths,£957.00
Manchester City Council,1000,Manchester Leisure,Bed & Breakfast Acc,03/02/2025,1908716913,TRAVELODGE P CARD ONLY,£956.93
Manchester City Council,1007,Corporate Services,Water - Metered,27/02/2025,1908744520,Anglian Water Business (National),£955.92
Manchester City Council,1004,Childrens & Education Services,Third party payments relating to Voluntary Organisations,12/02/2025,1908729515,Redacted Personal Information,£955.80
Manchester City Council,1004,Childrens & Education Services,Third party payments relating to Voluntary Organisations,12/02/2025,1908729414,Vine Playgroup,£955.80
Manchester City Council,1000,Manchester Leisure,Electricity,27/02/2025,1908745222,Haven Power Ltd,£954.87
Manchester City Council,1012,Regeneration Finance,Gas,27/02/2025,1908744215,SEFE ENERGY Ltd,£952.98
Manchester City Council,1011,Chief Executives,Counsel Costs,27/02/2025,1908745594,18 St John Street Chambers,£950.00
Manchester City Council,1000,Manchester Leisure,"Consumable items eg Toilet rolls, soap etc",13/02/2025,1908730983,REVERB B.V.,£950.00
Manchester City Council,1004,Childrens & Education Services,Professional fees,04/02/2025,5105973807,Term2term Ltd,£950.00
Manchester City Council,1004,Childrens & Education Services,Professional fees,28/02/2025,5105978121,Redacted Personal Information,£950.00
Manchester City Council,1011,Chief Executives,Counsel Costs,26/02/2025,1908742222,Central Chambers,£950.00
Manchester City Council,1004,Childrens & Education Services,Professional fees,21/02/2025,5105977162,Redacted Personal Information,£950.00
Manchester City Council,1004,Childrens & Education Services,Professional fees,28/02/2025,5105977183,Mercure Manchester Piccadilly Hotel,£950.00
Manchester City Council,1011,Chief Executives,Counsel Costs,18/02/2025,1908734446,Central Chambers,£950.00
Manchester City Council,1007,Corporate Services,CRB Fees,10/02/2025,5105974202,Complete Background Screening Ltd,£949.50
Manchester City Council,1000,Manchester Leisure,Agency staff provision,18/02/2025,1908734558,Reed Employment Plc,£949.05
Manchester City Council,1000,Manchester Leisure,Agency staff provision,24/02/2025,1908740137,Reed Employment Plc,£949.04
Manchester City Council,1000,Manchester Leisure,Agency staff provision,10/02/2025,1908726320,Reed Employment Plc,£949.04
Manchester City Council,1004,Childrens & Education Services,Agency staff provision,18/02/2025,1908734558,Reed Employment Plc,£948.06
Manchester City Council,1012,Regeneration Finance,Rents,18/02/2025,1908734711,Redacted Personal Information,£947.96
Manchester City Council,1011,Chief Executives,Agency staff provision,04/02/2025,1908718471,Reed Employment Plc,£947.00
Manchester City Council,1012,Regeneration Finance,"Consumable items eg Toilet rolls, soap etc",03/02/2025,1908717924,SOUTH,£946.90
Manchester City Council,1004,Childrens & Education Services,Third party payments relating to Voluntary Organisations,12/02/2025,1908729252,Redacted Personal Information,£946.80
Manchester City Council,1004,Childrens & Education Services,Third party payments relating to Voluntary Organisations,12/02/2025,1908729448,Redacted Personal Information,£946.80
Manchester City Council,1011,Chief Executives,Legal Fees,14/02/2025,1908733257,Redacted Personal Information,£946.00
Manchester City Council,1000,Manchester Leisure,Professional fees,21/02/2025,5105977123,Wai Yin Society,£945.45
Manchester City Council,1004,Childrens & Education Services,Foster Payments,05/02/2025,1908720678,Redacted Personal Information,£944.48
Manchester City Council,1004,Childrens & Education Services,Foster Payments,19/02/2025,1908736353,Redacted Personal Information,£944.48
Manchester City Council,1004,Childrens & Education Services,Foster Payments,05/02/2025,1908721108,Redacted Personal Information,£942.44
Manchester City Council,1004,Childrens & Education Services,Foster Payments,19/02/2025,1908736789,Redacted Personal Information,£942.44
Manchester City Council,1000,Manchester Leisure,Agency staff provision,04/02/2025,1908718471,Reed Employment Plc,£942.26
Manchester City Council,1007,Corporate Services,WPS Awards,14/02/2025,5105975523,Furniture Resource Centre Ltd,£941.83
Manchester City Council,1004,Childrens & Education Services,Third party payments relating to Voluntary Organisations,12/02/2025,1908729329,Redacted Personal Information,£940.80
Manchester City Council,1011,Chief Executives,Printing,04/02/2025,5105973625,The Purple Company (UK) Ltd,£940.00
Manchester City Council,1007,Corporate Services,Works and associated costs for Land and Buildings,17/02/2025,5105976455,Keelagher Okey Associates Ltd t/a,£940.00
Manchester City Council,1007,Corporate Services,Works and associated costs for Land and Buildings,17/02/2025,5105976456,Keelagher Okey Associates Ltd t/a,£940.00
Manchester City Council,1000,Manchester Leisure,Agency staff provision,10/02/2025,1908726320,Reed Employment Plc,£939.83
Manchester City Council,1004,Childrens & Education Services,Foster Payments,19/02/2025,1908736936,Redacted Personal Information,£939.43
Manchester City Council,1004,Childrens & Education Services,Foster Payments,19/02/2025,1908736833,Redacted Personal Information,£938.42
Manchester City Council,1004,Childrens & Education Services,Foster Payments,05/02/2025,1908721315,Redacted Personal Information,£938.42
Manchester City Council,1004,Childrens & Education Services,Foster Payments,05/02/2025,1908720404,Redacted Personal Information,£938.18
Manchester City Council,1004,Childrens & Education Services,Foster Payments,19/02/2025,1908736084,Redacted Personal Information,£938.18
Manchester City Council,1000,Manchester Leisure,Furniture,07/02/2025,5105974660,Furniture Resource Centre Ltd,£937.53
Manchester City Council,1011,Chief Executives,Professional fees,11/02/2025,1908726946,Expert Psychology Consultancy Ltd,£936.00
Manchester City Council,1011,Chief Executives,Professional fees,11/02/2025,1908726945,Expert Psychology Consultancy Ltd,£936.00
Manchester City Council,1000,Manchester Leisure,Gas,27/02/2025,1908744131,SEFE ENERGY Ltd,£935.52
Manchester City Council,1000,Manchester Leisure,Goods purchased for resale in Council outlets,17/02/2025,1908732622,The Art File,£935.48
Manchester City Council,1007,Corporate Services,Gas,27/02/2025,1908744140,SEFE ENERGY Ltd,£933.17
Manchester City Council,1000,Manchester Leisure,Bed & Breakfast Acc,05/02/2025,5105974304,Redacted Personal Information,£933.00
Manchester City Council,1004,Childrens & Education Services,Third party payments relating to Voluntary Organisations,12/02/2025,1908729500,Redacted Personal Information,£932.40
Manchester City Council,1006,Childrens Services,Apprenticeship Levy,28/02/2025,1908745701,HM Revenue & Customs,£932.28
Manchester City Council,1007,Corporate Services,Electricity,27/02/2025,1908745227,Haven Power Ltd,£931.68
Manchester City Council,1011,Chief Executives,Internal Repairs and Maintenance for buildings,19/02/2025,1908735828,BW SIN454696,£931.32
Manchester City Council,1005,Adult Social Care,Payments for services,14/02/2025,1908733289,Bowland Medical Practice,£931.30
Manchester City Council,1004,Childrens & Education Services,Third party payments relating to Voluntary Organisations,12/02/2025,1908729088,Redacted Personal Information,£930.18
Manchester City Council,1011,Chief Executives,Printing,27/02/2025,5105976871,The Purple Company (UK) Ltd,£930.00
Manchester City Council,1004,Childrens & Education Services,Foster Payments,05/02/2025,1908720663,Redacted Personal Information,£929.20
Manchester City Council,1004,Childrens & Education Services,Foster Payments,19/02/2025,1908736338,Redacted Personal Information,£929.20
Manchester City Council,1005,Adult Social Care,"Consumable items eg Toilet rolls, soap etc",03/02/2025,1908717072,ROOMS4NOW MY-PLACES,£928.60
Manchester City Council,1005,Adult Social Care,"Consumable items eg Toilet rolls, soap etc",03/02/2025,1908717624,ROOMS4NOW MY-PLACES,£928.60
Manchester City Council,1005,Adult Social Care,"Consumable items eg Toilet rolls, soap etc",03/02/2025,1908717358,ROOMS4NOW MY-PLACES,£928.60
Manchester City Council,1004,Childrens & Education Services,Third party payments relating to Voluntary Organisations,12/02/2025,1908729539,Redacted Personal Information,£927.00
Manchester City Council,1004,Childrens & Education Services,Third party payments relating to Voluntary Organisations,12/02/2025,1908729365,Redacted Personal Information,£927.00
Manchester City Council,1004,Childrens & Education Services,Third party payments relating to Voluntary Organisations,12/02/2025,1908729352,Redacted Personal Information,£927.00
Manchester City Council,1004,Childrens & Education Services,Third party payments relating to Voluntary Organisations,12/02/2025,1908729440,Redacted Personal Information,£927.00
Manchester City Council,1007,Corporate Services,Electricity,27/02/2025,1908745074,Haven Power Ltd,£926.47
Manchester City Council,1004,Childrens & Education Services,Foster Payments,19/02/2025,1908736020,Redacted Personal Information,£926.24
Manchester City Council,1004,Childrens & Education Services,Foster Payments,05/02/2025,1908720366,Redacted Personal Information,£926.24
Manchester City Council,1000,Manchester Leisure,Library Materials Acquisition,06/02/2025,1908724306,JCS Online Resources Limited,£926.20
Manchester City Council,1000,Manchester Leisure,Electricity,27/02/2025,1908745226,Haven Power Ltd,£923.55
Manchester City Council,1005,Adult Social Care,External repairs and maintenance for buildings,25/02/2025,5105977419,T F Jones Property Services Ltd,£923.21
Manchester City Council,1004,Childrens & Education Services,Payments for services,27/02/2025,5105977859,Redacted Personal Information,£920.00
Manchester City Council,1004,Childrens & Education Services,Foster Payments,19/02/2025,1908736088,Redacted Personal Information,£920.00
Manchester City Council,1004,Childrens & Education Services,Foster Payments,05/02/2025,1908720409,Redacted Personal Information,£920.00
Manchester City Council,1004,Childrens & Education Services,Foster Payments,05/02/2025,1908720783,Redacted Personal Information,£920.00
Manchester City Council,1004,Childrens & Education Services,Foster Payments,19/02/2025,1908736471,Redacted Personal Information,£920.00
Manchester City Council,1004,Childrens & Education Services,Foster Payments,05/02/2025,1908721215,Redacted Personal Information,£920.00
Manchester City Council,1004,Childrens & Education Services,Foster Payments,19/02/2025,1908736938,Redacted Personal Information,£920.00
Manchester City Council,1004,Childrens & Education Services,Foster Payments,19/02/2025,1908736375,Redacted Personal Information,£920.00
Manchester City Council,1004,Childrens & Education Services,Foster Payments,05/02/2025,1908720762,Redacted Personal Information,£920.00
Manchester City Council,1002,Hospitality + Trading Services,Vehicle Hire Costs,19/02/2025,5105976772,F.R.Sharrock Ltd,£920.00
Manchester City Council,1004,Childrens & Education Services,Foster Payments,19/02/2025,1908736944,Redacted Personal Information,£920.00
Manchester City Council,1004,Childrens & Education Services,Foster Payments,19/02/2025,1908736452,Redacted Personal Information,£920.00
Manchester City Council,1004,Childrens & Education Services,Foster Payments,05/02/2025,1908720448,Redacted Personal Information,£920.00
Manchester City Council,1004,Childrens & Education Services,Foster Payments,05/02/2025,1908720470,Redacted Personal Information,£920.00
Manchester City Council,1004,Childrens & Education Services,Foster Payments,05/02/2025,1908721158,Redacted Personal Information,£920.00
Manchester City Council,1004,Childrens & Education Services,Foster Payments,19/02/2025,1908736142,Redacted Personal Information,£920.00
Manchester City Council,1004,Childrens & Education Services,Foster Payments,05/02/2025,1908721368,Redacted Personal Information,£920.00
Manchester City Council,1004,Childrens & Education Services,Foster Payments,19/02/2025,1908737036,Redacted Personal Information,£920.00
Manchester City Council,1007,Corporate Services,WPS Awards,28/02/2025,5105976649,Furniture Resource Centre Ltd,£918.04
Manchester City Council,1011,Chief Executives,Printing,10/02/2025,5105973952,Signage Print Identity Ltd,£918.00
Manchester City Council,1004,Childrens & Education Services,Payments for services,07/02/2025,5105974805,Staff Resources Ltd,£918.00
Manchester City Council,1004,Childrens & Education Services,Foster Payments,05/02/2025,1908720689,Redacted Personal Information,£918.00
Manchester City Council,1004,Childrens & Education Services,Foster Payments,19/02/2025,1908736364,Redacted Personal Information,£918.00
Manchester City Council,1000,Manchester Leisure,Removal and Storage of Furniture,05/02/2025,5105974337,Master Moves Ltd,£917.09
Manchester City Council,1005,Adult Social Care,Agency staff provision,04/02/2025,1908718471,Reed Employment Plc,£916.44
Manchester City Council,1004,Childrens & Education Services,Foster Payments,05/02/2025,1908720785,Redacted Personal Information,£916.20
Manchester City Council,1004,Childrens & Education Services,Foster Payments,19/02/2025,1908736473,Redacted Personal Information,£916.20
Manchester City Council,1004,Childrens & Education Services,Foster Payments,19/02/2025,1908736197,Redacted Personal Information,£915.86
Manchester City Council,1004,Childrens & Education Services,Foster Payments,05/02/2025,1908720521,Redacted Personal Information,£915.86
Manchester City Council,1004,Childrens & Education Services,Foster Payments,14/02/2025,1908732720,Fostering Solutions,£915.46
Manchester City Council,1005,Adult Social Care,Adult Placements,05/02/2025,1908722316,Redacted Personal Information,£915.20
Manchester City Council,1001,Libraries and Theatres,Vehicle Plant Furniture and Equipment,10/02/2025,5105974072,TFG Stage Technology Ltd,£914.53
Manchester City Council,1007,Corporate Services,Electricity,27/02/2025,1908744651,Haven Power Ltd,£913.49
Manchester City Council,1007,Corporate Services,Licences Purchase,13/02/2025,1908731316,POWERMAPPER,£913.23
Manchester City Council,1012,Regeneration Finance,"Consumable items eg Toilet rolls, soap etc",03/02/2025,1908717090,SOUTH,£912.90
Manchester City Council,1011,Chief Executives,Payments to Sub-Contractors,07/02/2025,5105974676,Redacted Personal Information,£912.28
Manchester City Council,1004,Childrens & Education Services,Foster Payments,05/02/2025,1908720872,Redacted Personal Information,£912.00
Manchester City Council,1004,Childrens & Education Services,I T Provision,11/02/2025,5105975152,Valtech Limited,£912.00
Manchester City Council,1004,Childrens & Education Services,Foster Payments,19/02/2025,1908736560,Redacted Personal Information,£912.00
Manchester City Council,1000,Manchester Leisure,Security,19/02/2025,5105975764,UNIQUE SPECIALIST SERVICES,£910.00
Manchester City Council,1000,Manchester Leisure,Security,26/02/2025,5105976841,UNIQUE SPECIALIST SERVICES,£910.00
Manchester City Council,1000,Manchester Leisure,Security,28/02/2025,5105978155,UNIQUE SPECIALIST SERVICES,£910.00
Manchester City Council,1000,Manchester Leisure,Security,19/02/2025,5105975536,UNIQUE SPECIALIST SERVICES,£910.00
Manchester City Council,1000,Manchester Leisure,Grant and subscriptions awarded,05/02/2025,5105973991,Manchester Communication Academy,£910.00
Manchester City Council,1004,Childrens & Education Services,First Home Grant,21/02/2025,1908726422,Manchester Settlement,£908.99
Manchester City Council,1000,Manchester Leisure,Agency staff provision,24/02/2025,1908740137,Reed Employment Plc,£908.07
Manchester City Council,1004,Childrens & Education Services,Foster Payments,19/02/2025,1908736201,Redacted Personal Information,£906.80
Manchester City Council,1004,Childrens & Education Services,Foster Payments,05/02/2025,1908720525,Redacted Personal Information,£906.80
Manchester City Council,1004,Childrens & Education Services,Foster Payments,19/02/2025,1908736736,Redacted Personal Information,£906.78
Manchester City Council,1004,Childrens & Education Services,Foster Payments,05/02/2025,1908721055,Redacted Personal Information,£906.78
Manchester City Council,1007,Corporate Services,Water - Metered,27/02/2025,1908744334,Anglian Water Business (National),£906.59
Manchester City Council,1010,Housing Revenue Account,Council Dwelling Adaptations,25/02/2025,5105977387,GREEN GRANT INSTALLS,£905.60
Manchester City Council,1000,Manchester Leisure,Grant and subscriptions awarded,20/02/2025,5105976941,Higher Blackley Comm Organisation,£905.58
Manchester City Council,1004,Childrens & Education Services,Foster Payments,19/02/2025,1908736005,Redacted Personal Information,£905.34
Manchester City Council,1004,Childrens & Education Services,Foster Payments,05/02/2025,1908720353,Redacted Personal Information,£905.34
Manchester City Council,1007,Corporate Services,Electricity,27/02/2025,1908745442,Haven Power Ltd,£905.23
Manchester City Council,1013,Highways Services,Vehicle Fuel Costs,28/02/2025,5105978175,Standard Fuels Oils,£905.04
Manchester City Council,1004,Childrens & Education Services,Third party payments relating to Voluntary Organisations,12/02/2025,1908728579,Redacted Personal Information,£905.04
Manchester City Council,1005,Adult Social Care,Counsel Costs,03/02/2025,1908717822,Redacted Personal Information,£905.00
Manchester City Council,1005,Adult Social Care,Counsel Costs,13/02/2025,1908731948,Kings Chambers,£905.00
Manchester City Council,1000,Manchester Leisure,Building Materials for direct delivery,28/02/2025,5105977210,Cromwell Polythene Limited,£905.00
Manchester City Council,1004,Childrens & Education Services,Foster Payments,19/02/2025,1908736942,Redacted Personal Information,£904.20
Manchester City Council,1004,Childrens & Education Services,Foster Payments,05/02/2025,1908721204,Redacted Personal Information,£904.20
Manchester City Council,1004,Childrens & Education Services,Foster Payments,05/02/2025,1908720637,Redacted Personal Information,£904.20
Manchester City Council,1004,Childrens & Education Services,Foster Payments,19/02/2025,1908736313,Redacted Personal Information,£904.20
Manchester City Council,1003,Environment and Operations,Vehicle Plant Furniture and Equipment,28/02/2025,5105975405,XMA Limited,£902.67
Manchester City Council,1004,Childrens & Education Services,Professional fees,10/02/2025,5105974590,ACCOLADE ASSOCIATES LTD,£902.00
Manchester City Council,1000,Manchester Leisure,Agency staff provision,04/02/2025,1908718471,Reed Employment Plc,£901.53
Manchester City Council,1000,Manchester Leisure,"Consumable items eg Toilet rolls, soap etc",03/02/2025,1908716625,TRAVELODGE P CARD ONLY,£900.85
Manchester City Council,1004,Childrens & Education Services,Professional fees,28/02/2025,5105977181,Mercure Manchester Piccadilly Hotel,£900.00
Manchester City Council,1005,Adult Social Care,Professional fees,04/02/2025,5105973795,MJJ Social Care Consulting Ltd,£900.00
Manchester City Council,1004,Childrens & Education Services,Payments for services,05/02/2025,5105974351,SENsational Tutors Ltd,£900.00
Manchester City Council,1011,Chief Executives,Counsel Costs,28/02/2025,1908746087,Central Chambers,£900.00
Manchester City Council,1000,Manchester Leisure,Compensation Payments,25/02/2025,1908740368,Redacted Personal Information,£900.00
Manchester City Council,1000,Manchester Leisure,Special Event,14/02/2025,5105974692,Redacted Personal Information,£900.00
Manchester City Council,1004,Childrens & Education Services,"Consumable items eg Toilet rolls, soap etc",03/02/2025,1908717658,WALL 2 WALL CARPETS,£900.00
Manchester City Council,1012,Regeneration Finance,Professional fees,26/02/2025,5105977590,ACES (Manchester Branch),£900.00
Manchester City Council,1000,Manchester Leisure,Building Materials for direct delivery,17/02/2025,5105975482,Arboricultural Services Treework,£900.00
Manchester City Council,1004,Childrens & Education Services,Professional fees,10/02/2025,5105974057,Families Grow Together,£900.00
Manchester City Council,1005,Adult Social Care,Training and Development,26/02/2025,5105976917,University Of Manchester,£900.00
Manchester City Council,1000,Manchester Leisure,Removal and Storage of Furniture,17/02/2025,5105975678,Master Moves Ltd,£899.93
Manchester City Council,1007,Corporate Services,Agency staff provision,10/02/2025,1908726320,Reed Employment Plc,£899.93
Manchester City Council,1007,Corporate Services,Agency staff provision,04/02/2025,1908718471,Reed Employment Plc,£899.93
Manchester City Council,1007,Corporate Services,Agency staff provision,18/02/2025,1908734558,Reed Employment Plc,£899.93
Manchester City Council,1007,Corporate Services,Agency staff provision,24/02/2025,1908740137,Reed Employment Plc,£899.93
Manchester City Council,1005,Adult Social Care,Adult Placements,05/02/2025,1908722395,Redacted Personal Information,£899.72
Manchester City Council,1004,Childrens & Education Services,Foster Payments,19/02/2025,1908736193,Redacted Personal Information,£899.40
Manchester City Council,1004,Childrens & Education Services,Foster Payments,05/02/2025,1908720517,Redacted Personal Information,£899.40
Manchester City Council,1012,Regeneration Finance,Water - Metered,27/02/2025,1908744366,Anglian Water Business (National),£898.78
Manchester City Council,1004,Childrens & Education Services,Foster Payments,19/02/2025,1908736454,Redacted Personal Information,£898.40
Manchester City Council,1004,Childrens & Education Services,Foster Payments,05/02/2025,1908720765,Redacted Personal Information,£898.40
Manchester City Council,1004,Childrens & Education Services,Foster Payments,05/02/2025,1908720836,Redacted Personal Information,£897.78
Manchester City Council,1004,Childrens & Education Services,Foster Payments,19/02/2025,1908736524,Redacted Personal Information,£897.78
Manchester City Council,1000,Manchester Leisure,I T Provision,17/02/2025,5105976352,Cleardata,£897.72
Manchester City Council,1004,Childrens & Education Services,Foster Payments,05/02/2025,1908720354,Redacted Personal Information,£896.60
Manchester City Council,1004,Childrens & Education Services,Foster Payments,19/02/2025,1908736006,Redacted Personal Information,£896.60
Manchester City Council,1004,Childrens & Education Services,Foster Payments,05/02/2025,1908721024,Redacted Personal Information,£896.10
Manchester City Council,1004,Childrens & Education Services,Foster Payments,19/02/2025,1908736704,Redacted Personal Information,£896.10
Manchester City Council,1004,Childrens & Education Services,Foster Payments,19/02/2025,1908736792,Redacted Personal Information,£896.00
Manchester City Council,1004,Childrens & Education Services,Foster Payments,05/02/2025,1908721115,Redacted Personal Information,£896.00
Manchester City Council,1004,Childrens & Education Services,Foster Payments,05/02/2025,1908721111,Redacted Personal Information,£896.00
Manchester City Council,1004,Childrens & Education Services,Foster Payments,05/02/2025,1908720338,Redacted Personal Information,£896.00
Manchester City Council,1004,Childrens & Education Services,Foster Payments,05/02/2025,1908721142,Redacted Personal Information,£896.00
Manchester City Council,1004,Childrens & Education Services,Foster Payments,19/02/2025,1908736828,Redacted Personal Information,£896.00
Manchester City Council,1004,Childrens & Education Services,Foster Payments,19/02/2025,1908736796,Redacted Personal Information,£896.00
Manchester City Council,1004,Childrens & Education Services,Foster Payments,19/02/2025,1908736260,Redacted Personal Information,£895.66
Manchester City Council,1004,Childrens & Education Services,Foster Payments,05/02/2025,1908720586,Redacted Personal Information,£895.66
Manchester City Council,1013,Highways Services,Vehicle Fuel Costs,17/02/2025,5105975532,Standard Fuels Oils,£895.20
Manchester City Council,1000,Manchester Leisure,Electricity,27/02/2025,1908745449,Haven Power Ltd,£892.33
Manchester City Council,1000,Manchester Leisure,Electricity,27/02/2025,1908745448,Haven Power Ltd,£892.33
Manchester City Council,1005,Adult Social Care,Equipment,07/02/2025,5105974846,Orbis Protect Ltd,£891.30
Manchester City Council,1002,Hospitality + Trading Services,Electricity,27/02/2025,1908744596,Haven Power Ltd,£890.67
Manchester City Council,1011,Chief Executives,Counsel Costs,13/02/2025,1908731830,18 St John Street Chambers,£890.00
Manchester City Council,1011,Chief Executives,Counsel Costs,07/02/2025,1908725534,18 St John Street Chambers,£890.00
Manchester City Council,1004,Childrens & Education Services,Foster Payments,19/02/2025,1908736600,Redacted Personal Information,£886.90
Manchester City Council,1004,Childrens & Education Services,Foster Payments,05/02/2025,1908720910,Redacted Personal Information,£886.90
Manchester City Council,1004,Childrens & Education Services,Foster Payments,19/02/2025,1908736182,Redacted Personal Information,£886.90
Manchester City Council,1004,Childrens & Education Services,Foster Payments,05/02/2025,1908720507,Redacted Personal Information,£886.90
Manchester City Council,1000,Manchester Leisure,GRIR,28/02/2025,5105977992,Mettler-Toledo Ltd,£886.00
Manchester City Council,1012,Regeneration Finance,Home Care ,18/02/2025,1908734362,Redacted Personal Information,£885.00
Manchester City Council,1012,Regeneration Finance,Home Care ,18/02/2025,1908734398,Tinytots Vision Ltd,£885.00
Manchester City Council,1000,Manchester Leisure,Legal Fees,03/02/2025,1908717760,PD Law Solicitors,£884.58
Manchester City Council,1004,Childrens & Education Services,Foster Payments,19/02/2025,1908736486,Redacted Personal Information,£883.90
Manchester City Council,1004,Childrens & Education Services,Foster Payments,05/02/2025,1908720797,Redacted Personal Information,£883.90
Manchester City Council,1011,Chief Executives,Printing,17/02/2025,5105975960,Geiger Limited,£882.40
Manchester City Council,1004,Childrens & Education Services,Foster Payments,05/02/2025,1908721312,Redacted Personal Information,£882.28
Manchester City Council,1000,Manchester Leisure,Agency staff provision,24/02/2025,1908740137,Reed Employment Plc,£882.00
Manchester City Council,1004,Childrens & Education Services,Foster Payments,19/02/2025,1908736940,Redacted Personal Information,£880.71
Manchester City Council,1000,Manchester Leisure,Supporting People Payments,03/02/2025,5105973590,St Margarets C.E Primary School,£880.00
Manchester City Council,1007,Corporate Services,Gas,27/02/2025,1908744165,SEFE ENERGY Ltd,£879.97
Manchester City Council,1000,Manchester Leisure,Rents,28/02/2025,5105977970,Haynes Property Management,£879.91
Manchester City Council,1004,Childrens & Education Services,Payments for services,07/02/2025,5105974812,Staff Resources Ltd,£879.75
Manchester City Council,1000,Manchester Leisure,Rents,19/02/2025,5105976645,Haynes Property Management,£879.22
Manchester City Council,1004,Childrens & Education Services,Foster Payments,19/02/2025,1908736217,Redacted Personal Information,£878.70
Manchester City Council,1004,Childrens & Education Services,Foster Payments,05/02/2025,1908720542,Redacted Personal Information,£878.70
Manchester City Council,1004,Childrens & Education Services,Water - Metered,27/02/2025,1908744515,Anglian Water Business (National),£877.91
Manchester City Council,1004,Childrens & Education Services,Foster Payments,21/02/2025,1908738960,Redacted Personal Information,£876.75
Manchester City Council,1011,Chief Executives,Counsel Costs,27/02/2025,1908745586,Redacted Personal Information,£875.00
Manchester City Council,1012,Regeneration Finance,Electricity,27/02/2025,1908745362,Haven Power Ltd,£874.55
Manchester City Council,1010,Housing Revenue Account,Council Dwelling Adaptations,12/02/2025,5105975500,Master Moves Ltd,£874.43
Manchester City Council,1000,Manchester Leisure,Electricity,27/02/2025,1908745044,Haven Power Ltd,£874.31
Manchester City Council,1007,Corporate Services,WPS Awards,28/02/2025,5105978136,Furniture Resource Centre Ltd,£871.06
Manchester City Council,1004,Childrens & Education Services,Foster Payments,19/02/2025,1908736482,Redacted Personal Information,£870.00
Manchester City Council,1004,Childrens & Education Services,Foster Payments,05/02/2025,1908720778,Redacted Personal Information,£870.00
Manchester City Council,1004,Childrens & Education Services,Foster Payments,05/02/2025,1908720755,Redacted Personal Information,£870.00
Manchester City Council,1004,Childrens & Education Services,Foster Payments,19/02/2025,1908736466,Redacted Personal Information,£870.00
Manchester City Council,1004,Childrens & Education Services,Foster Payments,05/02/2025,1908720907,Redacted Personal Information,£870.00
Manchester City Council,1004,Childrens & Education Services,Foster Payments,05/02/2025,1908721032,Redacted Personal Information,£870.00
Manchester City Council,1004,Childrens & Education Services,Foster Payments,05/02/2025,1908720458,Redacted Personal Information,£870.00
Manchester City Council,1004,Childrens & Education Services,Foster Payments,19/02/2025,1908736690,Redacted Personal Information,£870.00
Manchester City Council,1004,Childrens & Education Services,Foster Payments,05/02/2025,1908721009,Redacted Personal Information,£870.00
Manchester City Council,1004,Childrens & Education Services,Foster Payments,19/02/2025,1908736712,Redacted Personal Information,£870.00
Manchester City Council,1004,Childrens & Education Services,Foster Payments,19/02/2025,1908736538,Redacted Personal Information,£870.00
Manchester City Council,1011,Chief Executives,Counsel Costs,12/02/2025,1908728413,18 St John Street Chambers,£870.00
Manchester City Council,1004,Childrens & Education Services,Foster Payments,05/02/2025,1908720851,Redacted Personal Information,£870.00
Manchester City Council,1004,Childrens & Education Services,Foster Payments,19/02/2025,1908736781,Redacted Personal Information,£870.00
Manchester City Council,1004,Childrens & Education Services,Foster Payments,05/02/2025,1908720793,Redacted Personal Information,£870.00
Manchester City Council,1004,Childrens & Education Services,Foster Payments,19/02/2025,1908736129,Redacted Personal Information,£870.00
Manchester City Council,1004,Childrens & Education Services,Foster Payments,05/02/2025,1908721167,Redacted Personal Information,£870.00
Manchester City Council,1004,Childrens & Education Services,Foster Payments,19/02/2025,1908736949,Redacted Personal Information,£870.00
Manchester City Council,1004,Childrens & Education Services,Foster Payments,05/02/2025,1908720969,Redacted Personal Information,£870.00
Manchester City Council,1004,Childrens & Education Services,Foster Payments,19/02/2025,1908736652,Redacted Personal Information,£870.00
Manchester City Council,1004,Childrens & Education Services,Foster Payments,05/02/2025,1908720975,Redacted Personal Information,£870.00
Manchester City Council,1004,Childrens & Education Services,Foster Payments,19/02/2025,1908736235,Redacted Personal Information,£870.00
Manchester City Council,1004,Childrens & Education Services,Foster Payments,05/02/2025,1908720562,Redacted Personal Information,£870.00
Manchester City Council,1004,Childrens & Education Services,Foster Payments,19/02/2025,1908736658,Redacted Personal Information,£870.00
Manchester City Council,1004,Childrens & Education Services,Foster Payments,05/02/2025,1908721101,Redacted Personal Information,£870.00
Manchester City Council,1004,Childrens & Education Services,Foster Payments,19/02/2025,1908736481,Redacted Personal Information,£870.00
Manchester City Council,1004,Childrens & Education Services,Foster Payments,19/02/2025,1908736154,Redacted Personal Information,£870.00
Manchester City Council,1004,Childrens & Education Services,Foster Payments,19/02/2025,1908736444,Redacted Personal Information,£870.00
Manchester City Council,1004,Childrens & Education Services,Foster Payments,05/02/2025,1908721205,Redacted Personal Information,£870.00
Manchester City Council,1004,Childrens & Education Services,Foster Payments,19/02/2025,1908736597,Redacted Personal Information,£870.00
Manchester City Council,1004,Childrens & Education Services,Foster Payments,05/02/2025,1908720479,Redacted Personal Information,£870.00
Manchester City Council,1007,Corporate Services,Grant Payments,18/02/2025,5105974751,Finastra,£869.60
Manchester City Council,1004,Childrens & Education Services,Foster Payments,19/02/2025,1908736947,Redacted Personal Information,£869.46
Manchester City Council,1004,Childrens & Education Services,Foster Payments,05/02/2025,1908721191,Redacted Personal Information,£869.46
Manchester City Council,1007,Corporate Services,Cleaning Equipment and Materials,20/02/2025,5105976988,Alliance Disposables Ltd,£869.26
Manchester City Council,1004,Childrens & Education Services,Foster Payments,05/02/2025,1908721311,Redacted Personal Information,£868.80
Manchester City Council,1004,Childrens & Education Services,Foster Payments,19/02/2025,1908736595,Redacted Personal Information,£868.80
Manchester City Council,1004,Childrens & Education Services,Foster Payments,05/02/2025,1908720904,Redacted Personal Information,£868.80
Manchester City Council,1004,Childrens & Education Services,Foster Payments,19/02/2025,1908736563,Redacted Personal Information,£868.80
Manchester City Council,1004,Childrens & Education Services,Foster Payments,05/02/2025,1908720461,Redacted Personal Information,£868.80
Manchester City Council,1004,Childrens & Education Services,Foster Payments,19/02/2025,1908736133,Redacted Personal Information,£868.80
Manchester City Council,1004,Childrens & Education Services,Foster Payments,05/02/2025,1908720536,Redacted Personal Information,£867.96
Manchester City Council,1004,Childrens & Education Services,Foster Payments,19/02/2025,1908736211,Redacted Personal Information,£867.96
Manchester City Council,1006,Childrens Services,Apprenticeship Levy,28/02/2025,1908745701,HM Revenue & Customs,£865.30
Manchester City Council,1012,Regeneration Finance,External repairs and maintenance for buildings,24/02/2025,1908738760,Capricorn Media Protection Ltd,£864.00
Manchester City Council,1011,Chief Executives,Payments to Sub-Contractors,07/02/2025,5105974680,Redacted Personal Information,£863.60
Manchester City Council,1007,Corporate Services,Gas,27/02/2025,1908744134,SEFE ENERGY Ltd,£863.28
Manchester City Council,1012,Regeneration Finance,Furniture,06/02/2025,5105974079,Oasis UK formerly Box-It (NW),£863.21
Manchester City Council,1000,Manchester Leisure,Furniture,17/02/2025,5105976373,Rtech Group Limited,£862.50
Manchester City Council,1004,Childrens & Education Services,Foster Payments,05/02/2025,1908720570,Redacted Personal Information,£862.02
Manchester City Council,1004,Childrens & Education Services,Foster Payments,19/02/2025,1908736243,Redacted Personal Information,£862.02
Manchester City Council,1005,Adult Social Care,Equipment,10/02/2025,5105974848,Orbis Protect Ltd,£861.30
Manchester City Council,1000,Manchester Leisure,Refuse Collection,28/02/2025,5105975350,Redgate Holdings Ltd,£860.00
Manchester City Council,1004,Childrens & Education Services,Residential Care Homes Payments,28/02/2025,1908746083,GS Social Care Solutions Ltd,£860.00
Manchester City Council,1005,Adult Social Care,Professional fees,06/02/2025,5105974506,Lower Hey Boarding Kennels,£860.00
Manchester City Council,1004,Childrens & Education Services,Professional fees,13/02/2025,5105974814,One Education Ltd,£860.00
Manchester City Council,1007,Corporate Services,Gas,27/02/2025,1908744230,SEFE ENERGY Ltd,£859.88
Manchester City Council,1004,Childrens & Education Services,Foster Payments,05/02/2025,1908720545,Redacted Personal Information,£859.86
Manchester City Council,1004,Childrens & Education Services,Foster Payments,19/02/2025,1908736220,Redacted Personal Information,£859.86
Manchester City Council,1012,Regeneration Finance,Professional fees,25/02/2025,5105976436,Drees & Sommer UK Limited,£858.78
Manchester City Council,1013,Highways Services,Building Materials for direct delivery,28/02/2025,5105978101,Wolseley Util Ltd T/A Burdens,£858.36
Manchester City Council,1004,Childrens & Education Services,Foster Payments,05/02/2025,1908720684,Redacted Personal Information,£857.40
Manchester City Council,1004,Childrens & Education Services,Foster Payments,19/02/2025,1908736914,Redacted Personal Information,£857.40
Manchester City Council,1004,Childrens & Education Services,Furniture,28/02/2025,5105978013,Bennett Workplace Solutions Ltd,£857.40
Manchester City Council,1013,Highways Services,Agency staff provision,04/02/2025,1908718471,Reed Employment Plc,£857.21
Manchester City Council,1012,Regeneration Finance,Gas,27/02/2025,1908744241,SEFE ENERGY Ltd,£856.91
Manchester City Council,1000,Manchester Leisure,Special Event,06/02/2025,5105974243,PPL PRS Limited,£855.84
Manchester City Council,1004,Childrens & Education Services,Foster Payments,05/02/2025,1908721310,Redacted Personal Information,£854.57
Manchester City Council,1006,Childrens Services,Apprenticeship Levy,28/02/2025,1908745701,HM Revenue & Customs,£852.71
Manchester City Council,1004,Childrens & Education Services,Foster Payments,19/02/2025,1908736326,Redacted Personal Information,£851.82
Manchester City Council,1004,Childrens & Education Services,Foster Payments,05/02/2025,1908720651,Redacted Personal Information,£851.82
Manchester City Council,1011,Chief Executives,General Office expenses,06/02/2025,1908723622,Speed Couriers (Northern) Ltd,£850.91
Manchester City Council,1007,Corporate Services,Licences Purchase,28/02/2025,5105977602,Sap (Uk) Ltd,£850.83
Manchester City Council,1000,Manchester Leisure,Subsistence and Conference Expenses,12/02/2025,5105975630,Greater Manchester Immigration Aid,£850.00
Manchester City Council,1005,Adult Social Care,Legal Fees,27/02/2025,1908745496,DEANS COURT CHAMBERS,£850.00
Manchester City Council,1005,Adult Social Care,Training and Development,28/02/2025,5105977731,Disabled Living,£850.00
Manchester City Council,1000,Manchester Leisure,Supporting People Payments,25/02/2025,5105977486,Chorlton Park Primary School,£850.00
Manchester City Council,1011,Chief Executives,Legal Fees,26/02/2025,1908742219,Redacted Personal Information,£850.00
Manchester City Council,1005,Adult Social Care,Training and Development,28/02/2025,5105977688,Disabled Living,£850.00
Manchester City Council,1000,Manchester Leisure,Subsistence and Conference Expenses,12/02/2025,5105975571,CHAWREC,£850.00
Manchester City Council,1011,Chief Executives,Counsel Costs,11/02/2025,1908726942,Central Chambers,£850.00
Manchester City Council,1000,Manchester Leisure,Subsistence and Conference Expenses,14/02/2025,1908732609,Preston City of Sanctuary,£850.00
Manchester City Council,1005,Adult Social Care,Training and Development,25/02/2025,5105976691,Disabled Living,£850.00
Manchester City Council,1011,Chief Executives,Counsel Costs,14/02/2025,1908733263,Redacted Personal Information,£850.00
Manchester City Council,1011,Chief Executives,Counsel Costs,12/02/2025,1908729669,Redacted Personal Information,£850.00
Manchester City Council,1004,Childrens & Education Services,Foster Payments,21/02/2025,1908738951,Fostering Solutions,£848.34
Manchester City Council,1007,Corporate Services,WPS Awards,28/02/2025,5105975509,Furniture Resource Centre Ltd,£848.22
Manchester City Council,1007,Corporate Services,WPS Awards,24/02/2025,5105977108,Furniture Resource Centre Ltd,£848.22
Manchester City Council,1007,Corporate Services,WPS Awards,28/02/2025,5105976595,Furniture Resource Centre Ltd,£848.22
Manchester City Council,1007,Corporate Services,WPS Awards,10/02/2025,5105974948,Furniture Resource Centre Ltd,£848.22
Manchester City Council,1007,Corporate Services,WPS Awards,17/02/2025,5105976015,Furniture Resource Centre Ltd,£848.22
Manchester City Council,1007,Corporate Services,WPS Awards,19/02/2025,5105976032,Furniture Resource Centre Ltd,£848.22
Manchester City Council,1000,Manchester Leisure,Refuse Collection,17/02/2025,5105975566,GTS Steam Cleaners,£848.00
Manchester City Council,1004,Childrens & Education Services,Third party payments relating to Voluntary Organisations,12/02/2025,1908729402,Redacted Personal Information,£846.40
Manchester City Council,1004,Childrens & Education Services,"Consumable items eg Toilet rolls, soap etc",03/02/2025,1908717605,CT BROOK ACCOMODATION,£846.00
Manchester City Council,1000,Manchester Leisure,Gas,27/02/2025,1908744138,SEFE ENERGY Ltd,£845.17
Manchester City Council,1000,Manchester Leisure,Grant and subscriptions awarded,28/02/2025,5105977767,4CT Limited,£845.00
Manchester City Council,1007,Corporate Services,Equipment,03/02/2025,1908717051,AO RETAIL LIMITED,£844.99
Manchester City Council,1004,Childrens & Education Services,Foster Payments,05/02/2025,1908721119,Redacted Personal Information,£842.00
Manchester City Council,1004,Childrens & Education Services,Foster Payments,19/02/2025,1908736800,Redacted Personal Information,£842.00
Manchester City Council,1000,Manchester Leisure,Library Materials Acquisition,11/02/2025,1908727052,Dandy Booksellers,£840.75
Manchester City Council,1004,Childrens & Education Services,Foster Payments,05/02/2025,1908720993,Redacted Personal Information,£840.58
Manchester City Council,1004,Childrens & Education Services,Foster Payments,19/02/2025,1908736676,Redacted Personal Information,£840.58
Manchester City Council,1000,Manchester Leisure,Electricity,27/02/2025,1908745266,Haven Power Ltd,£840.37
Manchester City Council,1000,Manchester Leisure,Special Event,10/02/2025,5105974640,Chevron Traffic Management Ltd,£840.00
Manchester City Council,1004,Childrens & Education Services,Payments for services,11/02/2025,5105975082,Redacted Personal Information,£840.00
Manchester City Council,1000,Manchester Leisure,Rents,11/02/2025,5105974132,Dira Property Management,£840.00
Manchester City Council,1007,Corporate Services,Furniture,20/02/2025,5105976977,H Jenkinson & Co Ltd.,£840.00
Manchester City Council,1000,Manchester Leisure,Rents,13/02/2025,5105976029,Grovewell Properties LTD,£840.00
Manchester City Council,1000,Manchester Leisure,Rents,13/02/2025,5105976026,Grovewell Properties LTD,£840.00
Manchester City Council,1000,Manchester Leisure,Special Event,10/02/2025,5105974636,Chevron Traffic Management Ltd,£840.00
Manchester City Council,1005,Adult Social Care,Payments for services,14/02/2025,1908733290,Dr C Y Ngan & Dr K P Chan,£839.90
Manchester City Council,1011,Chief Executives,Legal Fees,27/02/2025,1908745579,Redacted Personal Information,£837.50
Manchester City Council,1005,Adult Social Care,Payments for services,12/02/2025,1908729683,Boots UK Ltd,£836.79
Manchester City Council,1004,Childrens & Education Services,Foster Payments,19/02/2025,1908736550,Redacted Personal Information,£836.10
Manchester City Council,1004,Childrens & Education Services,Foster Payments,05/02/2025,1908720863,Redacted Personal Information,£836.10
Manchester City Council,1004,Childrens & Education Services,Foster Payments,05/02/2025,1908721030,Redacted Personal Information,£836.10
Manchester City Council,1004,Childrens & Education Services,Foster Payments,19/02/2025,1908736709,Redacted Personal Information,£836.10
Manchester City Council,1004,Childrens & Education Services,Foster Payments,14/02/2025,1908732721,Fostering Solutions,£835.38
Manchester City Council,1000,Manchester Leisure,Electricity,27/02/2025,1908745476,Npower,£835.16
Manchester City Council,1000,Manchester Leisure,Electricity,28/02/2025,5105973944,Switch2 Energey Limited,£834.77
Manchester City Council,1004,Childrens & Education Services,Foster Payments,14/02/2025,1908732722,The National Fostering Agency Ltd,£834.47
Manchester City Council,1004,Childrens & Education Services,Foster Payments,05/02/2025,1908720342,Redacted Personal Information,£833.80
Manchester City Council,1004,Childrens & Education Services,Professional fees,28/02/2025,5105973840,Mercure Manchester Piccadilly Hotel,£833.33
Manchester City Council,1004,Childrens & Education Services,Professional fees,28/02/2025,5105973839,Mercure Manchester Piccadilly Hotel,£833.33
Manchester City Council,1004,Childrens & Education Services,Subsistence and Conference Expenses,12/02/2025,5105975550,Diversity Travel Ltd,£833.20
Manchester City Council,1004,Childrens & Education Services,I T Provision,17/02/2025,5105975461,Thriiver Limited,£831.00
Manchester City Council,1006,Childrens Services,Apprenticeship Levy,28/02/2025,1908745701,HM Revenue & Customs,£830.32
Manchester City Council,1004,Childrens & Education Services,Foster Payments,05/02/2025,1908720869,Redacted Personal Information,£829.14
Manchester City Council,1004,Childrens & Education Services,Foster Payments,19/02/2025,1908736557,Redacted Personal Information,£829.14
Manchester City Council,1005,Adult Social Care,External repairs and maintenance for buildings,11/02/2025,5105975169,T F Jones Property Services Ltd,£828.52
Manchester City Council,1000,Manchester Leisure,Professional fees,19/02/2025,5105976686,Redacted Personal Information,£828.42
Manchester City Council,1002,Hospitality + Trading Services,Vehicle Hire Costs,28/02/2025,5105974513,F.R.Sharrock Ltd,£828.00
Manchester City Council,1006,Childrens Services,Apprenticeship Levy,28/02/2025,1908745701,HM Revenue & Customs,£827.47
Manchester City Council,1011,Chief Executives,Legal Fees,17/02/2025,1908733539,Redacted Personal Information,£827.45
Manchester City Council,1000,Manchester Leisure,"Consumable items eg Toilet rolls, soap etc",13/02/2025,1908730865,TRAVELODGE P CARD ONLY,£827.14
Manchester City Council,1005,Adult Social Care,Payments for services,12/02/2025,1908729682,Boots UK Ltd,£826.54
Manchester City Council,1007,Corporate Services,Security,10/02/2025,5105973845,MITIE SECURITY LIMITED,£826.39
Manchester City Council,1006,Childrens Services,Apprenticeship Levy,28/02/2025,1908745701,HM Revenue & Customs,£826.09
Manchester City Council,1004,Childrens & Education Services,"Consumable items eg Toilet rolls, soap etc",03/02/2025,1908717341,CT BROOK ACCOMODATION,£826.00
Manchester City Council,1007,Corporate Services,Electricity,27/02/2025,1908745441,Haven Power Ltd,£825.54
Manchester City Council,1004,Childrens & Education Services,Third party payments relating to Voluntary Organisations,12/02/2025,1908729580,Redacted Personal Information,£825.24
Manchester City Council,1012,Regeneration Finance,Home Care ,18/02/2025,1908734411,Redacted Personal Information,£825.00
Manchester City Council,1012,Regeneration Finance,CRB Fees,19/02/2025,5105976440,Complete Background Screening Ltd,£825.00
Manchester City Council,1000,Manchester Leisure,Agency staff provision,18/02/2025,1908734558,Reed Employment Plc,£823.67
Manchester City Council,1011,Chief Executives,Subsistence and Conference Expenses,12/02/2025,5105975549,Diversity Travel Ltd,£823.63
Manchester City Council,1000,Manchester Leisure,Hire of Equipment,14/02/2025,5105975400,Flowbird Smart City Uk Ltd,£822.25
Manchester City Council,1004,Childrens & Education Services,Foster Payments,05/02/2025,1908721183,Redacted Personal Information,£822.00
Manchester City Council,1004,Childrens & Education Services,Foster Payments,05/02/2025,1908720410,Redacted Personal Information,£822.00
Manchester City Council,1004,Childrens & Education Services,Foster Payments,05/02/2025,1908721285,Redacted Personal Information,£822.00
Manchester City Council,1004,Childrens & Education Services,Foster Payments,19/02/2025,1908736463,Redacted Personal Information,£822.00
Manchester City Council,1004,Childrens & Education Services,Foster Payments,19/02/2025,1908736089,Redacted Personal Information,£822.00
Manchester City Council,1004,Childrens & Education Services,Foster Payments,05/02/2025,1908720775,Redacted Personal Information,£822.00
Manchester City Council,1004,Childrens & Education Services,Foster Payments,05/02/2025,1908720428,Redacted Personal Information,£822.00
Manchester City Council,1004,Childrens & Education Services,Foster Payments,19/02/2025,1908736955,Redacted Personal Information,£822.00
Manchester City Council,1004,Childrens & Education Services,Foster Payments,19/02/2025,1908736101,Redacted Personal Information,£822.00
Manchester City Council,1004,Childrens & Education Services,Foster Payments,19/02/2025,1908736542,Redacted Personal Information,£822.00
Manchester City Council,1004,Childrens & Education Services,Foster Payments,19/02/2025,1908736952,Redacted Personal Information,£822.00
Manchester City Council,1004,Childrens & Education Services,Foster Payments,05/02/2025,1908721195,Redacted Personal Information,£822.00
Manchester City Council,1004,Childrens & Education Services,Foster Payments,05/02/2025,1908720855,Redacted Personal Information,£822.00
Manchester City Council,1004,Childrens & Education Services,Foster Payments,19/02/2025,1908736953,Redacted Personal Information,£822.00
Manchester City Council,1004,Childrens & Education Services,Foster Payments,19/02/2025,1908736011,Redacted Personal Information,£822.00
Manchester City Council,1004,Childrens & Education Services,Foster Payments,19/02/2025,1908736586,Redacted Personal Information,£822.00
Manchester City Council,1004,Childrens & Education Services,Foster Payments,19/02/2025,1908736956,Redacted Personal Information,£822.00
Manchester City Council,1004,Childrens & Education Services,Foster Payments,19/02/2025,1908736421,Redacted Personal Information,£822.00
Manchester City Council,1004,Childrens & Education Services,Foster Payments,05/02/2025,1908721283,Redacted Personal Information,£822.00
Manchester City Council,1004,Childrens & Education Services,Foster Payments,05/02/2025,1908721282,Redacted Personal Information,£822.00
Manchester City Council,1004,Childrens & Education Services,Foster Payments,19/02/2025,1908736381,Redacted Personal Information,£822.00
Manchester City Council,1004,Childrens & Education Services,Foster Payments,05/02/2025,1908721284,Redacted Personal Information,£822.00
Manchester City Council,1004,Childrens & Education Services,Foster Payments,05/02/2025,1908720706,Redacted Personal Information,£822.00
Manchester City Council,1004,Childrens & Education Services,Foster Payments,19/02/2025,1908736388,Redacted Personal Information,£822.00
Manchester City Council,1004,Childrens & Education Services,Foster Payments,05/02/2025,1908721178,Redacted Personal Information,£822.00
Manchester City Council,1004,Childrens & Education Services,Foster Payments,05/02/2025,1908720358,Redacted Personal Information,£822.00
Manchester City Council,1004,Childrens & Education Services,Foster Payments,05/02/2025,1908720701,Redacted Personal Information,£822.00
Manchester City Council,1004,Childrens & Education Services,Foster Payments,05/02/2025,1908721281,Redacted Personal Information,£822.00
Manchester City Council,1004,Childrens & Education Services,Foster Payments,19/02/2025,1908736378,Redacted Personal Information,£822.00
Manchester City Council,1004,Childrens & Education Services,Foster Payments,19/02/2025,1908736086,Redacted Personal Information,£822.00
Manchester City Council,1004,Childrens & Education Services,Foster Payments,05/02/2025,1908720407,Redacted Personal Information,£822.00
Manchester City Council,1004,Childrens & Education Services,Foster Payments,20/02/2025,1908737828,Redacted Personal Information,£821.86
Manchester City Council,1004,Childrens & Education Services,Foster Payments,20/02/2025,1908737829,Redacted Personal Information,£821.86
Manchester City Council,1002,Hospitality + Trading Services,Machinery and equipment repairs,20/02/2025,5105975962,GGM Group Ltd,£820.96
Manchester City Council,1000,Manchester Leisure,"Consumable items eg Toilet rolls, soap etc",13/02/2025,1908730464,TRAVELODGE P CARD ONLY,£820.93
Manchester City Council,1013,Highways Services,"Consumable items eg Toilet rolls, soap etc",13/02/2025,1908730901,BHF SHOPS LTD,£820.83
Manchester City Council,1011,Chief Executives,Printing,13/02/2025,5105975891,Tangent Print service,£820.00
Manchester City Council,1004,Childrens & Education Services,Foster Payments,19/02/2025,1908736026,Redacted Personal Information,£819.40
Manchester City Council,1004,Childrens & Education Services,Foster Payments,05/02/2025,1908720372,Redacted Personal Information,£819.40
Manchester City Council,1004,Childrens & Education Services,Foster Payments,05/02/2025,1908721279,Redacted Personal Information,£819.20
Manchester City Council,1004,Childrens & Education Services,Foster Payments,19/02/2025,1908736442,Redacted Personal Information,£819.20
Manchester City Council,1002,Hospitality + Trading Services,Agency staff provision,24/02/2025,1908740137,Reed Employment Plc,£819.19
Manchester City Council,1004,Childrens & Education Services,Foster Payments,19/02/2025,1908736255,Redacted Personal Information,£818.80
Manchester City Council,1004,Childrens & Education Services,Foster Payments,05/02/2025,1908720966,Redacted Personal Information,£818.80
Manchester City Council,1004,Childrens & Education Services,Foster Payments,05/02/2025,1908721278,Redacted Personal Information,£818.80
Manchester City Council,1004,Childrens & Education Services,Foster Payments,19/02/2025,1908736447,Redacted Personal Information,£818.80
Manchester City Council,1004,Childrens & Education Services,Foster Payments,05/02/2025,1908720758,Redacted Personal Information,£818.80
Manchester City Council,1004,Childrens & Education Services,Foster Payments,05/02/2025,1908720580,Redacted Personal Information,£818.80
Manchester City Council,1004,Childrens & Education Services,Foster Payments,19/02/2025,1908736650,Redacted Personal Information,£818.80
Manchester City Council,1006,Childrens Services,Apprenticeship Levy,28/02/2025,1908745701,HM Revenue & Customs,£817.84
Manchester City Council,1005,Adult Social Care,Equipment,21/02/2025,5105976202,Lisclare,£816.00
Manchester City Council,1004,Childrens & Education Services,Payments for services,07/02/2025,5105974804,Staff Resources Ltd,£816.00
Manchester City Council,1004,Childrens & Education Services,Foster Payments,05/02/2025,1908721118,Redacted Personal Information,£815.94
Manchester City Council,1004,Childrens & Education Services,Foster Payments,19/02/2025,1908736799,Redacted Personal Information,£815.94
Manchester City Council,1000,Manchester Leisure,Gas,27/02/2025,1908744189,SEFE ENERGY Ltd,£815.48
Manchester City Council,1000,Manchester Leisure,Grant and subscriptions awarded,06/02/2025,5105974413,Castlefield Forum,£815.00
Manchester City Council,1011,Chief Executives,Car Allowance Claims,06/02/2025,1908716137,OHEC (uk) Ltd,£815.00
Manchester City Council,1013,Highways Services,Electricity,27/02/2025,1908745318,Haven Power Ltd,£814.54
Manchester City Council,1006,Childrens Services,Apprenticeship Levy,28/02/2025,1908745701,HM Revenue & Customs,£814.23
Manchester City Council,1004,Childrens & Education Services,Contract Cleaning External,06/02/2025,5105974388,Freshwave Cleaning Services Ltd,£814.00
Manchester City Council,1000,Manchester Leisure,"Consumable items eg Toilet rolls, soap etc",13/02/2025,1908730604,TRAVELODGE P CARD ONLY,£813.93
Manchester City Council,1002,Hospitality + Trading Services,Window Cleaning,13/02/2025,5105975336,CG Cleaning Ltd,£813.44
Manchester City Council,1006,Childrens Services,Apprenticeship Levy,28/02/2025,1908745701,HM Revenue & Customs,£812.62
Manchester City Council,1002,Hospitality + Trading Services,Hire of Equipment,28/02/2025,5105976051,Knightsbridge Mechanical,£812.50
Manchester City Council,1004,Childrens & Education Services,Foster Payments,19/02/2025,1908736432,Redacted Personal Information,£810.90
Manchester City Council,1004,Childrens & Education Services,Foster Payments,05/02/2025,1908720744,Redacted Personal Information,£810.90
Manchester City Council,1013,Highways Services,Building Materials for direct delivery,24/02/2025,1908740133,Aggregate Industries T/A Kennedy,£810.87
Manchester City Council,1004,Childrens & Education Services,Foster Payments,19/02/2025,1908735994,Redacted Personal Information,£810.38
Manchester City Council,1004,Childrens & Education Services,Training and Development,21/02/2025,5105976571,Chris Garland Training,£810.00
Manchester City Council,1006,Childrens Services,Apprenticeship Levy,28/02/2025,1908745701,HM Revenue & Customs,£808.25
Manchester City Council,1004,Childrens & Education Services,Foster Payments,19/02/2025,1908736954,Redacted Personal Information,£807.86
Manchester City Council,1004,Childrens & Education Services,Personal needs of client,14/02/2025,1908731428,Haashim Bux,£807.42
Manchester City Council,1000,Manchester Leisure,Housing Rents Debit,05/02/2025,1908716139,Redacted Personal Information,£807.30
Manchester City Council,1004,Childrens & Education Services,Foster Payments,19/02/2025,1908736834,Redacted Personal Information,£806.12
Manchester City Council,1004,Childrens & Education Services,Foster Payments,05/02/2025,1908721147,Redacted Personal Information,£806.12
Manchester City Council,1004,Childrens & Education Services,Foster Payments,05/02/2025,1908721094,Redacted Personal Information,£806.00
Manchester City Council,1004,Childrens & Education Services,Foster Payments,19/02/2025,1908736775,Redacted Personal Information,£806.00
Manchester City Council,1005,Adult Social Care,Agency staff provision,10/02/2025,1908726320,Reed Employment Plc,£805.26
Manchester City Council,1005,Adult Social Care,Agency staff provision,18/02/2025,1908734558,Reed Employment Plc,£805.26
Manchester City Council,1004,Childrens & Education Services,Foster Payments,19/02/2025,1908736259,Redacted Personal Information,£805.14
Manchester City Council,1004,Childrens & Education Services,Foster Payments,05/02/2025,1908720585,Redacted Personal Information,£805.14
Manchester City Council,1011,Chief Executives,Professional fees,20/02/2025,5105976901,Flourish Together CIC,£805.00
Manchester City Council,1000,Manchester Leisure,Electricity,28/02/2025,5105973936,Switch2 Energey Limited,£803.76
Manchester City Council,1004,Childrens & Education Services,Foster Payments,05/02/2025,1908720547,Redacted Personal Information,£803.38
Manchester City Council,1004,Childrens & Education Services,Foster Payments,19/02/2025,1908736222,Redacted Personal Information,£803.38
Manchester City Council,1007,Corporate Services,Water - Metered,27/02/2025,1908744394,Anglian Water Business (National),£803.23
Manchester City Council,1004,Childrens & Education Services,Foster Payments,19/02/2025,1908736213,Redacted Personal Information,£803.22
Manchester City Council,1004,Childrens & Education Services,Foster Payments,05/02/2025,1908720538,Redacted Personal Information,£803.22
Manchester City Council,1000,Manchester Leisure,Other Allowances,27/02/2025,1908741754,Tusker Direct,£802.98
Manchester City Council,1007,Corporate Services,Agency staff provision,10/02/2025,1908726320,Reed Employment Plc,£802.23
Manchester City Council,1005,Adult Social Care,Signers/Interpreters,03/02/2025,5105973668,Language Line Ltd,£800.97
Manchester City Council,1007,Corporate Services,Gas,27/02/2025,1908744201,SEFE ENERGY Ltd,£800.20
Manchester City Council,1000,Manchester Leisure,Bed & Breakfast Acc,03/02/2025,1908716720,SQ *AM7 GROUP LTD,£800.00
Manchester City Council,1005,Adult Social Care,Furniture,27/02/2025,5105977953,H Jenkinson & Co Ltd.,£800.00
Manchester City Council,1000,Manchester Leisure,Compensation Payments,06/02/2025,1908723625,Redacted Personal Information,£800.00
Manchester City Council,1000,Manchester Leisure,Legal Fees,11/02/2025,1908726938,Clear Law LLP,£800.00
Manchester City Council,1011,Chief Executives,Counsel Costs,27/02/2025,1908745587,Central Chambers,£800.00
Manchester City Council,1011,Chief Executives,Counsel Costs,12/02/2025,1908729666,Redacted Personal Information,£800.00
Manchester City Council,1000,Manchester Leisure,Professional fees,17/02/2025,5105976325,Redacted Personal Information,£800.00
Manchester City Council,1007,Corporate Services,Equipment,27/02/2025,5105976948,Groundwork Landscapes Ltd,£800.00
Manchester City Council,1007,Corporate Services,Grant Payments,18/02/2025,5105974753,Finastra,£800.00
Manchester City Council,1004,Childrens & Education Services,"Consumable items eg Toilet rolls, soap etc",13/02/2025,1908731208,DAVES CARPET WAREHAOUSE,£800.00
Manchester City Council,1000,Manchester Leisure,Compensation Payments,14/02/2025,1908733229,Redacted Personal Information,£800.00
Manchester City Council,1000,Manchester Leisure,Grant and subscriptions awarded,28/02/2025,5105974326,Small Steps Consultants,£800.00
Manchester City Council,1000,Manchester Leisure,Professional fees,21/02/2025,5105977097,Redacted Personal Information,£800.00
Manchester City Council,1007,Corporate Services,Removal and Storage of Furniture,24/02/2025,5105977356,H Jenkinson & Co Ltd.,£800.00
Manchester City Council,1004,Childrens & Education Services,Furniture,13/02/2025,5105975988,Eps Supplies Ltd,£799.88
Manchester City Council,1006,Childrens Services,Apprenticeship Levy,28/02/2025,1908745701,HM Revenue & Customs,£799.22
Manchester City Council,1004,Childrens & Education Services,Foster Payments,14/02/2025,1908732789,Redacted Personal Information,£798.00
Manchester City Council,1004,Childrens & Education Services,Water - Metered,27/02/2025,1908744560,Anglian Water Business (National),£796.48
Manchester City Council,1007,Corporate Services,Removal and Storage of Furniture,28/02/2025,5105975422,BCL,£796.40
Manchester City Council,1004,Childrens & Education Services,Third party payments relating to Voluntary Organisations,12/02/2025,1908728581,Redacted Personal Information,£796.10
Manchester City Council,1010,Housing Revenue Account,Council Dwelling Adaptations,10/02/2025,5105975026,Rexel UK Ltd,£795.75
Manchester City Council,1010,Housing Revenue Account,Council Dwelling Adaptations,10/02/2025,5105975027,Rexel UK Ltd,£795.75
Manchester City Council,1007,Corporate Services,Training and Development,06/02/2025,5105974456,The Training Co,£795.00
Manchester City Council,1001,Libraries and Theatres,Vehicle Plant Furniture and Equipment,27/02/2025,5105977964,H Jenkinson & Co Ltd.,£795.00
Manchester City Council,1005,Adult Social Care,Security,28/02/2025,5105978123,Associated Security Services,£795.00
Manchester City Council,1004,Childrens & Education Services,Foster Payments,05/02/2025,1908721096,Redacted Personal Information,£794.00
Manchester City Council,1004,Childrens & Education Services,Foster Payments,05/02/2025,1908720854,Redacted Personal Information,£794.00
Manchester City Council,1004,Childrens & Education Services,Foster Payments,05/02/2025,1908720485,Redacted Personal Information,£794.00
Manchester City Council,1004,Childrens & Education Services,Foster Payments,19/02/2025,1908736161,Redacted Personal Information,£794.00
Manchester City Council,1004,Childrens & Education Services,Foster Payments,05/02/2025,1908720418,Redacted Personal Information,£794.00
Manchester City Council,1004,Childrens & Education Services,Foster Payments,19/02/2025,1908736961,Redacted Personal Information,£794.00
Manchester City Council,1004,Childrens & Education Services,Foster Payments,05/02/2025,1908720490,Redacted Personal Information,£794.00
Manchester City Council,1004,Childrens & Education Services,Foster Payments,19/02/2025,1908736502,Redacted Personal Information,£794.00
Manchester City Council,1004,Childrens & Education Services,Foster Payments,19/02/2025,1908736512,Redacted Personal Information,£794.00
Manchester City Council,1004,Childrens & Education Services,Foster Payments,19/02/2025,1908736774,Redacted Personal Information,£794.00
Manchester City Council,1004,Childrens & Education Services,Foster Payments,05/02/2025,1908721277,Redacted Personal Information,£794.00
Manchester City Council,1004,Childrens & Education Services,Foster Payments,05/02/2025,1908720815,Redacted Personal Information,£794.00
Manchester City Council,1004,Childrens & Education Services,Foster Payments,19/02/2025,1908736541,Redacted Personal Information,£794.00
Manchester City Council,1004,Childrens & Education Services,Foster Payments,05/02/2025,1908720800,Redacted Personal Information,£794.00
Manchester City Council,1004,Childrens & Education Services,Foster Payments,05/02/2025,1908721043,Redacted Personal Information,£794.00
Manchester City Council,1004,Childrens & Education Services,Foster Payments,19/02/2025,1908736959,Redacted Personal Information,£794.00
Manchester City Council,1004,Childrens & Education Services,Foster Payments,19/02/2025,1908736416,Redacted Personal Information,£794.00
Manchester City Council,1004,Childrens & Education Services,Foster Payments,19/02/2025,1908736723,Redacted Personal Information,£794.00
Manchester City Council,1004,Childrens & Education Services,Foster Payments,19/02/2025,1908736165,Redacted Personal Information,£794.00
Manchester City Council,1004,Childrens & Education Services,Foster Payments,19/02/2025,1908736960,Redacted Personal Information,£794.00
Manchester City Council,1004,Childrens & Education Services,Foster Payments,05/02/2025,1908721093,Redacted Personal Information,£794.00
Manchester City Council,1004,Childrens & Education Services,Foster Payments,05/02/2025,1908720729,Redacted Personal Information,£794.00
Manchester City Council,1004,Childrens & Education Services,Foster Payments,05/02/2025,1908721365,Redacted Personal Information,£794.00
Manchester City Council,1004,Childrens & Education Services,Foster Payments,19/02/2025,1908736415,Redacted Personal Information,£794.00
Manchester City Council,1004,Childrens & Education Services,Foster Payments,05/02/2025,1908720801,Redacted Personal Information,£794.00
Manchester City Council,1004,Childrens & Education Services,Foster Payments,05/02/2025,1908720730,Redacted Personal Information,£794.00
Manchester City Council,1004,Childrens & Education Services,Foster Payments,19/02/2025,1908736489,Redacted Personal Information,£794.00
Manchester City Council,1004,Childrens & Education Services,Foster Payments,05/02/2025,1908721325,Redacted Personal Information,£794.00
Manchester City Council,1004,Childrens & Education Services,Foster Payments,19/02/2025,1908736777,Redacted Personal Information,£794.00
Manchester City Council,1004,Childrens & Education Services,Foster Payments,19/02/2025,1908736579,Redacted Personal Information,£794.00
Manchester City Council,1004,Childrens & Education Services,Foster Payments,05/02/2025,1908720890,Redacted Personal Information,£794.00
Manchester City Council,1004,Childrens & Education Services,Foster Payments,19/02/2025,1908736490,Redacted Personal Information,£794.00
Manchester City Council,1004,Childrens & Education Services,Foster Payments,19/02/2025,1908736149,Redacted Personal Information,£794.00
Manchester City Council,1004,Childrens & Education Services,Foster Payments,05/02/2025,1908720475,Redacted Personal Information,£794.00
Manchester City Council,1004,Childrens & Education Services,Foster Payments,05/02/2025,1908720484,Redacted Personal Information,£794.00
Manchester City Council,1004,Childrens & Education Services,Foster Payments,19/02/2025,1908736109,Redacted Personal Information,£794.00
Manchester City Council,1004,Childrens & Education Services,Foster Payments,19/02/2025,1908736160,Redacted Personal Information,£794.00
Manchester City Council,1004,Childrens & Education Services,Foster Payments,19/02/2025,1908736494,Redacted Personal Information,£794.00
Manchester City Council,1004,Childrens & Education Services,Foster Payments,19/02/2025,1908736957,Redacted Personal Information,£794.00
Manchester City Council,1004,Childrens & Education Services,Foster Payments,05/02/2025,1908720806,Redacted Personal Information,£794.00
Manchester City Council,1004,Childrens & Education Services,Foster Payments,05/02/2025,1908721202,Redacted Personal Information,£794.00
Manchester City Council,1004,Childrens & Education Services,Foster Payments,19/02/2025,1908736096,Redacted Personal Information,£794.00
Manchester City Council,1004,Childrens & Education Services,Foster Payments,19/02/2025,1908736905,Redacted Personal Information,£794.00
Manchester City Council,1004,Childrens & Education Services,Foster Payments,05/02/2025,1908720438,Redacted Personal Information,£794.00
Manchester City Council,1007,Corporate Services,Electricity,27/02/2025,1908745109,Haven Power Ltd,£792.40
Manchester City Council,1004,Childrens & Education Services,Equipment,28/02/2025,5105978014,Bennett Workplace Solutions Ltd,£791.00
Manchester City Council,1005,Adult Social Care,Third party payments to Health Authority,10/02/2025,1908722537,Liverpool University Hospitals,£791.00
Manchester City Council,1005,Adult Social Care,"Consumable items eg Toilet rolls, soap etc",13/02/2025,1908730402,HOTEL AT BOOKING.COM,£791.00
Manchester City Council,1005,Adult Social Care,"Consumable items eg Toilet rolls, soap etc",14/02/2025,5105976168,All 4 Pets Limited,£790.50
Manchester City Council,1004,Childrens & Education Services,Payments for services,10/02/2025,5105973685,Reed Employment Plc,£790.32
Manchester City Council,1004,Childrens & Education Services,Payments for services,24/02/2025,5105976713,Reed Employment Plc,£790.32
Manchester City Council,1000,Manchester Leisure,Building Materials for direct delivery,28/02/2025,5105978060,Scott Avenue Allotment Society,£790.29
Manchester City Council,1011,Chief Executives,Payments to Sub-Contractors,10/02/2025,5105974987,Redacted Personal Information,£790.15
Manchester City Council,1007,Corporate Services,Electricity,27/02/2025,1908745114,Haven Power Ltd,£789.78
Manchester City Council,1004,Childrens & Education Services,"Consumable items eg Toilet rolls, soap etc",13/02/2025,1908730445,EXPEDIA EXPEDIA 729741575,£789.02
Manchester City Council,1007,Corporate Services,Agency staff provision,24/02/2025,1908740137,Reed Employment Plc,£788.95
Manchester City Council,1000,Manchester Leisure,"Consumable items eg Toilet rolls, soap etc",03/02/2025,1908717406,TRAVELODGE P CARD ONLY,£788.93
Manchester City Council,1004,Childrens & Education Services,Foster Payments,19/02/2025,1908736268,Redacted Personal Information,£788.00
Manchester City Council,1004,Childrens & Education Services,Foster Payments,05/02/2025,1908720690,Redacted Personal Information,£788.00
Manchester City Council,1004,Childrens & Education Services,Foster Payments,05/02/2025,1908720736,Redacted Personal Information,£788.00
Manchester City Council,1004,Childrens & Education Services,Foster Payments,05/02/2025,1908720594,Redacted Personal Information,£788.00
Manchester City Council,1004,Childrens & Education Services,Foster Payments,19/02/2025,1908736423,Redacted Personal Information,£788.00
Manchester City Council,1004,Childrens & Education Services,Foster Payments,19/02/2025,1908736365,Redacted Personal Information,£788.00
Manchester City Council,1004,Childrens & Education Services,Foster Payments,05/02/2025,1908720340,Redacted Personal Information,£788.00
Manchester City Council,1004,Childrens & Education Services,Hire of Premises,17/02/2025,5105975620,Quaker Trading Ltd,£786.45
Manchester City Council,1004,Childrens & Education Services,Fixtures and Fitting,27/02/2025,1908743418,FLOOR EXPRESS,£782.00
Manchester City Council,1000,Manchester Leisure,"Consumable items eg Toilet rolls, soap etc",03/02/2025,1908717533,TRAVELODGE P CARD ONLY,£780.93
Manchester City Council,1012,Regeneration Finance,Home Care ,18/02/2025,1908734384,Precious Kids Day Nursery,£780.00
Manchester City Council,1000,Manchester Leisure,"Consumable items eg Toilet rolls, soap etc",13/02/2025,1908730647,TRAVELODGE P CARD ONLY,£779.93
Manchester City Council,1000,Manchester Leisure,"Consumable items eg Toilet rolls, soap etc",13/02/2025,1908730645,TRAVELODGE P CARD ONLY,£779.93
Manchester City Council,1004,Childrens & Education Services,Foster Payments,05/02/2025,1908720750,Redacted Personal Information,£779.70
Manchester City Council,1004,Childrens & Education Services,Foster Payments,19/02/2025,1908736438,Redacted Personal Information,£779.70
Manchester City Council,1011,Chief Executives,Printing,28/02/2025,5105974290,THARSTERN LTD,£779.48
Manchester City Council,1004,Childrens & Education Services,Third party payments relating to Voluntary Organisations,12/02/2025,1908729136,Redacted Personal Information,£779.34
Manchester City Council,1000,Manchester Leisure,Water - Metered,27/02/2025,1908744556,Anglian Water Business (National),£778.53
Manchester City Council,1005,Adult Social Care,Adult Placements,19/02/2025,1908735942,Redacted Personal Information,£777.92
Manchester City Council,1000,Manchester Leisure,"Consumable items eg Toilet rolls, soap etc",13/02/2025,1908730646,TRAVELODGE P CARD ONLY,£776.93
Manchester City Council,1000,Manchester Leisure,Gas,27/02/2025,1908744111,SEFE ENERGY Ltd,£776.85
Manchester City Council,1002,Hospitality + Trading Services,Vehicle Repairs,03/02/2025,5105973759,Manchester Van Hire Ltd,£776.55
Manchester City Council,1012,Regeneration Finance,Home Care ,18/02/2025,1908734375,Community Minded Ltd,£776.00
Manchester City Council,1000,Manchester Leisure,Legal Fees,27/02/2025,1908745493,Redacted Personal Information,£775.00
Manchester City Council,1011,Chief Executives,Counsel Costs,10/02/2025,1908726008,Redacted Personal Information,£775.00
Manchester City Council,1007,Corporate Services,Gas,27/02/2025,1908744182,SEFE ENERGY Ltd,£774.84
Manchester City Council,1000,Manchester Leisure,Agency staff provision,24/02/2025,1908740137,Reed Employment Plc,£773.98
Manchester City Council,1004,Childrens & Education Services,Hire of Premises,17/02/2025,5105974634,The Monastery Manchester Ltd,£773.75
Manchester City Council,1004,Childrens & Education Services,Foster Payments,05/02/2025,1908720628,Redacted Personal Information,£772.88
Manchester City Council,1004,Childrens & Education Services,Foster Payments,19/02/2025,1908736304,Redacted Personal Information,£772.88
Manchester City Council,1004,Childrens & Education Services,Foster Payments,19/02/2025,1908736508,Redacted Personal Information,£772.72
Manchester City Council,1004,Childrens & Education Services,Foster Payments,05/02/2025,1908720821,Redacted Personal Information,£772.72
Manchester City Council,1004,Childrens & Education Services,Foster Payments,19/02/2025,1908736575,Redacted Personal Information,£770.80
Manchester City Council,1004,Childrens & Education Services,Foster Payments,05/02/2025,1908721196,Redacted Personal Information,£770.80
Manchester City Council,1004,Childrens & Education Services,Foster Payments,05/02/2025,1908720886,Redacted Personal Information,£770.80
Manchester City Council,1004,Childrens & Education Services,Foster Payments,19/02/2025,1908736966,Redacted Personal Information,£770.80
Manchester City Council,1005,Adult Social Care,Cleaning Equipment and Materials,03/02/2025,5105973651,Alliance Disposables Ltd,£770.00
Manchester City Council,1000,Manchester Leisure,Furniture,04/02/2025,5105973850,Rtech Group Limited,£770.00
Manchester City Council,1011,Chief Executives,Counsel Costs,18/02/2025,1908734448,18 St John Street Chambers,£770.00
Manchester City Council,1000,Manchester Leisure,Special Event,12/02/2025,5105975453,Imageit,£770.00
Manchester City Council,1000,Manchester Leisure,Electricity,27/02/2025,1908745039,Haven Power Ltd,£769.95
Manchester City Council,1000,Manchester Leisure,Professional fees,19/02/2025,5105976687,Redacted Personal Information,£769.63
Manchester City Council,1011,Chief Executives,Payments to Sub-Contractors,17/02/2025,5105974988,Redacted Personal Information,£769.37
Manchester City Council,1005,Adult Social Care,External repairs and maintenance for buildings,25/02/2025,5105977478,T F Jones Property Services Ltd,£769.34
Manchester City Council,1004,Childrens & Education Services,Professional fees,11/02/2025,5105975252,Child Action Northwest,£768.14
Manchester City Council,1002,Hospitality + Trading Services,Gas,27/02/2025,1908744124,SEFE ENERGY Ltd,£767.70
Manchester City Council,1004,Childrens & Education Services,Foster Payments,19/02/2025,1908736449,Redacted Personal Information,£767.40
Manchester City Council,1004,Childrens & Education Services,Foster Payments,05/02/2025,1908721276,Redacted Personal Information,£767.40
Manchester City Council,1004,Childrens & Education Services,Payments for services,28/02/2025,5105976634,Time Specialist Support Ltd,£767.00
Manchester City Council,1011,Chief Executives,Storage Costs,10/02/2025,5105974571,Oasis UK formerly Box-It (NW),£766.42
Manchester City Council,1007,Corporate Services,Water - Metered,27/02/2025,1908744337,Anglian Water Business (National),£765.29
Manchester City Council,1005,Adult Social Care,Hire of Premises,14/02/2025,5105975644,Manchester Art Gallery,£765.23
Manchester City Council,1000,Manchester Leisure,Hire of Premises,03/02/2025,1908717861,BOAT AND HORSES,£765.00
Manchester City Council,1012,Regeneration Finance,Professional Fees,06/02/2025,5105974390,Alan Franklin Builders Limited,£765.00
Manchester City Council,1004,Childrens & Education Services,"Consumable items eg Toilet rolls, soap etc",03/02/2025,1908717449,DAVES CARPET WAREHAOUSE,£765.00
Manchester City Council,1004,Childrens & Education Services,Training and Development,21/02/2025,1908738761,AFJ Limited,£765.00
Manchester City Council,1005,Adult Social Care,Agency staff provision,04/02/2025,1908718471,Reed Employment Plc,£764.60
Manchester City Council,1005,Adult Social Care,Agency staff provision,10/02/2025,1908726320,Reed Employment Plc,£764.60
Manchester City Council,1004,Childrens & Education Services,Foster Payments,19/02/2025,1908736967,Redacted Personal Information,£763.66
Manchester City Council,1005,Adult Social Care,Signers/Interpreters,25/02/2025,5105976825,Language Line Ltd,£763.34
Manchester City Council,1011,Chief Executives,Counsel Costs,14/02/2025,1908733219,Redacted Personal Information,£762.50
Manchester City Council,1000,Manchester Leisure,Electricity,27/02/2025,1908744647,Haven Power Ltd,£762.10
Manchester City Council,1005,Adult Social Care,Personal needs of client,24/02/2025,5105976826,Lisclare,£762.00
Manchester City Council,1007,Corporate Services,WPS Awards,28/02/2025,5105977009,Furniture Resource Centre Ltd,£761.45
Manchester City Council,1007,Corporate Services,WPS Awards,28/02/2025,5105976596,Furniture Resource Centre Ltd,£761.45
Manchester City Council,1002,Hospitality + Trading Services,Equipment,06/02/2025,5105974550,RDC Electrical Engineers LTD,£761.05
Manchester City Council,1000,Manchester Leisure,"Consumable items eg Toilet rolls, soap etc",13/02/2025,1908730605,TRAVELODGE P CARD ONLY,£760.93
Manchester City Council,1004,Childrens & Education Services,Professional fees,12/02/2025,1908728411,Dr Grange and Associates Ltd,£760.18
Manchester City Council,1004,Childrens & Education Services,Foster Payments,19/02/2025,1908736431,Redacted Personal Information,£760.10
Manchester City Council,1004,Childrens & Education Services,Foster Payments,05/02/2025,1908721053,Redacted Personal Information,£760.10
Manchester City Council,1004,Childrens & Education Services,Foster Payments,19/02/2025,1908736734,Redacted Personal Information,£760.10
Manchester City Council,1004,Childrens & Education Services,Foster Payments,05/02/2025,1908720743,Redacted Personal Information,£760.10
Manchester City Council,1002,Hospitality + Trading Services,Hire of Machinery,28/02/2025,5105977493,R & M Developments Ltd,£760.00
Manchester City Council,1004,Childrens & Education Services,Third party payments to other Local Authorities,11/02/2025,5105975132,Partners in Care Ltd,£759.60
Manchester City Council,1004,Childrens & Education Services,Foster Payments,19/02/2025,1908736028,Redacted Personal Information,£759.40
Manchester City Council,1004,Childrens & Education Services,Foster Payments,05/02/2025,1908720374,Redacted Personal Information,£759.40
Manchester City Council,1004,Childrens & Education Services,Foster Payments,19/02/2025,1908736593,Redacted Personal Information,£758.82
Manchester City Council,1004,Childrens & Education Services,Foster Payments,05/02/2025,1908720903,Redacted Personal Information,£758.82
Manchester City Council,1000,Manchester Leisure,Electricity,27/02/2025,1908745257,Haven Power Ltd,£758.46
Manchester City Council,1000,Manchester Leisure,Third party payments relating to Voluntary Organisations,20/02/2025,5105977058,Redacted Personal Information,£758.33
Manchester City Council,1000,Manchester Leisure,Licences Purchase,27/02/2025,1908745707,TV Licensing (Company Group,£757.50
Manchester City Council,1004,Childrens & Education Services,Foster Payments,05/02/2025,1908720530,Redacted Personal Information,£756.90
Manchester City Council,1004,Childrens & Education Services,Foster Payments,19/02/2025,1908736265,Redacted Personal Information,£756.90
Manchester City Council,1004,Childrens & Education Services,Foster Payments,05/02/2025,1908720591,Redacted Personal Information,£756.90
Manchester City Council,1004,Childrens & Education Services,Foster Payments,19/02/2025,1908736390,Redacted Personal Information,£756.90
Manchester City Council,1004,Childrens & Education Services,Foster Payments,19/02/2025,1908736206,Redacted Personal Information,£756.90
Manchester City Council,1004,Childrens & Education Services,Foster Payments,05/02/2025,1908720709,Redacted Personal Information,£756.90
Manchester City Council,1006,Childrens Services,Apprenticeship Levy,28/02/2025,1908745701,HM Revenue & Customs,£756.53
Manchester City Council,1004,Childrens & Education Services,Residential Care Homes Payments,21/02/2025,1908738910,W.H. Services (Cheadle) Ltd,£756.00
Manchester City Council,1006,Childrens Services,Apprenticeship Levy,28/02/2025,1908745701,HM Revenue & Customs,£754.95
Manchester City Council,1004,Childrens & Education Services,Third party payments relating to Voluntary Organisations,12/02/2025,1908728628,Rushford Park Nursery,£754.20
Manchester City Council,1000,Manchester Leisure,Refuse Collection,28/02/2025,5105977850,GTS Steam Cleaners,£753.68
Manchester City Council,1004,Childrens & Education Services,Car Allowance Claims,05/02/2025,1908721339,Redacted Personal Information,£753.54
Manchester City Council,1007,Corporate Services,WPS Awards,17/02/2025,5105976037,Furniture Resource Centre Ltd,£752.92
Manchester City Council,1004,Childrens & Education Services,Payments for services,14/02/2025,5105976062,4syte Funding Limited,£752.07
Manchester City Council,1004,Childrens & Education Services,Foster Payments,19/02/2025,1908736803,Redacted Personal Information,£752.00
Manchester City Council,1004,Childrens & Education Services,Foster Payments,05/02/2025,1908721121,Redacted Personal Information,£752.00
Manchester City Council,1006,Childrens Services,Apprenticeship Levy,28/02/2025,1908745701,HM Revenue & Customs,£751.13
Manchester City Council,1012,Regeneration Finance,Removal and Storage of Furniture,27/02/2025,5105977117,Restore PLC,£750.59
Manchester City Council,1004,Childrens & Education Services,Professional fees,11/02/2025,5105975305,Child Action Northwest,£750.18
Manchester City Council,1004,Childrens & Education Services,Ind Budget Payment,27/02/2025,1908745549,Redacted Personal Information,£750.00
Manchester City Council,1004,Childrens & Education Services,Ind Budget Payment,13/02/2025,1908732007,Redacted Personal Information,£750.00
Manchester City Council,1000,Manchester Leisure,Special Event,13/02/2025,5105975956,Chi Mo Martial Art Centre,£750.00
Manchester City Council,1004,Childrens & Education Services,Ind Budget Payment,07/02/2025,1908725390,Redacted Personal Information,£750.00
Manchester City Council,1004,Childrens & Education Services,Ind Budget Payment,27/02/2025,1908745552,Redacted Personal Information,£750.00
Manchester City Council,1004,Childrens & Education Services,Ind Budget Payment,27/02/2025,1908745548,Redacted Personal Information,£750.00
Manchester City Council,1011,Chief Executives,Counsel Costs,26/02/2025,1908742221,Central Chambers,£750.00
Manchester City Council,1011,Chief Executives,Counsel Costs,21/02/2025,1908739074,Central Chambers,£750.00
Manchester City Council,1000,Manchester Leisure,"Consumable items eg Toilet rolls, soap etc",03/02/2025,1908716935,ELEGANCE ACCOMMODATION,£750.00
Manchester City Council,1004,Childrens & Education Services,Ind Budget Payment,27/02/2025,1908745546,Redacted Personal Information,£750.00
Manchester City Council,1004,Childrens & Education Services,Ind Budget Payment,27/02/2025,1908745553,Redacted Personal Information,£750.00
Manchester City Council,1004,Childrens & Education Services,Ind Budget Payment,27/02/2025,1908745547,Redacted Personal Information,£750.00
Manchester City Council,1004,Childrens & Education Services,Ind Budget Payment,27/02/2025,1908745544,Redacted Personal Information,£750.00
Manchester City Council,1004,Childrens & Education Services,Ind Budget Payment,07/02/2025,1908725395,Redacted Personal Information,£750.00
Manchester City Council,1011,Chief Executives,Counsel Costs,10/02/2025,1908725996,Central Chambers,£750.00
Manchester City Council,1011,Chief Executives,Counsel Costs,18/02/2025,1908734300,Redacted Personal Information,£750.00
Manchester City Council,1011,Chief Executives,Counsel Costs,10/02/2025,1908725993,Central Chambers,£750.00
Manchester City Council,1012,Regeneration Finance,Removal and Storage of Furniture,28/02/2025,5105977971,Andrew G Podmore & Son,£750.00
Manchester City Council,1004,Childrens & Education Services,Ind Budget Payment,20/02/2025,1908738489,Redacted Personal Information,£750.00
Manchester City Council,1000,Manchester Leisure,"Consumable items eg Toilet rolls, soap etc",13/02/2025,1908730428,ELEGANCE ACCOMMODATION,£750.00
Manchester City Council,1011,Chief Executives,Counsel Costs,13/02/2025,1908731829,Central Chambers,£750.00
Manchester City Council,1004,Childrens & Education Services,Ind Budget Payment,13/02/2025,1908732004,Redacted Personal Information,£750.00
Manchester City Council,1011,Chief Executives,Counsel Costs,27/02/2025,1908745560,Cobden House Chambers,£750.00
Manchester City Council,1004,Childrens & Education Services,Ind Budget Payment,20/02/2025,1908738494,Redacted Personal Information,£750.00
Manchester City Council,1004,Childrens & Education Services,Ind Budget Payment,20/02/2025,1908738488,Redacted Personal Information,£750.00
Manchester City Council,1004,Childrens & Education Services,Ind Budget Payment,13/02/2025,1908732008,Redacted Personal Information,£750.00
Manchester City Council,1004,Childrens & Education Services,Ind Budget Payment,13/02/2025,1908732001,Redacted Personal Information,£750.00
Manchester City Council,1012,Regeneration Finance,Home Care ,18/02/2025,1908734413,Redacted Personal Information,£750.00
Manchester City Council,1004,Childrens & Education Services,Ind Budget Payment,20/02/2025,1908738495,Redacted Personal Information,£750.00
Manchester City Council,1004,Childrens & Education Services,Ind Budget Payment,20/02/2025,1908738496,Redacted Personal Information,£750.00
Manchester City Council,1000,Manchester Leisure,Compensation Payments,25/02/2025,1908740375,Redacted Personal Information,£750.00
Manchester City Council,1004,Childrens & Education Services,Ind Budget Payment,20/02/2025,1908738490,Redacted Personal Information,£750.00
Manchester City Council,1004,Childrens & Education Services,Ind Budget Payment,20/02/2025,1908738493,Redacted Personal Information,£750.00
Manchester City Council,1004,Childrens & Education Services,Ind Budget Payment,27/02/2025,1908745550,Redacted Personal Information,£750.00
Manchester City Council,1004,Childrens & Education Services,Ind Budget Payment,07/02/2025,1908725397,Redacted Personal Information,£750.00
Manchester City Council,1004,Childrens & Education Services,Ind Budget Payment,13/02/2025,1908732006,Redacted Personal Information,£750.00
Manchester City Council,1004,Childrens & Education Services,Ind Budget Payment,07/02/2025,1908725388,Redacted Personal Information,£750.00
Manchester City Council,1004,Childrens & Education Services,Ind Budget Payment,07/02/2025,1908725391,Redacted Personal Information,£750.00
Manchester City Council,1004,Childrens & Education Services,Ind Budget Payment,07/02/2025,1908725399,Redacted Personal Information,£750.00
Manchester City Council,1004,Childrens & Education Services,Ind Budget Payment,27/02/2025,1908745551,Redacted Personal Information,£750.00
Manchester City Council,1004,Childrens & Education Services,Ind Budget Payment,13/02/2025,1908732002,Redacted Personal Information,£750.00
Manchester City Council,1004,Childrens & Education Services,Ind Budget Payment,13/02/2025,1908732005,Redacted Personal Information,£750.00
Manchester City Council,1000,Manchester Leisure,Professional fees,17/02/2025,5105976382,Sick Productions Ltd,£750.00
Manchester City Council,1005,Adult Social Care,Professional fees,27/02/2025,5105977823,Yellow Jigsaw CIC,£750.00
Manchester City Council,1000,Manchester Leisure,"Consumable items eg Toilet rolls, soap etc",03/02/2025,1908716664,ELEGANCE ACCOMMODATION,£750.00
Manchester City Council,1011,Chief Executives,Counsel Costs,26/02/2025,1908742689,Redacted Personal Information,£750.00
Manchester City Council,1012,Regeneration Finance,Home Care ,18/02/2025,1908734364,Early Days Day Nursery,£750.00
Manchester City Council,1004,Childrens & Education Services,Ind Budget Payment,20/02/2025,1908738492,Redacted Personal Information,£750.00
Manchester City Council,1004,Childrens & Education Services,Ind Budget Payment,07/02/2025,1908725392,Redacted Personal Information,£750.00
Manchester City Council,1004,Childrens & Education Services,Ind Budget Payment,07/02/2025,1908725389,Redacted Personal Information,£750.00
Manchester City Council,1013,Highways Services,Training and Development,28/02/2025,5105974539,Veritas Safety Services Ltd,£750.00
Manchester City Council,1006,Childrens Services,Apprenticeship Levy,28/02/2025,1908745701,HM Revenue & Customs,£749.76
Manchester City Council,1006,Childrens Services,Apprenticeship Levy,28/02/2025,1908745701,HM Revenue & Customs,£749.13
Manchester City Council,1007,Corporate Services,Electricity,27/02/2025,1908745443,Haven Power Ltd,£748.95
Manchester City Council,1004,Childrens & Education Services,Foster Payments,07/02/2025,1908725797,Rainbow Fostering Services Ltd,£747.58
Manchester City Council,1007,Corporate Services,Water - Metered,27/02/2025,1908744397,Anglian Water Business (National),£747.30
Manchester City Council,1013,Highways Services,Electricity,27/02/2025,1908745339,Haven Power Ltd,£746.51
Manchester City Council,1011,Chief Executives,Professional fees,28/02/2025,1908746085,Forensic Testing Service Ltd,£746.40
Manchester City Council,1002,Hospitality + Trading Services,Gas,27/02/2025,1908744132,SEFE ENERGY Ltd,£745.00
Manchester City Council,1013,Highways Services,Building Materials for direct delivery,03/02/2025,5105973645,Glasdon U.K. Limited,£744.22
Manchester City Council,1007,Corporate Services,Gas,27/02/2025,1908744213,SEFE ENERGY Ltd,£744.08
Manchester City Council,1013,Highways Services,Legal Fees,18/02/2025,1908734447,Department For Work & Pensions,£744.00
Manchester City Council,1007,Corporate Services,Insurance,27/02/2025,1908745558,Department For Work & Pensions,£744.00
Manchester City Council,1007,Corporate Services,Works and associated costs for Land and Buildings,17/02/2025,5105976451,Keelagher Okey Associates Ltd t/a,£743.50
Manchester City Council,1004,Childrens & Education Services,General Office expenses,13/02/2025,1908731960,Fraud Advisory Services Ltd,£743.02
Manchester City Council,1004,Childrens & Education Services,Foster Payments,19/02/2025,1908736642,Redacted Personal Information,£742.80
Manchester City Council,1004,Childrens & Education Services,Foster Payments,05/02/2025,1908720789,Redacted Personal Information,£742.80
Manchester City Council,1004,Childrens & Education Services,Foster Payments,05/02/2025,1908720930,Redacted Personal Information,£742.80
Manchester City Council,1004,Childrens & Education Services,Foster Payments,05/02/2025,1908720957,Redacted Personal Information,£742.80
Manchester City Council,1004,Childrens & Education Services,Foster Payments,19/02/2025,1908736483,Redacted Personal Information,£742.80
Manchester City Council,1004,Childrens & Education Services,Foster Payments,19/02/2025,1908736477,Redacted Personal Information,£742.80
Manchester City Council,1004,Childrens & Education Services,Foster Payments,05/02/2025,1908721000,Redacted Personal Information,£742.80
Manchester City Council,1004,Childrens & Education Services,Foster Payments,05/02/2025,1908720794,Redacted Personal Information,£742.80
Manchester City Council,1004,Childrens & Education Services,Foster Payments,05/02/2025,1908721037,Redacted Personal Information,£742.80
Manchester City Council,1004,Childrens & Education Services,Foster Payments,05/02/2025,1908721141,Redacted Personal Information,£742.80
Manchester City Council,1004,Childrens & Education Services,Foster Payments,19/02/2025,1908736826,Redacted Personal Information,£742.80
Manchester City Council,1004,Childrens & Education Services,Foster Payments,05/02/2025,1908720915,Redacted Personal Information,£742.80
Manchester City Council,1004,Childrens & Education Services,Foster Payments,19/02/2025,1908736605,Redacted Personal Information,£742.80
Manchester City Council,1004,Childrens & Education Services,Foster Payments,19/02/2025,1908736360,Redacted Personal Information,£742.80
Manchester City Council,1004,Childrens & Education Services,Foster Payments,05/02/2025,1908720685,Redacted Personal Information,£742.80
Manchester City Council,1004,Childrens & Education Services,Foster Payments,19/02/2025,1908736359,Redacted Personal Information,£742.80
Manchester City Council,1004,Childrens & Education Services,Foster Payments,05/02/2025,1908720683,Redacted Personal Information,£742.80
Manchester City Council,1004,Childrens & Education Services,Foster Payments,05/02/2025,1908721372,Redacted Personal Information,£742.80
Manchester City Council,1004,Childrens & Education Services,Foster Payments,19/02/2025,1908736684,Redacted Personal Information,£742.80
Manchester City Council,1004,Childrens & Education Services,Foster Payments,05/02/2025,1908721095,Redacted Personal Information,£742.80
Manchester City Council,1004,Childrens & Education Services,Foster Payments,19/02/2025,1908736825,Redacted Personal Information,£742.80
Manchester City Council,1004,Childrens & Education Services,Foster Payments,05/02/2025,1908720897,Redacted Personal Information,£742.80
Manchester City Council,1004,Childrens & Education Services,Foster Payments,19/02/2025,1908736409,Redacted Personal Information,£742.80
Manchester City Council,1004,Childrens & Education Services,Foster Payments,19/02/2025,1908736517,Redacted Personal Information,£742.80
Manchester City Council,1004,Childrens & Education Services,Foster Payments,05/02/2025,1908720588,Redacted Personal Information,£742.80
Manchester City Council,1004,Childrens & Education Services,Foster Payments,19/02/2025,1908736262,Redacted Personal Information,£742.80
Manchester City Council,1004,Childrens & Education Services,Foster Payments,19/02/2025,1908736587,Redacted Personal Information,£742.80
Manchester City Council,1004,Childrens & Education Services,Foster Payments,05/02/2025,1908720829,Redacted Personal Information,£742.80
Manchester City Council,1004,Childrens & Education Services,Foster Payments,19/02/2025,1908736776,Redacted Personal Information,£742.80
Manchester City Council,1004,Childrens & Education Services,Foster Payments,05/02/2025,1908720724,Redacted Personal Information,£742.80
Manchester City Council,1004,Childrens & Education Services,Professional fees,21/02/2025,5105977211,Alpha Biolaboratories Limited,£742.50
Manchester City Council,1000,Manchester Leisure,Gas,27/02/2025,1908744200,SEFE ENERGY Ltd,£742.44
Manchester City Council,1004,Childrens & Education Services,Car Allowance Claims,19/02/2025,1908736010,Redacted Personal Information,£741.57
Manchester City Council,1007,Corporate Services,Professional Fees,04/02/2025,5105973838,Lucion Environmental Ltd,£741.07
Manchester City Council,1007,Corporate Services,Telecoms Equip,28/02/2025,5105978058,Insight Direct (Uk) Ltd,£740.81
Manchester City Council,1004,Childrens & Education Services,Professional fees,27/02/2025,5105978022,Curiosity Project,£740.00
Manchester City Council,1007,Corporate Services,WPS Awards,28/02/2025,5105975528,Furniture Resource Centre Ltd,£739.93
Manchester City Council,1011,Chief Executives,Payments to Sub-Contractors,07/02/2025,5105974741,Redacted Personal Information,£739.12
Manchester City Council,1004,Childrens & Education Services,Agency staff provision,18/02/2025,1908734558,Reed Employment Plc,£737.75
Manchester City Council,1000,Manchester Leisure,Building Materials for direct delivery,11/02/2025,5105975409,Bluestone Road Allotment Society,£737.60
Manchester City Council,1004,Childrens & Education Services,Professional fees,11/02/2025,5105975303,Child Action Northwest,£735.84
Manchester City Council,1006,Childrens Services,Apprenticeship Levy,28/02/2025,1908745701,HM Revenue & Customs,£735.48
Manchester City Council,1000,Manchester Leisure,Hire of Equipment,28/02/2025,5105977752,Flowbird Smart City Uk Ltd,£735.00
Manchester City Council,1007,Corporate Services,WPS Awards,06/02/2025,5105974216,Furniture Resource Centre Ltd,£734.11
Manchester City Council,1004,Childrens & Education Services,Foster Payments,05/02/2025,1908721200,Redacted Personal Information,£733.93
Manchester City Council,1005,Adult Social Care,Agency staff provision,18/02/2025,1908734558,Reed Employment Plc,£733.74
Manchester City Council,1011,Chief Executives,General Office expenses,06/02/2025,1908723620,Speed Couriers (Northern) Ltd,£733.17
Manchester City Council,1007,Corporate Services,Contract Cleaning External,28/02/2025,5105976907,TOTAL SUPPORT SERVICES LIMITED,£732.93
Manchester City Council,1005,Adult Social Care,Agency staff provision,04/02/2025,1908718471,Reed Employment Plc,£732.20
Manchester City Council,1005,Adult Social Care,Agency staff provision,24/02/2025,1908740137,Reed Employment Plc,£732.20
Manchester City Council,1005,Adult Social Care,Agency staff provision,10/02/2025,1908726320,Reed Employment Plc,£732.20
Manchester City Council,1005,Adult Social Care,Agency staff provision,18/02/2025,1908734558,Reed Employment Plc,£732.20
Manchester City Council,1005,Adult Social Care,Adult Placements,05/02/2025,1908722363,Redacted Personal Information,£732.16
Manchester City Council,1012,Regeneration Finance,Training and Development,17/02/2025,5105974533,Open Awards,£731.00
Manchester City Council,1011,Chief Executives,Payments to Sub-Contractors,25/02/2025,5105977426,Redacted Personal Information,£730.95
Manchester City Council,1012,Regeneration Finance,Adult Placements,05/02/2025,1908722359,Redacted Personal Information,£730.88
Manchester City Council,1007,Corporate Services,Printing,17/02/2025,5105975778,Mail Solutions,£730.00
Manchester City Council,1000,Manchester Leisure,Furniture,20/02/2025,5105975897,Accommodation Links Ltd,£730.00
Manchester City Council,1005,Adult Social Care,Furniture,10/02/2025,5105974528,Bennett Workplace Solutions Ltd,£726.95
Manchester City Council,1000,Manchester Leisure,"Consumable items eg Toilet rolls, soap etc",13/02/2025,1908731299,8361 MO MANCHEST R EX,£726.00
Manchester City Council,1000,Manchester Leisure,Water - Metered,27/02/2025,1908744405,Anglian Water Business (National),£725.36
Manchester City Council,1013,Highways Services,Legal Fees,11/02/2025,1908727030,Department For Work & Pensions,£725.00
Manchester City Council,1005,Adult Social Care,Third party payments to Health Authority,21/02/2025,1908737362,City Health Care Partnership CIC,£725.00
Manchester City Council,1000,Manchester Leisure,Third party payments relating to Voluntary Organisations,06/02/2025,5105974293,Waythrough,£724.83
Manchester City Council,1002,Hospitality + Trading Services,Gas,27/02/2025,1908744155,SEFE ENERGY Ltd,£724.30
Manchester City Council,1004,Childrens & Education Services,Furniture,28/02/2025,5105977268,XMA Limited,£722.83
Manchester City Council,1012,Regeneration Finance,Professional fees,27/02/2025,5105977981,Restore PLC,£722.41
Manchester City Council,1000,Manchester Leisure,Electricity,27/02/2025,1908745179,Haven Power Ltd,£721.19
Manchester City Council,1004,Childrens & Education Services,Foster Payments,05/02/2025,1908720973,Redacted Personal Information,£720.90
Manchester City Council,1004,Childrens & Education Services,Foster Payments,19/02/2025,1908736656,Redacted Personal Information,£720.90
Manchester City Council,1004,Childrens & Education Services,Foster Payments,05/02/2025,1908720832,Redacted Personal Information,£720.80
Manchester City Council,1004,Childrens & Education Services,Foster Payments,19/02/2025,1908736520,Redacted Personal Information,£720.80
Manchester City Council,1004,Childrens & Education Services,Foster Payments,05/02/2025,1908721360,Redacted Personal Information,£720.29
Manchester City Council,1004,Childrens & Education Services,Foster Payments,05/02/2025,1908720827,Redacted Personal Information,£720.20
Manchester City Council,1004,Childrens & Education Services,Foster Payments,19/02/2025,1908736515,Redacted Personal Information,£720.20
Manchester City Council,1004,Childrens & Education Services,Foster Payments,05/02/2025,1908720631,Redacted Personal Information,£720.20
Manchester City Council,1004,Childrens & Education Services,Foster Payments,19/02/2025,1908736307,Redacted Personal Information,£720.20
Manchester City Council,1004,Childrens & Education Services,Foster Payments,19/02/2025,1908736325,Redacted Personal Information,£720.20
Manchester City Council,1004,Childrens & Education Services,Foster Payments,05/02/2025,1908720650,Redacted Personal Information,£720.20
Manchester City Council,1011,Chief Executives,Paper & Envelopes,28/02/2025,5105977488,Premier Paper Group Ltd,£720.08
Manchester City Council,1002,Hospitality + Trading Services,Building Materials for direct delivery,03/02/2025,1908717191,SUMUP  *SIGNALIZE PRINT L,£720.00
Manchester City Council,1012,Regeneration Finance,Home Care ,18/02/2025,1908734410,Redacted Personal Information,£720.00
Manchester City Council,1002,Hospitality + Trading Services,Building Materials for direct delivery,03/02/2025,1908717367,WWW.TEST.COM,£720.00
Manchester City Council,1011,Chief Executives,Advertising,10/02/2025,5105974980,MediaCo Outdoor Limited,£720.00
Manchester City Council,1012,Regeneration Finance,Professional Fees,06/02/2025,5105974404,Alan Franklin Builders Limited,£718.90
Manchester City Council,1007,Corporate Services,Electricity,27/02/2025,1908745242,Haven Power Ltd,£717.73
Manchester City Council,1000,Manchester Leisure,Legal Fees,05/02/2025,1908722283,Gowing Law Solicitors,£717.08
Manchester City Council,1004,Childrens & Education Services,Foster Payments,19/02/2025,1908736785,Redacted Personal Information,£716.00
Manchester City Council,1004,Childrens & Education Services,Foster Payments,19/02/2025,1908736469,Redacted Personal Information,£716.00
Manchester City Council,1004,Childrens & Education Services,Foster Payments,05/02/2025,1908720781,Redacted Personal Information,£716.00
Manchester City Council,1004,Childrens & Education Services,Foster Payments,05/02/2025,1908721100,Redacted Personal Information,£716.00
Manchester City Council,1004,Childrens & Education Services,Foster Payments,19/02/2025,1908736780,Redacted Personal Information,£716.00
Manchester City Council,1004,Childrens & Education Services,Foster Payments,05/02/2025,1908721105,Redacted Personal Information,£716.00
Manchester City Council,1004,Childrens & Education Services,Foster Payments,19/02/2025,1908737019,Redacted Personal Information,£716.00
Manchester City Council,1006,Childrens Services,Apprenticeship Levy,28/02/2025,1908745701,HM Revenue & Customs,£715.74
Manchester City Council,1007,Corporate Services,Works and associated costs for Land and Buildings,07/02/2025,5105974650,GMCA,£714.79
Manchester City Council,1004,Childrens & Education Services,Foster Payments,19/02/2025,1908736001,Redacted Personal Information,£712.86
Manchester City Council,1004,Childrens & Education Services,Foster Payments,05/02/2025,1908720349,Redacted Personal Information,£712.86
Manchester City Council,1000,Manchester Leisure,Electricity,27/02/2025,1908745155,Haven Power Ltd,£712.47
Manchester City Council,1004,Childrens & Education Services,Foster Payments,19/02/2025,1908736273,Redacted Personal Information,£712.30
Manchester City Council,1004,Childrens & Education Services,Foster Payments,05/02/2025,1908720599,Redacted Personal Information,£712.30
Manchester City Council,1007,Corporate Services,WPS Awards,28/02/2025,5105977880,Furniture Resource Centre Ltd,£711.99
Manchester City Council,1011,Chief Executives,Counsel Costs,18/02/2025,1908734550,18 St John Street Chambers,£710.00
Manchester City Council,1012,Regeneration Finance,Professional fees,27/02/2025,5105977115,Bennett Workplace Solutions Ltd,£710.00
Manchester City Council,1011,Chief Executives,Counsel Costs,13/02/2025,1908731841,18 St John Street Chambers,£710.00
Manchester City Council,1011,Chief Executives,Counsel Costs,27/02/2025,1908745572,18 St John Street Chambers,£710.00
Manchester City Council,1005,Adult Social Care,Payments for services,12/02/2025,1908729741,Withington Pharmacy,£708.91
Manchester City Council,1006,Childrens Services,Apprenticeship Levy,28/02/2025,1908745701,HM Revenue & Customs,£708.74
Manchester City Council,1000,Manchester Leisure,Agency staff provision,18/02/2025,1908734558,Reed Employment Plc,£707.38
Manchester City Council,1006,Childrens Services,Apprenticeship Levy,28/02/2025,1908745701,HM Revenue & Customs,£706.81
Manchester City Council,1011,Chief Executives,Paper & Envelopes,28/02/2025,5105977587,Premier Paper Group Ltd,£706.54
Manchester City Council,1000,Manchester Leisure,"Consumable items eg Toilet rolls, soap etc",03/02/2025,1908717407,TRAVELODGE P CARD ONLY,£705.93
Manchester City Council,1005,Adult Social Care,Personal needs of client,28/02/2025,5105978181,Safespaces (Cornholme) Ltd,£704.75
Manchester City Council,1000,Manchester Leisure,Professional fees,27/02/2025,5105977791,Redacted Personal Information,£704.50
Manchester City Council,1004,Childrens & Education Services,Foster Payments,05/02/2025,1908720587,Redacted Personal Information,£702.90
Manchester City Council,1004,Childrens & Education Services,Foster Payments,19/02/2025,1908736261,Redacted Personal Information,£702.90
Manchester City Council,1004,Childrens & Education Services,Foster Payments,19/02/2025,1908736576,Redacted Personal Information,£702.90
Manchester City Council,1004,Childrens & Education Services,Foster Payments,05/02/2025,1908720887,Redacted Personal Information,£702.90
Manchester City Council,1004,Childrens & Education Services,Foster Payments,05/02/2025,1908720632,Redacted Personal Information,£702.90
Manchester City Council,1004,Childrens & Education Services,Foster Payments,19/02/2025,1908736505,Redacted Personal Information,£702.90
Manchester City Council,1004,Childrens & Education Services,Foster Payments,19/02/2025,1908736308,Redacted Personal Information,£702.90
Manchester City Council,1004,Childrens & Education Services,Foster Payments,05/02/2025,1908720818,Redacted Personal Information,£702.90
Manchester City Council,1005,Adult Social Care,Personal needs of client,27/02/2025,5105973629,Safespaces (Cornholme) Ltd,£702.49
Manchester City Council,1012,Regeneration Finance,Professional Fees,05/02/2025,5105974346,Alan Franklin Builders Limited,£702.00
Manchester City Council,1012,Regeneration Finance,Professional Fees,26/02/2025,5105977721,Alan Franklin Builders Limited,£702.00
Manchester City Council,1012,Regeneration Finance,Professional Fees,07/02/2025,5105974344,Alan Franklin Builders Limited,£702.00
Manchester City Council,1012,Regeneration Finance,Professional Fees,06/02/2025,5105974403,Alan Franklin Builders Limited,£702.00
Manchester City Council,1012,Regeneration Finance,Professional Fees,05/02/2025,5105974347,Alan Franklin Builders Limited,£702.00
Manchester City Council,1004,Childrens & Education Services,Foster Payments,19/02/2025,1908736400,Redacted Personal Information,£701.80
Manchester City Council,1004,Childrens & Education Services,Foster Payments,05/02/2025,1908720717,Redacted Personal Information,£701.80
Manchester City Council,1007,Corporate Services,WPS Awards,10/02/2025,5105974944,Furniture Resource Centre Ltd,£701.43
Manchester City Council,1004,Childrens & Education Services,Third party payments relating to Voluntary Organisations,12/02/2025,1908729328,Redacted Personal Information,£700.92
Manchester City Council,1004,Childrens & Education Services,Foster Payments,05/02/2025,1908721356,Redacted Personal Information,£700.29
Manchester City Council,1000,Manchester Leisure,Legal Fees,13/02/2025,1908731992,Peasegoods,£700.00
Manchester City Council,1004,Childrens & Education Services,Professional fees,04/02/2025,5105973968,Redacted Personal Information,£700.00
Manchester City Council,1000,Manchester Leisure,"Consumable items eg Toilet rolls, soap etc",13/02/2025,1908730722,SQ *AM7 GROUP LTD,£700.00
Manchester City Council,1000,Manchester Leisure,"Consumable items eg Toilet rolls, soap etc",03/02/2025,1908717571,SQ *AM7 GROUP LTD,£700.00
Manchester City Council,1005,Adult Social Care,Training and Development,28/02/2025,5105975080,Bolton Mbc,£700.00
Manchester City Council,1012,Regeneration Finance,Home Care ,18/02/2025,1908734378,Happy Days Nursery,£700.00
Manchester City Council,1005,Adult Social Care,Training and Development,28/02/2025,5105978031,Bolton Mbc,£700.00
Manchester City Council,1007,Corporate Services,Professional fees,11/02/2025,5105975427,LK Remediate Limited,£700.00
Manchester City Council,1011,Chief Executives,Counsel Costs,21/02/2025,1908739076,Redacted Personal Information,£700.00
Manchester City Council,1000,Manchester Leisure,"Consumable items eg Toilet rolls, soap etc",03/02/2025,1908717570,SQ *AM7 GROUP LTD,£700.00
Manchester City Council,1000,Manchester Leisure,Bed & Breakfast Acc,03/02/2025,1908716959,SQ *AM7 GROUP LTD,£700.00
Manchester City Council,1000,Manchester Leisure,Bed & Breakfast Acc,03/02/2025,1908717244,SQ *AM7 GROUP LTD,£700.00
Manchester City Council,1000,Manchester Leisure,Grant and subscriptions awarded,20/02/2025,5105976945,St Marks United Reformed Church,£700.00
Manchester City Council,1011,Chief Executives,Counsel Costs,27/02/2025,1908745582,Central Chambers,£700.00
Manchester City Council,1011,Chief Executives,Counsel Costs,13/02/2025,1908731964,Redacted Personal Information,£700.00
Manchester City Council,1007,Corporate Services,Licences Purchase,21/02/2025,5105974226,Insight Direct (Uk) Ltd,£699.91
Manchester City Council,1000,Manchester Leisure,Contract Cleaning External,11/02/2025,5105975076,Master Moves Ltd,£699.89
Manchester City Council,1007,Corporate Services,Cleaning Equipment and Materials,03/02/2025,5105973690,Alliance Disposables Ltd,£699.86
Manchester City Council,1012,Regeneration Finance,Training and Development,28/02/2025,5105978084,Oxford University Press,£699.00
Manchester City Council,1004,Childrens & Education Services,Foster Payments,05/02/2025,1908721213,Redacted Personal Information,£698.80
Manchester City Council,1004,Childrens & Education Services,Foster Payments,19/02/2025,1908737041,Redacted Personal Information,£698.80
Manchester City Council,1004,Childrens & Education Services,Foster Payments,05/02/2025,1908720643,Redacted Personal Information,£698.80
Manchester City Council,1004,Childrens & Education Services,Foster Payments,19/02/2025,1908736318,Redacted Personal Information,£698.80
Manchester City Council,1007,Corporate Services,Contract Cleaning External,28/02/2025,5105975817,EQUANS Services Limited,£698.50
Manchester City Council,1011,Chief Executives,"Consumable items eg Toilet rolls, soap etc",03/02/2025,1908716593,Amazon Co.Uk,£698.01
Manchester City Council,1012,Regeneration Finance,Adult Placements,19/02/2025,1908735947,Redacted Personal Information,£697.84
Manchester City Council,1004,Childrens & Education Services,Foster Payments,19/02/2025,1908736969,Redacted Personal Information,£697.72
Manchester City Council,1004,Childrens & Education Services,Foster Payments,14/02/2025,1908732735,Olive Branch Fostering,£697.50
Manchester City Council,1000,Manchester Leisure,Third party payments relating to Voluntary Organisations,11/02/2025,5105975341,MANCHESTER MENS HEALTH CIC,£697.32
Manchester City Council,1004,Childrens & Education Services,Third party payments relating to Voluntary Organisations,12/02/2025,1908728730,Redacted Personal Information,£696.60
Manchester City Council,1004,Childrens & Education Services,Third party payments relating to Voluntary Organisations,12/02/2025,1908728809,Redacted Personal Information,£696.60
Manchester City Council,1004,Childrens & Education Services,Third party payments relating to Voluntary Organisations,12/02/2025,1908728884,Redacted Personal Information,£696.60
Manchester City Council,1004,Childrens & Education Services,Third party payments relating to Voluntary Organisations,12/02/2025,1908728757,Redacted Personal Information,£696.60
Manchester City Council,1004,Childrens & Education Services,Third party payments relating to Voluntary Organisations,12/02/2025,1908728813,Redacted Personal Information,£696.60
Manchester City Council,1004,Childrens & Education Services,Third party payments relating to Voluntary Organisations,12/02/2025,1908728843,Redacted Personal Information,£696.60
Manchester City Council,1004,Childrens & Education Services,Third party payments relating to Voluntary Organisations,12/02/2025,1908728782,Excellent Excel Ltd,£696.60
Manchester City Council,1004,Childrens & Education Services,Third party payments relating to Voluntary Organisations,12/02/2025,1908728833,Redacted Personal Information,£696.60
Manchester City Council,1004,Childrens & Education Services,Third party payments relating to Voluntary Organisations,12/02/2025,1908728910,Redacted Personal Information,£696.60
Manchester City Council,1004,Childrens & Education Services,Third party payments relating to Voluntary Organisations,12/02/2025,1908728842,Merry Kidz Childcare Limited,£696.60
Manchester City Council,1004,Childrens & Education Services,Third party payments relating to Voluntary Organisations,12/02/2025,1908728846,Redacted Personal Information,£696.60
Manchester City Council,1004,Childrens & Education Services,Third party payments relating to Voluntary Organisations,12/02/2025,1908728772,Redacted Personal Information,£696.60
Manchester City Council,1004,Childrens & Education Services,Third party payments relating to Voluntary Organisations,12/02/2025,1908728754,Lea's Childminding,£696.60
Manchester City Council,1004,Childrens & Education Services,Third party payments relating to Voluntary Organisations,12/02/2025,1908728911,Redacted Personal Information,£696.60
Manchester City Council,1004,Childrens & Education Services,Third party payments relating to Voluntary Organisations,12/02/2025,1908728879,Redacted Personal Information,£696.60
Manchester City Council,1004,Childrens & Education Services,Third party payments relating to Voluntary Organisations,12/02/2025,1908728924,Redacted Personal Information,£696.60
Manchester City Council,1004,Childrens & Education Services,Third party payments relating to Voluntary Organisations,12/02/2025,1908728794,Redacted Personal Information,£696.60
Manchester City Council,1004,Childrens & Education Services,Third party payments relating to Voluntary Organisations,12/02/2025,1908728909,Redacted Personal Information,£696.60
Manchester City Council,1004,Childrens & Education Services,Third party payments relating to Voluntary Organisations,12/02/2025,1908728765,Redacted Personal Information,£696.60
Manchester City Council,1004,Childrens & Education Services,Third party payments relating to Voluntary Organisations,12/02/2025,1908728856,Redacted Personal Information,£696.60
Manchester City Council,1004,Childrens & Education Services,Third party payments relating to Voluntary Organisations,12/02/2025,1908728727,Redacted Personal Information,£696.60
Manchester City Council,1004,Childrens & Education Services,Third party payments relating to Voluntary Organisations,12/02/2025,1908728808,Redacted Personal Information,£696.60
Manchester City Council,1004,Childrens & Education Services,Third party payments relating to Voluntary Organisations,12/02/2025,1908728834,Stacys Tots 2 Teens,£696.60
Manchester City Council,1004,Childrens & Education Services,Third party payments relating to Voluntary Organisations,12/02/2025,1908728894,Redacted Personal Information,£696.60
Manchester City Council,1004,Childrens & Education Services,Third party payments relating to Voluntary Organisations,12/02/2025,1908728886,Redacted Personal Information,£696.60
Manchester City Council,1004,Childrens & Education Services,Third party payments relating to Voluntary Organisations,12/02/2025,1908728913,Redacted Personal Information,£696.60
Manchester City Council,1004,Childrens & Education Services,Third party payments relating to Voluntary Organisations,12/02/2025,1908728750,Redacted Personal Information,£696.60
Manchester City Council,1004,Childrens & Education Services,Third party payments relating to Voluntary Organisations,12/02/2025,1908728876,Redacted Personal Information,£696.60
Manchester City Council,1004,Childrens & Education Services,Third party payments relating to Voluntary Organisations,12/02/2025,1908728873,Redacted Personal Information,£696.60
Manchester City Council,1004,Childrens & Education Services,Third party payments relating to Voluntary Organisations,12/02/2025,1908728897,Vine Playgroup,£696.60
Manchester City Council,1004,Childrens & Education Services,Third party payments relating to Voluntary Organisations,12/02/2025,1908728847,Redacted Personal Information,£696.60
Manchester City Council,1004,Childrens & Education Services,Third party payments relating to Voluntary Organisations,12/02/2025,1908728836,Redacted Personal Information,£696.60
Manchester City Council,1004,Childrens & Education Services,Third party payments relating to Voluntary Organisations,12/02/2025,1908728763,Redacted Personal Information,£696.60
Manchester City Council,1004,Childrens & Education Services,Third party payments relating to Voluntary Organisations,12/02/2025,1908728812,Redacted Personal Information,£696.60
Manchester City Council,1004,Childrens & Education Services,Third party payments relating to Voluntary Organisations,12/02/2025,1908728899,Redacted Personal Information,£696.60
Manchester City Council,1004,Childrens & Education Services,Third party payments relating to Voluntary Organisations,12/02/2025,1908728918,Redacted Personal Information,£696.60
Manchester City Council,1004,Childrens & Education Services,Third party payments relating to Voluntary Organisations,12/02/2025,1908728785,Redacted Personal Information,£696.60
Manchester City Council,1004,Childrens & Education Services,Third party payments relating to Voluntary Organisations,12/02/2025,1908728735,Redacted Personal Information,£696.60
Manchester City Council,1004,Childrens & Education Services,Third party payments relating to Voluntary Organisations,12/02/2025,1908728810,Redacted Personal Information,£696.60
Manchester City Council,1004,Childrens & Education Services,Third party payments relating to Voluntary Organisations,12/02/2025,1908728925,Redacted Personal Information,£696.60
Manchester City Council,1004,Childrens & Education Services,Third party payments relating to Voluntary Organisations,12/02/2025,1908728734,Redacted Personal Information,£696.60
Manchester City Council,1005,Adult Social Care,Personal needs of client,28/02/2025,5105977851,Hoist & Shower Chair Company,£696.60
Manchester City Council,1004,Childrens & Education Services,Third party payments relating to Voluntary Organisations,12/02/2025,1908729633,Redacted Personal Information,£696.60
Manchester City Council,1004,Childrens & Education Services,Third party payments relating to Voluntary Organisations,12/02/2025,1908728793,Redacted Personal Information,£696.60
Manchester City Council,1005,Adult Social Care,Cleaning Equipment and Materials,17/02/2025,5105975599,Arrow County Supplies,£696.50
Manchester City Council,1007,Corporate Services,Electricity,27/02/2025,1908745152,Haven Power Ltd,£695.59
Manchester City Council,1012,Regeneration Finance,Professional Fees,06/02/2025,5105974407,Alan Franklin Builders Limited,£695.55
Manchester City Council,1011,Chief Executives,Payments to Sub-Contractors,12/02/2025,1908726396,Redacted Personal Information,£695.20
Manchester City Council,1011,Chief Executives,Payments to Sub-Contractors,19/02/2025,1908732647,Redacted Personal Information,£695.20
Manchester City Council,1011,Chief Executives,Equipment,12/02/2025,5105974518,Bennett Workplace Solutions Ltd,£695.00
Manchester City Council,1005,Adult Social Care,Furniture,28/02/2025,5105977100,Bennett Workplace Solutions Ltd,£695.00
Manchester City Council,1004,Childrens & Education Services,Furniture,28/02/2025,5105978016,Bennett Workplace Solutions Ltd,£695.00
Manchester City Council,1004,Childrens & Education Services,Foster Payments,19/02/2025,1908736970,Redacted Personal Information,£693.26
Manchester City Council,1000,Manchester Leisure,Goods purchased for resale in Council outlets,27/02/2025,5105977893,Rabbie's Trail Burners Ltd,£692.66
Manchester City Council,1004,Childrens & Education Services,Foster Payments,05/02/2025,1908721003,Redacted Personal Information,£692.00
Manchester City Council,1007,Corporate Services,Gas,27/02/2025,1908744112,SEFE ENERGY Ltd,£691.51
Manchester City Council,1000,Manchester Leisure,Gas,27/02/2025,1908744199,SEFE ENERGY Ltd,£691.32
Manchester City Council,1000,Manchester Leisure,"Consumable items eg Toilet rolls, soap etc",13/02/2025,1908730659,WWW.THOMANN.DE,£690.83
Manchester City Council,1005,Adult Social Care,Agency staff provision,04/02/2025,1908718471,Reed Employment Plc,£690.44
Manchester City Council,1007,Corporate Services,Gas,27/02/2025,1908744160,SEFE ENERGY Ltd,£690.20
Manchester City Council,1011,Chief Executives,Payments to Sub-Contractors,10/02/2025,5105973967,Redacted Personal Information,£690.00
Manchester City Council,1007,Corporate Services,Training and Development,13/02/2025,5105974423,The Wellness Project CiC,£690.00
Manchester City Council,1000,Manchester Leisure,Grant and subscriptions awarded,26/02/2025,5105977622,Spiritual Assembly of the Bahais,£690.00
Manchester City Council,1000,Manchester Leisure,Electricity,27/02/2025,1908745474,Npower,£689.97
Manchester City Council,1005,Adult Social Care,Training and Development,13/02/2025,5105975845,Alcohol Research UK,£687.70
Manchester City Council,1005,Adult Social Care,Agency staff provision,04/02/2025,1908718471,Reed Employment Plc,£687.33
Manchester City Council,1005,Adult Social Care,Agency staff provision,04/02/2025,1908718471,Reed Employment Plc,£687.33
Manchester City Council,1007,Corporate Services,Electricity,27/02/2025,1908744590,Haven Power Ltd,£687.24
Manchester City Council,1004,Childrens & Education Services,"Consumable items eg Toilet rolls, soap etc",03/02/2025,1908717400,AMAZON* TE9EA7C74,£686.98
Manchester City Council,1002,Hospitality + Trading Services,Water - Metered,27/02/2025,1908744492,Anglian Water Business (National),£686.95
Manchester City Council,1004,Childrens & Education Services,Foster Payments,19/02/2025,1908736306,Redacted Personal Information,£686.44
Manchester City Council,1004,Childrens & Education Services,Foster Payments,05/02/2025,1908720630,Redacted Personal Information,£686.44
Manchester City Council,1000,Manchester Leisure,Storage Costs,10/02/2025,5105974573,DeepStore,£686.41
Manchester City Council,1007,Corporate Services,Water - Metered,27/02/2025,1908744547,Anglian Water Business (National),£686.33
Manchester City Council,1004,Childrens & Education Services,Foster Payments,19/02/2025,1908736141,Redacted Personal Information,£686.00
Manchester City Council,1004,Childrens & Education Services,Foster Payments,05/02/2025,1908720941,Redacted Personal Information,£686.00
Manchester City Council,1004,Childrens & Education Services,Foster Payments,05/02/2025,1908720776,Redacted Personal Information,£686.00
Manchester City Council,1004,Childrens & Education Services,Foster Payments,05/02/2025,1908720469,Redacted Personal Information,£686.00
Manchester City Council,1004,Childrens & Education Services,Foster Payments,19/02/2025,1908736374,Redacted Personal Information,£686.00
Manchester City Council,1004,Childrens & Education Services,Foster Payments,19/02/2025,1908736667,Redacted Personal Information,£686.00
Manchester City Council,1004,Childrens & Education Services,Foster Payments,05/02/2025,1908721355,Redacted Personal Information,£686.00
Manchester City Council,1004,Childrens & Education Services,Foster Payments,05/02/2025,1908720934,Redacted Personal Information,£686.00
Manchester City Council,1004,Childrens & Education Services,Foster Payments,05/02/2025,1908720728,Redacted Personal Information,£686.00
Manchester City Council,1004,Childrens & Education Services,Foster Payments,19/02/2025,1908736621,Redacted Personal Information,£686.00
Manchester City Council,1004,Childrens & Education Services,Foster Payments,19/02/2025,1908737009,Redacted Personal Information,£686.00
Manchester City Council,1004,Childrens & Education Services,Foster Payments,05/02/2025,1908720983,Redacted Personal Information,£686.00
Manchester City Council,1004,Childrens & Education Services,Foster Payments,19/02/2025,1908736422,Redacted Personal Information,£686.00
Manchester City Council,1004,Childrens & Education Services,Foster Payments,19/02/2025,1908736627,Redacted Personal Information,£686.00
Manchester City Council,1004,Childrens & Education Services,Foster Payments,19/02/2025,1908736606,Redacted Personal Information,£686.00
Manchester City Council,1004,Childrens & Education Services,Foster Payments,19/02/2025,1908736705,Redacted Personal Information,£686.00
Manchester City Council,1004,Childrens & Education Services,Foster Payments,19/02/2025,1908736733,Redacted Personal Information,£686.00
Manchester City Council,1004,Childrens & Education Services,Foster Payments,05/02/2025,1908720873,Redacted Personal Information,£686.00
Manchester City Council,1004,Childrens & Education Services,Foster Payments,19/02/2025,1908736535,Redacted Personal Information,£686.00
Manchester City Council,1004,Childrens & Education Services,Foster Payments,05/02/2025,1908720847,Redacted Personal Information,£686.00
Manchester City Council,1004,Childrens & Education Services,Foster Payments,05/02/2025,1908720927,Redacted Personal Information,£686.00
Manchester City Council,1004,Childrens & Education Services,Foster Payments,05/02/2025,1908721051,Redacted Personal Information,£686.00
Manchester City Council,1004,Childrens & Education Services,Foster Payments,05/02/2025,1908721275,Redacted Personal Information,£686.00
Manchester City Council,1004,Childrens & Education Services,Foster Payments,05/02/2025,1908721313,Redacted Personal Information,£686.00
Manchester City Council,1004,Childrens & Education Services,Foster Payments,19/02/2025,1908736612,Redacted Personal Information,£686.00
Manchester City Council,1004,Childrens & Education Services,Foster Payments,19/02/2025,1908736151,Redacted Personal Information,£686.00
Manchester City Council,1004,Childrens & Education Services,Foster Payments,05/02/2025,1908720924,Redacted Personal Information,£686.00
Manchester City Council,1004,Childrens & Education Services,Foster Payments,19/02/2025,1908736727,Redacted Personal Information,£686.00
Manchester City Council,1004,Childrens & Education Services,Foster Payments,05/02/2025,1908721048,Redacted Personal Information,£686.00
Manchester City Council,1004,Childrens & Education Services,Foster Payments,05/02/2025,1908720704,Redacted Personal Information,£686.00
Manchester City Council,1004,Childrens & Education Services,Foster Payments,19/02/2025,1908736383,Redacted Personal Information,£686.00
Manchester City Council,1004,Childrens & Education Services,Foster Payments,19/02/2025,1908736615,Redacted Personal Information,£686.00
Manchester City Council,1004,Childrens & Education Services,Foster Payments,19/02/2025,1908736977,Redacted Personal Information,£686.00
Manchester City Council,1004,Childrens & Education Services,Foster Payments,19/02/2025,1908736984,Redacted Personal Information,£686.00
Manchester City Council,1004,Childrens & Education Services,Foster Payments,19/02/2025,1908736945,Redacted Personal Information,£686.00
Manchester City Council,1004,Childrens & Education Services,Foster Payments,05/02/2025,1908721274,Redacted Personal Information,£686.00
Manchester City Council,1004,Childrens & Education Services,Foster Payments,05/02/2025,1908721062,Redacted Personal Information,£686.00
Manchester City Council,1004,Childrens & Education Services,Foster Payments,05/02/2025,1908721038,Redacted Personal Information,£686.00
Manchester City Council,1004,Childrens & Education Services,Foster Payments,19/02/2025,1908736673,Redacted Personal Information,£686.00
Manchester City Council,1004,Childrens & Education Services,Foster Payments,05/02/2025,1908720735,Redacted Personal Information,£686.00
Manchester City Council,1004,Childrens & Education Services,Foster Payments,05/02/2025,1908721025,Redacted Personal Information,£686.00
Manchester City Council,1004,Childrens & Education Services,Foster Payments,19/02/2025,1908736561,Redacted Personal Information,£686.00
Manchester City Council,1004,Childrens & Education Services,Foster Payments,19/02/2025,1908736730,Redacted Personal Information,£686.00
Manchester City Council,1004,Childrens & Education Services,Foster Payments,05/02/2025,1908720698,Redacted Personal Information,£686.00
Manchester City Council,1004,Childrens & Education Services,Foster Payments,19/02/2025,1908736744,Redacted Personal Information,£686.00
Manchester City Council,1004,Childrens & Education Services,Foster Payments,19/02/2025,1908736717,Redacted Personal Information,£686.00
Manchester City Council,1004,Childrens & Education Services,Foster Payments,05/02/2025,1908720916,Redacted Personal Information,£686.00
Manchester City Council,1004,Childrens & Education Services,Foster Payments,05/02/2025,1908720803,Redacted Personal Information,£686.00
Manchester City Council,1004,Childrens & Education Services,Foster Payments,19/02/2025,1908736464,Redacted Personal Information,£686.00
Manchester City Council,1004,Childrens & Education Services,Foster Payments,05/02/2025,1908720990,Redacted Personal Information,£686.00
Manchester City Council,1004,Childrens & Education Services,Foster Payments,19/02/2025,1908736414,Redacted Personal Information,£686.00
Manchester City Council,1005,Adult Social Care,Third party payments to Health Authority,06/02/2025,5105974552,NHS Supply Chain,£685.80
Manchester City Council,1004,Childrens & Education Services,Foster Payments,05/02/2025,1908720339,Redacted Personal Information,£685.60
Manchester City Council,1007,Corporate Services,I T Provision,11/02/2025,5105975368,Stellar Network Solutions Ltd,£685.00
Manchester City Council,1011,Chief Executives,Payments to Sub-Contractors,28/02/2025,5105978199,Redacted Personal Information,£684.45
Manchester City Council,1011,Chief Executives,Professional fees,18/02/2025,1908734551,Cyfor Group,£683.97
Manchester City Council,1007,Corporate Services,Agency staff provision,04/02/2025,1908718471,Reed Employment Plc,£683.64
Manchester City Council,1004,Childrens & Education Services,Water - Metered,27/02/2025,1908744364,Anglian Water Business (National),£682.76
Manchester City Council,1005,Adult Social Care,Payments for services,14/02/2025,1908733277,Northern Health GPPO Ltd,£682.50
Manchester City Council,1006,Childrens Services,Apprenticeship Levy,28/02/2025,1908745701,HM Revenue & Customs,£680.91
Manchester City Council,1005,Adult Social Care,Cleaning Equipment and Materials,28/02/2025,5105975923,Arrow County Supplies,£680.54
Manchester City Council,1007,Corporate Services,Electricity,27/02/2025,1908745363,Haven Power Ltd,£680.54
Manchester City Council,1007,Corporate Services,Electricity,27/02/2025,1908745230,Haven Power Ltd,£680.53
Manchester City Council,1007,Corporate Services,External repairs and maintenance for buildings,06/02/2025,5105974536,ProClean,£680.00
Manchester City Council,1000,Manchester Leisure,Goods purchased for resale in Council outlets,27/02/2025,5105977777,MDBKA,£679.95
Manchester City Council,1004,Childrens & Education Services,Personal needs of client,28/02/2025,5105977878,Furniture Resource Centre Ltd,£679.38
Manchester City Council,1005,Adult Social Care,"Consumable items eg Toilet rolls, soap etc",03/02/2025,1908716922,ROOMS4NOW MY-PLACES,£679.00
Manchester City Council,1004,Childrens & Education Services,Childrens Allowances,19/02/2025,1908736914,Redacted Personal Information,£678.00
Manchester City Council,1005,Adult Social Care,External repairs and maintenance for buildings,10/02/2025,5105975038,T F Jones Property Services Ltd,£677.05
Manchester City Council,1004,Childrens & Education Services,Foster Payments,19/02/2025,1908736253,Redacted Personal Information,£676.82
Manchester City Council,1004,Childrens & Education Services,Foster Payments,05/02/2025,1908720578,Redacted Personal Information,£676.82
Manchester City Council,1000,Manchester Leisure,Furniture,10/02/2025,5105973907,Furniture Resource Centre Ltd,£676.26
Manchester City Council,1004,Childrens & Education Services,Foster Payments,05/02/2025,1908720552,Redacted Personal Information,£675.84
Manchester City Council,1004,Childrens & Education Services,Foster Payments,19/02/2025,1908736941,Redacted Personal Information,£675.84
Manchester City Council,1000,Manchester Leisure,Hire of Equipment,14/02/2025,5105976071,Niche Event Hire,£675.25
Manchester City Council,1000,Manchester Leisure,Subsistence and Conference Expenses,17/02/2025,1908709240,Liverpool Quaker Meeting House,£675.00
Manchester City Council,1004,Childrens & Education Services,Occupational Health services,13/02/2025,1908705697,Redacted Personal Information,£675.00
Manchester City Council,1004,Childrens & Education Services,Professional fees,18/02/2025,5105975813,Alpha Biolaboratories Limited,£675.00
Manchester City Council,1000,Manchester Leisure,Compensation Payments,14/02/2025,1908733230,Redacted Personal Information,£675.00
Manchester City Council,1000,Manchester Leisure,Equipment,27/02/2025,5105977187,Groundwork Landscapes Ltd,£675.00
Manchester City Council,1004,Childrens & Education Services,Professional fees,10/02/2025,1908726000,Foresight Clinical Services Ltd,£675.00
Manchester City Council,1004,Childrens & Education Services,Foster Payments,07/02/2025,1908725584,Fostering Ltd,£674.50
Manchester City Council,1000,Manchester Leisure,Special Event,06/02/2025,5105974241,PPL PRS Limited,£674.40
Manchester City Council,1000,Manchester Leisure,Bed & Breakfast Acc,03/02/2025,1908716823,TRAVELODGE P CARD ONLY,£673.48
Manchester City Council,1004,Childrens & Education Services,Foster Payments,19/02/2025,1908736980,Redacted Personal Information,£672.29
Manchester City Council,1000,Manchester Leisure,Agency staff provision,04/02/2025,1908718471,Reed Employment Plc,£672.23
Manchester City Council,1000,Manchester Leisure,Agency staff provision,24/02/2025,1908740137,Reed Employment Plc,£672.23
Manchester City Council,1000,Manchester Leisure,Agency staff provision,18/02/2025,1908734558,Reed Employment Plc,£672.23
Manchester City Council,1000,Manchester Leisure,Agency staff provision,10/02/2025,1908726320,Reed Employment Plc,£672.23
Manchester City Council,1011,Chief Executives,Legal Fees,21/02/2025,5105977133,Isherwood Legal Limited,£672.00
Manchester City Council,1002,Hospitality + Trading Services,Security,28/02/2025,5105976624,Showsec International Ltd,£670.67
Manchester City Council,1005,Adult Social Care,Agency staff provision,18/02/2025,1908734558,Reed Employment Plc,£670.24
Manchester City Council,1005,Adult Social Care,Agency staff provision,24/02/2025,1908740137,Reed Employment Plc,£670.24
Manchester City Council,1004,Childrens & Education Services,"Consumable items eg Toilet rolls, soap etc",03/02/2025,1908717001,MOSTON LANE APPLIANCES,£670.00
Manchester City Council,1004,Childrens & Education Services,Third party payments relating to Voluntary Organisations,12/02/2025,1908729430,Redacted Personal Information,£669.50
Manchester City Council,1004,Childrens & Education Services,Electricity,27/02/2025,1908745328,Haven Power Ltd,£669.45
Manchester City Council,1007,Corporate Services,Gas,21/02/2025,5105975649,Calor Gas Ltd,£669.00
Manchester City Council,1005,Adult Social Care,Catering Provisions,12/02/2025,1908729892,Brake Bros Foodservice Ltd,£668.13
Manchester City Council,1002,Hospitality + Trading Services,Security,27/02/2025,5105976206,Dante Fire & Security Ltd,£668.00
Manchester City Council,1004,Childrens & Education Services,Foster Payments,05/02/2025,1908720682,Redacted Personal Information,£667.92
Manchester City Council,1004,Childrens & Education Services,Foster Payments,19/02/2025,1908736358,Redacted Personal Information,£667.92
Manchester City Council,1000,Manchester Leisure,Electricity,27/02/2025,1908745046,Haven Power Ltd,£667.29
Manchester City Council,1004,Childrens & Education Services,Professional fees,27/02/2025,1908745588,Alpha Biolaboratories Limited,£667.26
Manchester City Council,1004,Childrens & Education Services,Third party payments relating to Voluntary Organisations,12/02/2025,1908729557,Clever Bees Nursery Ltd,£667.20
Manchester City Council,1004,Childrens & Education Services,Foster Payments,19/02/2025,1908736689,Redacted Personal Information,£666.90
Manchester City Council,1004,Childrens & Education Services,Foster Payments,05/02/2025,1908721008,Redacted Personal Information,£666.90
Manchester City Council,1004,Childrens & Education Services,Foster Payments,19/02/2025,1908736715,Redacted Personal Information,£666.90
Manchester City Council,1004,Childrens & Education Services,Foster Payments,05/02/2025,1908721035,Redacted Personal Information,£666.90
Manchester City Council,1004,Childrens & Education Services,Foster Payments,05/02/2025,1908721207,Redacted Personal Information,£666.26
Manchester City Council,1004,Childrens & Education Services,Third party payments relating to Voluntary Organisations,12/02/2025,1908729568,Precious Kids Day Nursery,£666.00
Manchester City Council,1004,Childrens & Education Services,Third party payments relating to Voluntary Organisations,12/02/2025,1908729512,Redacted Personal Information,£664.80
Manchester City Council,1004,Childrens & Education Services,Residential Care Homes Payments,12/02/2025,1908728127,Great Minds Together Ltd,£664.29
Manchester City Council,1004,Childrens & Education Services,Residential Care Homes Payments,12/02/2025,1908728130,Great Minds Together Ltd,£664.29
Manchester City Council,1004,Childrens & Education Services,Foster Payments,05/02/2025,1908721068,Redacted Personal Information,£663.96
Manchester City Council,1004,Childrens & Education Services,Foster Payments,19/02/2025,1908736751,Redacted Personal Information,£663.96
Manchester City Council,1000,Manchester Leisure,Agency staff provision,04/02/2025,1908718471,Reed Employment Plc,£663.51
Manchester City Council,1004,Childrens & Education Services,Foster Payments,05/02/2025,1908720546,Redacted Personal Information,£662.90
Manchester City Council,1004,Childrens & Education Services,Foster Payments,19/02/2025,1908736221,Redacted Personal Information,£662.90
Manchester City Council,1011,Chief Executives,Counsel Costs,18/02/2025,1908734408,Redacted Personal Information,£662.50
Manchester City Council,1004,Childrens & Education Services,Foster Payments,21/02/2025,1908738952,Fostering Solutions,£662.46
Manchester City Council,1004,Childrens & Education Services,Third party payments relating to Voluntary Organisations,12/02/2025,1908729385,Redacted Personal Information,£662.40
Manchester City Council,1004,Childrens & Education Services,Third party payments relating to Voluntary Organisations,12/02/2025,1908729533,Redacted Personal Information,£662.40
Manchester City Council,1004,Childrens & Education Services,Foster Payments,19/02/2025,1908736419,Redacted Personal Information,£660.90
Manchester City Council,1004,Childrens & Education Services,Foster Payments,05/02/2025,1908720733,Redacted Personal Information,£660.90
Manchester City Council,1004,Childrens & Education Services,Foster Payments,05/02/2025,1908720359,Redacted Personal Information,£660.62
Manchester City Council,1004,Childrens & Education Services,Foster Payments,19/02/2025,1908736012,Redacted Personal Information,£660.62
Manchester City Council,1005,Adult Social Care,Catering,12/02/2025,5105975852,Manchester Central,£660.00
Manchester City Council,1004,Childrens & Education Services,Third party payments relating to Voluntary Organisations,12/02/2025,1908729446,Redacted Personal Information,£660.00
Manchester City Council,1000,Manchester Leisure,Legal Fees,04/02/2025,1908718492,Bond Turner Solicitors,£660.00
Manchester City Council,1012,Regeneration Finance,Home Care ,18/02/2025,1908734390,Brighter Beginnings Newton Heath,£660.00
Manchester City Council,1004,Childrens & Education Services,"Consumable items eg Toilet rolls, soap etc",03/02/2025,1908717227,CT BROOK ACCOMODATION,£660.00
Manchester City Council,1005,Adult Social Care,Payments for services,12/02/2025,1908729677,Boots UK Ltd,£659.44
Manchester City Council,1002,Hospitality + Trading Services,Gas,27/02/2025,1908744220,SEFE ENERGY Ltd,£659.36
Manchester City Council,1004,Childrens & Education Services,Third party payments relating to Voluntary Organisations,12/02/2025,1908729455,Manchester Creche,£657.60
Manchester City Council,1004,Childrens & Education Services,Payments for services,04/02/2025,5105973854,Sense,£656.96
Manchester City Council,1004,Childrens & Education Services,Payments for services,04/02/2025,5105973853,Sense,£656.96
Manchester City Council,1007,Corporate Services,Agency staff provision,24/02/2025,1908740137,Reed Employment Plc,£656.27
Manchester City Council,1007,Corporate Services,Agency staff provision,04/02/2025,1908718471,Reed Employment Plc,£656.27
Manchester City Council,1007,Corporate Services,Agency staff provision,10/02/2025,1908726320,Reed Employment Plc,£656.27
Manchester City Council,1007,Corporate Services,Agency staff provision,18/02/2025,1908734558,Reed Employment Plc,£656.27
Manchester City Council,1011,Chief Executives,Land Registry fees,14/02/2025,1908733429,H.M. Land Registry,£656.00
Manchester City Council,1000,Manchester Leisure,Special Event,06/02/2025,5105974229,PPL PRS Limited,£655.20
Manchester City Council,1000,Manchester Leisure,"Consumable items eg Toilet rolls, soap etc",13/02/2025,1908730721,TRAVELODGE P CARD ONLY,£655.14
Manchester City Council,1011,Chief Executives,Printing,17/02/2025,5105974918,Browns CTP Ltd,£655.00
Manchester City Council,1005,Adult Social Care,Personal needs of client,20/02/2025,5105976034,Powell Hardware Ltd,£655.00
Manchester City Council,1010,Housing Revenue Account,Gas,27/02/2025,1908744208,SEFE ENERGY Ltd,£654.93
Manchester City Council,1010,Housing Revenue Account,Gas,27/02/2025,1908744146,SEFE ENERGY Ltd,£654.69
Manchester City Council,1002,Hospitality + Trading Services,Water - Metered,27/02/2025,1908744359,Anglian Water Business (National),£654.65
Manchester City Council,1004,Childrens & Education Services,Third party payments relating to Voluntary Organisations,12/02/2025,1908729561,Community Minded Ltd,£654.00
Manchester City Council,1000,Manchester Leisure,Other Allowances,27/02/2025,1908741753,Tusker Direct,£653.65
Manchester City Council,1000,Manchester Leisure,Refuse Collection,17/02/2025,5105975560,GTS Steam Cleaners,£653.21
Manchester City Council,1005,Adult Social Care,"Consumable items eg Toilet rolls, soap etc",13/02/2025,1908730543,HMPASTIES.COM,£653.10
Manchester City Council,1007,Corporate Services,Agency staff provision,24/02/2025,1908740137,Reed Employment Plc,£652.74
Manchester City Council,1007,Corporate Services,Agency staff provision,18/02/2025,1908734558,Reed Employment Plc,£652.74
Manchester City Council,1004,Childrens & Education Services,Foster Payments,05/02/2025,1908720712,Redacted Personal Information,£652.10
Manchester City Council,1004,Childrens & Education Services,Foster Payments,19/02/2025,1908736395,Redacted Personal Information,£652.10
Manchester City Council,1004,Childrens & Education Services,Foster Payments,19/02/2025,1908737012,Redacted Personal Information,£652.10
Manchester City Council,1004,Childrens & Education Services,Foster Payments,19/02/2025,1908736478,Redacted Personal Information,£652.10
Manchester City Council,1004,Childrens & Education Services,Foster Payments,05/02/2025,1908720790,Redacted Personal Information,£652.10
Manchester City Council,1004,Childrens & Education Services,Foster Payments,19/02/2025,1908736978,Redacted Personal Information,£652.10
Manchester City Council,1004,Childrens & Education Services,Foster Payments,19/02/2025,1908736446,Redacted Personal Information,£652.10
Manchester City Council,1004,Childrens & Education Services,Foster Payments,05/02/2025,1908720757,Redacted Personal Information,£652.10
Manchester City Council,1004,Childrens & Education Services,Foster Payments,05/02/2025,1908721044,Redacted Personal Information,£652.10
Manchester City Council,1004,Childrens & Education Services,Foster Payments,05/02/2025,1908721286,Redacted Personal Information,£652.10
Manchester City Council,1010,Housing Revenue Account,Council Dwelling Adaptations,20/02/2025,5105975505,Master Moves Ltd,£651.69
Manchester City Council,1000,Manchester Leisure,Furniture,20/02/2025,5105976964,H Jenkinson & Co Ltd.,£651.65
Manchester City Council,1000,Manchester Leisure,Gas,27/02/2025,1908744143,SEFE ENERGY Ltd,£651.64
Manchester City Council,1003,Environment and Operations,Vehicle Plant Furniture and Equipment,12/02/2025,1908729775,GEAR4MUSIC LIMITED,£651.60
Manchester City Council,1004,Childrens & Education Services,Third party payments relating to Voluntary Organisations,12/02/2025,1908729526,Redacted Personal Information,£650.40
Manchester City Council,1007,Corporate Services,Storage Costs,27/02/2025,5105977807,Apex Self Storage Ltd,£650.07
Manchester City Council,1007,Corporate Services,Storage Costs,27/02/2025,5105977474,Apex Self Storage Ltd,£650.07
Manchester City Council,1000,Manchester Leisure,Compensation Payments,25/02/2025,1908740352,Redacted Personal Information,£650.00
Manchester City Council,1000,Manchester Leisure,Compensation Payments,07/02/2025,1908725518,Redacted Personal Information,£650.00
Manchester City Council,1011,Chief Executives,Counsel Costs,10/02/2025,1908725998,18 St John Street Chambers,£650.00
Manchester City Council,1005,Adult Social Care,Professional fees,21/02/2025,5105976858,Action First iPeople Ltd,£650.00
Manchester City Council,1000,Manchester Leisure,Responsive Repairs Work,20/02/2025,1908737810,Redacted Personal Information,£650.00
Manchester City Council,1011,Chief Executives,Counsel Costs,20/02/2025,1908738748,Cobden House Chambers,£650.00
Manchester City Council,1011,Chief Executives,Counsel Costs,13/02/2025,1908731840,Cobden House Chambers,£650.00
Manchester City Council,1011,Chief Executives,Counsel Costs,07/02/2025,1908725529,Cobden House Chambers,£650.00
Manchester City Council,1011,Chief Executives,Counsel Costs,13/02/2025,1908731836,18 St John Street Chambers,£650.00
Manchester City Council,1011,Chief Executives,Counsel Costs,13/02/2025,1908731826,18 St John Street Chambers,£650.00
Manchester City Council,1011,Chief Executives,Counsel Costs,06/02/2025,1908723626,18 St John Street Chambers,£650.00
Manchester City Council,1011,Chief Executives,Counsel Costs,13/02/2025,1908731824,18 St John Street Chambers,£650.00
Manchester City Council,1011,Chief Executives,Counsel Costs,11/02/2025,1908727035,18 St John Street Chambers,£650.00
Manchester City Council,1011,Chief Executives,Counsel Costs,10/02/2025,1908726016,18 St John Street Chambers,£650.00
Manchester City Council,1005,Adult Social Care,Professional fees,21/02/2025,5105976860,Action First iPeople Ltd,£650.00
Manchester City Council,1002,Hospitality + Trading Services,Professional Fees,27/02/2025,5105977070,MGA Safety Ltd,£650.00
Manchester City Council,1011,Chief Executives,Counsel Costs,19/02/2025,1908735819,18 St John Street Chambers,£650.00
Manchester City Council,1011,Chief Executives,Counsel Costs,27/02/2025,1908745596,18 St John Street Chambers,£650.00
Manchester City Council,1011,Chief Executives,Counsel Costs,27/02/2025,1908745603,18 St John Street Chambers,£650.00
Manchester City Council,1011,Chief Executives,Counsel Costs,27/02/2025,1908745557,18 St John Street Chambers,£650.00
Manchester City Council,1011,Chief Executives,Counsel Costs,20/02/2025,1908738749,18 St John Street Chambers,£650.00
Manchester City Council,1000,Manchester Leisure,Professional fees,12/02/2025,5105974520,Bennett Workplace Solutions Ltd,£650.00
Manchester City Council,1011,Chief Executives,Counsel Costs,27/02/2025,1908745590,18 St John Street Chambers,£650.00
Manchester City Council,1011,Chief Executives,Counsel Costs,20/02/2025,1908738747,18 St John Street Chambers,£650.00
Manchester City Council,1001,Libraries and Theatres,Works and associated costs for Land and Buildings,28/02/2025,5105977631,Seddon Construction Ltd,£647.96
Manchester City Council,1011,Chief Executives,Payments to Sub-Contractors,27/02/2025,5105977787,Redacted Personal Information,£647.27
Manchester City Council,1004,Childrens & Education Services,Foster Payments,05/02/2025,1908720500,Redacted Personal Information,£647.22
Manchester City Council,1004,Childrens & Education Services,Foster Payments,19/02/2025,1908736174,Redacted Personal Information,£647.22
Manchester City Council,1005,Adult Social Care,Payments for services,12/02/2025,1908729709,K's Chemist Ltd,£647.20
Manchester City Council,1011,Chief Executives,Land Registry fees,21/02/2025,1908739104,H.M. Land Registry,£647.00
Manchester City Council,1013,Highways Services,Professional fees,05/02/2025,1908722541,United Utilities (Standpipes Only),£647.00
Manchester City Council,1000,Manchester Leisure,Bed & Breakfast Acc,03/02/2025,1908716899,TRAVELODGE P CARD ONLY,£646.93
Manchester City Council,1005,Adult Social Care,Payments for services,12/02/2025,1908729690,XXXGorgemead Ltd t/a Cohens Chemist,£646.40
Manchester City Council,1004,Childrens & Education Services,Foster Payments,05/02/2025,1908721042,Redacted Personal Information,£646.38
Manchester City Council,1004,Childrens & Education Services,Foster Payments,19/02/2025,1908736722,Redacted Personal Information,£646.38
Manchester City Council,1011,Chief Executives,Payments to Sub-Contractors,10/02/2025,5105973790,Redacted Personal Information,£646.10
Manchester City Council,1011,Chief Executives,Printing,27/02/2025,5105977103,Signage Print Identity Ltd,£645.50
Manchester City Council,1007,Corporate Services,I T Provision,28/02/2025,5105977912,Insight Direct (Uk) Ltd,£645.04
Manchester City Council,1004,Childrens & Education Services,Third party payments relating to Voluntary Organisations,12/02/2025,1908729546,Redacted Personal Information,£644.40
Manchester City Council,1004,Childrens & Education Services,Third party payments relating to Voluntary Organisations,12/02/2025,1908729360,Redacted Personal Information,£644.40
Manchester City Council,1006,Childrens Services,Apprenticeship Levy,28/02/2025,1908745701,HM Revenue & Customs,£644.15
Manchester City Council,1004,Childrens & Education Services,Gas,27/02/2025,1908744126,SEFE ENERGY Ltd,£644.07
Manchester City Council,1012,Regeneration Finance,Adult Placements,19/02/2025,1908735934,Redacted Personal Information,£644.07
Manchester City Council,1000,Manchester Leisure,Bed & Breakfast Acc,03/02/2025,1908717163,TRAVELODGE P CARD ONLY,£643.93
Manchester City Council,1011,Chief Executives,Payments to Sub-Contractors,28/02/2025,5105978198,Redacted Personal Information,£643.86
Manchester City Council,1004,Childrens & Education Services,Foster Payments,19/02/2025,1908736249,Redacted Personal Information,£643.64
Manchester City Council,1004,Childrens & Education Services,Foster Payments,05/02/2025,1908720575,Redacted Personal Information,£643.64
Manchester City Council,1011,Chief Executives,Legal Fees,13/02/2025,1908731988,Weightmans LLP Solicitors,£643.50
Manchester City Council,1004,Childrens & Education Services,Third party payments relating to Voluntary Organisations,12/02/2025,1908729255,Redacted Personal Information,£643.20
Manchester City Council,1004,Childrens & Education Services,Third party payments relating to Voluntary Organisations,12/02/2025,1908729573,Redacted Personal Information,£643.20
Manchester City Council,1004,Childrens & Education Services,Third party payments relating to Voluntary Organisations,12/02/2025,1908729321,Redacted Personal Information,£643.20
Manchester City Council,1004,Childrens & Education Services,Third party payments relating to Voluntary Organisations,12/02/2025,1908729553,Redacted Personal Information,£643.20
Manchester City Council,1004,Childrens & Education Services,Third party payments relating to Voluntary Organisations,12/02/2025,1908729450,Redacted Personal Information,£643.20
Manchester City Council,1004,Childrens & Education Services,Third party payments relating to Voluntary Organisations,12/02/2025,1908729510,Redacted Personal Information,£643.20
Manchester City Council,1007,Corporate Services,WPS Awards,28/02/2025,5105978066,Furniture Resource Centre Ltd,£643.15
Manchester City Council,1004,Childrens & Education Services,Foster Payments,19/02/2025,1908736128,Redacted Personal Information,£642.80
Manchester City Council,1004,Childrens & Education Services,Foster Payments,05/02/2025,1908720457,Redacted Personal Information,£642.80
Manchester City Council,1012,Regeneration Finance,Adult Placements,05/02/2025,1908722358,Redacted Personal Information,£640.64
Manchester City Council,1011,Chief Executives,Agency staff provision,18/02/2025,1908734558,Reed Employment Plc,£640.62
Manchester City Council,1005,Adult Social Care,Payments for services,12/02/2025,1908729691,Gorgemead Ltd T/A Cohens Chemist,£640.60
Manchester City Council,1004,Childrens & Education Services,Foster Payments,19/02/2025,1908736016,Redacted Personal Information,£639.30
Manchester City Council,1004,Childrens & Education Services,Foster Payments,05/02/2025,1908720363,Redacted Personal Information,£639.30
Manchester City Council,1004,Childrens & Education Services,Foster Payments,19/02/2025,1908737013,Redacted Personal Information,£638.39
Manchester City Council,1011,Chief Executives,Agency staff provision,24/02/2025,1908740137,Reed Employment Plc,£638.16
Manchester City Council,1004,Childrens & Education Services,Foster Payments,19/02/2025,1908736590,Redacted Personal Information,£637.92
Manchester City Council,1004,Childrens & Education Services,Foster Payments,05/02/2025,1908720900,Redacted Personal Information,£637.92
Manchester City Council,1000,Manchester Leisure,Agency staff provision,10/02/2025,1908726320,Reed Employment Plc,£637.66
Manchester City Council,1004,Childrens & Education Services,Third party payments relating to Voluntary Organisations,12/02/2025,1908729587,Vine Playgroup,£637.20
Manchester City Council,1004,Childrens & Education Services,Third party payments relating to Voluntary Organisations,12/02/2025,1908729530,Redacted Personal Information,£637.20
Manchester City Council,1007,Corporate Services,I T Provision,10/02/2025,5105974600,Iron Mountain,£636.83
Manchester City Council,1011,Chief Executives,Agency staff provision,10/02/2025,1908726320,Reed Employment Plc,£636.38
Manchester City Council,1000,Manchester Leisure,Gas,27/02/2025,1908744084,SEFE ENERGY Ltd,£634.98
Manchester City Council,1004,Childrens & Education Services,Foster Payments,05/02/2025,1908720754,Redacted Personal Information,£634.80
Manchester City Council,1004,Childrens & Education Services,Foster Payments,19/02/2025,1908736609,Redacted Personal Information,£634.80
Manchester City Council,1004,Childrens & Education Services,Foster Payments,05/02/2025,1908720925,Redacted Personal Information,£634.80
Manchester City Council,1004,Childrens & Education Services,Foster Payments,19/02/2025,1908736665,Redacted Personal Information,£634.80
Manchester City Council,1004,Childrens & Education Services,Foster Payments,05/02/2025,1908720981,Redacted Personal Information,£634.80
Manchester City Council,1004,Childrens & Education Services,Foster Payments,19/02/2025,1908736613,Redacted Personal Information,£634.80
Manchester City Council,1004,Childrens & Education Services,Foster Payments,05/02/2025,1908720939,Redacted Personal Information,£634.80
Manchester City Council,1004,Childrens & Education Services,Foster Payments,19/02/2025,1908737017,Redacted Personal Information,£634.80
Manchester City Council,1004,Childrens & Education Services,Foster Payments,05/02/2025,1908720502,Redacted Personal Information,£634.80
Manchester City Council,1004,Childrens & Education Services,Foster Payments,19/02/2025,1908737016,Redacted Personal Information,£634.80
Manchester City Council,1004,Childrens & Education Services,Foster Payments,05/02/2025,1908720919,Redacted Personal Information,£634.80
Manchester City Council,1004,Childrens & Education Services,Foster Payments,19/02/2025,1908736633,Redacted Personal Information,£634.80
Manchester City Council,1004,Childrens & Education Services,Foster Payments,19/02/2025,1908736625,Redacted Personal Information,£634.80
Manchester City Council,1004,Childrens & Education Services,Foster Payments,05/02/2025,1908720947,Redacted Personal Information,£634.80
Manchester City Council,1004,Childrens & Education Services,Foster Payments,19/02/2025,1908736448,Redacted Personal Information,£634.80
Manchester City Council,1004,Childrens & Education Services,Foster Payments,19/02/2025,1908736443,Redacted Personal Information,£634.80
Manchester City Council,1004,Childrens & Education Services,Foster Payments,05/02/2025,1908720759,Redacted Personal Information,£634.80
Manchester City Council,1004,Childrens & Education Services,Third party payments relating to Voluntary Organisations,12/02/2025,1908729559,Redacted Personal Information,£634.80
Manchester City Council,1004,Childrens & Education Services,Third party payments relating to Voluntary Organisations,12/02/2025,1908729377,Redacted Personal Information,£634.80
Manchester City Council,1004,Childrens & Education Services,Foster Payments,19/02/2025,1908736176,Redacted Personal Information,£634.80
Manchester City Council,1007,Corporate Services,Water - Metered,27/02/2025,1908744348,Anglian Water Business (National),£634.49
Manchester City Council,1004,Childrens & Education Services,Paper & Envelopes,03/02/2025,1908716740,EE / Orange,£633.80
Manchester City Council,1000,Manchester Leisure,Goods purchased for resale in Council outlets,10/02/2025,5105974068,U Studio Design Ltd,£632.16
Manchester City Council,1000,Manchester Leisure,Bed & Breakfast Acc,26/02/2025,5105977634,Redacted Personal Information,£632.00
Manchester City Council,1007,Corporate Services,Compensation Payments,05/02/2025,1908714809,Newlyn Plc,£632.00
Manchester City Council,1004,Childrens & Education Services,"Consumable items eg Toilet rolls, soap etc",13/02/2025,1908731215,DAVES CARPET WAREHAOUSE,£632.00
Manchester City Council,1011,Chief Executives,Payments to Sub-Contractors,04/02/2025,5105973809,Redacted Personal Information,£631.69
Manchester City Council,1004,Childrens & Education Services,Third party payments relating to Voluntary Organisations,12/02/2025,1908729299,Excellent Excel Ltd,£631.20
Manchester City Council,1000,Manchester Leisure,"Consumable items eg Toilet rolls, soap etc",03/02/2025,1908717608,8361 MO MANCHEST R EX,£630.00
Manchester City Council,1004,Childrens & Education Services,Third party payments relating to Voluntary Organisations,12/02/2025,1908729583,Redacted Personal Information,£630.00
Manchester City Council,1000,Manchester Leisure,"Consumable items eg Toilet rolls, soap etc",13/02/2025,1908730778,8361 MO MANCHEST R EX,£630.00
Manchester City Council,1004,Childrens & Education Services,Third party payments relating to Voluntary Organisations,12/02/2025,1908729407,Redacted Personal Information,£630.00
Manchester City Council,1000,Manchester Leisure,Training and Development,10/02/2025,1908725959,SPEEDY ASSET SERVICES LTD,£630.00
Manchester City Council,1000,Manchester Leisure,"Consumable items eg Toilet rolls, soap etc",13/02/2025,1908731018,8361 MO MANCHEST R EX,£630.00
Manchester City Council,1000,Manchester Leisure,"Consumable items eg Toilet rolls, soap etc",13/02/2025,1908730557,8361 MO MANCHEST R EX,£630.00
Manchester City Council,1011,Chief Executives,Professional fees,06/02/2025,5105974325,The Manchester Light & Stage,£630.00
Manchester City Council,1005,Adult Social Care,Equipment,28/02/2025,5105974815,Briggs Equipment UK Limited,£629.53
Manchester City Council,1012,Regeneration Finance,Adult Placements,05/02/2025,1908722352,Redacted Personal Information,£629.20
Manchester City Council,1004,Childrens & Education Services,Third party payments relating to Voluntary Organisations,12/02/2025,1908729305,Redacted Personal Information,£628.80
Manchester City Council,1004,Childrens & Education Services,Third party payments relating to Voluntary Organisations,12/02/2025,1908729497,Redacted Personal Information,£628.80
Manchester City Council,1005,Adult Social Care,Furniture,27/02/2025,5105978030,Master Moves Ltd,£628.72
Manchester City Council,1005,Adult Social Care,Adult Placements,05/02/2025,1908722439,Redacted Personal Information,£628.60
Manchester City Council,1007,Corporate Services,Furniture,27/02/2025,5105977008,Bennett Workplace Solutions Ltd,£628.00
Manchester City Council,1004,Childrens & Education Services,Foster Payments,19/02/2025,1908736440,Redacted Personal Information,£627.94
Manchester City Council,1004,Childrens & Education Services,Foster Payments,05/02/2025,1908720752,Redacted Personal Information,£627.94
Manchester City Council,1000,Manchester Leisure,Agency staff provision,04/02/2025,1908718471,Reed Employment Plc,£627.84
Manchester City Council,1012,Regeneration Finance,External repairs and maintenance for buildings,25/02/2025,5105976057,Drees & Sommer UK Limited,£627.57
Manchester City Council,1004,Childrens & Education Services,Foster Payments,05/02/2025,1908721369,Redacted Personal Information,£627.22
Manchester City Council,1004,Childrens & Education Services,Foster Payments,19/02/2025,1908736987,Redacted Personal Information,£627.22
Manchester City Council,1004,Childrens & Education Services,Carer Support Payments ,28/02/2025,5105978166,Redacted Personal Information,£627.00
Manchester City Council,1011,Chief Executives,Legal Fees,13/02/2025,1908731987,Weightmans LLP Solicitors,£627.00
Manchester City Council,1002,Hospitality + Trading Services,Funeral and coroner related services,10/02/2025,5105973605,Teleshore (Uk) Ltd,£626.00
Manchester City Council,1000,Manchester Leisure,Electricity,27/02/2025,1908745356,Haven Power Ltd,£625.22
Manchester City Council,1004,Childrens & Education Services,Third party payments relating to Voluntary Organisations,12/02/2025,1908729494,Redacted Personal Information,£625.20
Manchester City Council,1000,Manchester Leisure,Legal Fees,26/02/2025,1908742291,Redacted Personal Information,£625.00
Manchester City Council,1004,Childrens & Education Services,Professional fees,28/02/2025,1908746086,Alpha Biolaboratories Limited,£625.00
Manchester City Council,1000,Manchester Leisure,Professional fees,14/02/2025,5105974993,University of M/cr Students Union,£625.00
Manchester City Council,1000,Manchester Leisure,Hire of Machinery,14/02/2025,5105976408,T.H. Horn Ltd,£625.00
Manchester City Council,1002,Hospitality + Trading Services,Compensation Payments,18/02/2025,1908734553,Redacted Personal Information,£625.00
Manchester City Council,1000,Manchester Leisure,Hire of Machinery,14/02/2025,5105976409,T.H. Horn Ltd,£625.00
Manchester City Council,1011,Chief Executives,Legal Fees,17/02/2025,1908733534,Redacted Personal Information,£624.87
Manchester City Council,1004,Childrens & Education Services,Bed & Breakfast Acc,03/02/2025,1908717193,BOOKING.COM,£624.00
Manchester City Council,1012,Regeneration Finance,Agency staff provision,04/02/2025,1908718471,Reed Employment Plc,£623.90
Manchester City Council,1012,Regeneration Finance,Agency staff provision,24/02/2025,1908740137,Reed Employment Plc,£623.90
Manchester City Council,1000,Manchester Leisure,Agency staff provision,18/02/2025,1908734558,Reed Employment Plc,£623.90
Manchester City Council,1012,Regeneration Finance,Agency staff provision,18/02/2025,1908734558,Reed Employment Plc,£623.90
Manchester City Council,1012,Regeneration Finance,Agency staff provision,10/02/2025,1908726320,Reed Employment Plc,£623.90
Manchester City Council,1012,Regeneration Finance,Adult Placements,19/02/2025,1908735937,Redacted Personal Information,£623.48
Manchester City Council,1004,Childrens & Education Services,Foster Payments,19/02/2025,1908736023,Redacted Personal Information,£623.22
Manchester City Council,1004,Childrens & Education Services,Foster Payments,05/02/2025,1908720369,Redacted Personal Information,£623.22
Manchester City Council,1010,Housing Revenue Account,Council Dwelling Adaptations,03/02/2025,1908716169,Redacted Personal Information,£620.00
Manchester City Council,1000,Manchester Leisure,Removal and Storage of Furniture,07/02/2025,5105974661,CPD Property Services,£620.00
Manchester City Council,1004,Childrens & Education Services,Third party payments to other Local Authorities,28/02/2025,5105978082,Reaseheath College,£619.97
Manchester City Council,1012,Regeneration Finance,Equipment,04/02/2025,5105973734,Siemens Financial Services Ltd,£618.97
Manchester City Council,1005,Adult Social Care,Equipment,07/02/2025,5105974688,Winncare PAC Limited,£618.80
Manchester City Council,1013,Highways Services,Electricity,27/02/2025,1908745311,Haven Power Ltd,£618.14
Manchester City Council,1007,Corporate Services,WPS Awards,24/02/2025,5105977105,Furniture Resource Centre Ltd,£618.11
Manchester City Council,1004,Childrens & Education Services,Third party payments relating to Voluntary Organisations,12/02/2025,1908729389,Redacted Personal Information,£618.00
Manchester City Council,1004,Childrens & Education Services,Third party payments relating to Voluntary Organisations,12/02/2025,1908729550,Redacted Personal Information,£618.00
Manchester City Council,1004,Childrens & Education Services,Third party payments relating to Voluntary Organisations,12/02/2025,1908729301,Redacted Personal Information,£618.00
Manchester City Council,1004,Childrens & Education Services,Third party payments relating to Voluntary Organisations,12/02/2025,1908729551,Redacted Personal Information,£618.00
Manchester City Council,1004,Childrens & Education Services,Third party payments relating to Voluntary Organisations,12/02/2025,1908729366,Redacted Personal Information,£618.00
Manchester City Council,1004,Childrens & Education Services,Third party payments relating to Voluntary Organisations,12/02/2025,1908729493,Redacted Personal Information,£618.00
Manchester City Council,1004,Childrens & Education Services,Third party payments relating to Voluntary Organisations,12/02/2025,1908729330,Redacted Personal Information,£618.00
Manchester City Council,1004,Childrens & Education Services,Third party payments relating to Voluntary Organisations,12/02/2025,1908729570,Redacted Personal Information,£618.00
Manchester City Council,1004,Childrens & Education Services,Third party payments relating to Voluntary Organisations,12/02/2025,1908729307,Redacted Personal Information,£618.00
Manchester City Council,1004,Childrens & Education Services,Third party payments relating to Voluntary Organisations,12/02/2025,1908729606,Redacted Personal Information,£618.00
Manchester City Council,1004,Childrens & Education Services,Third party payments relating to Voluntary Organisations,12/02/2025,1908729332,Redacted Personal Information,£618.00
Manchester City Council,1005,Adult Social Care,Third party payments to Health Authority,06/02/2025,5105974553,NHS Supply Chain,£615.96
Manchester City Council,1011,Chief Executives,Legal Fees,26/02/2025,1908742218,Redacted Personal Information,£615.00
Manchester City Council,1000,Manchester Leisure,Goods purchased for resale in Council outlets,28/02/2025,5105977373,Art Angels Publishing Ltd,£615.00
Manchester City Council,1000,Manchester Leisure,Hire of Premises,03/02/2025,1908717863,BOAT AND HORSES,£615.00
Manchester City Council,1002,Hospitality + Trading Services,Professional fees,25/02/2025,5105977282,Triscan Systems Ltd,£615.00
Manchester City Council,1002,Hospitality + Trading Services,Professional fees,24/02/2025,5105977270,Triscan Systems Ltd,£615.00
Manchester City Council,1000,Manchester Leisure,Bed & Breakfast Acc,03/02/2025,1908717119,TRAVELODGE P CARD ONLY,£614.93
Manchester City Council,1005,Adult Social Care,Equipment,28/02/2025,5105977489,Drive Devilbiss Healthcare Ltd,£614.80
Manchester City Council,1007,Corporate Services,Electricity,27/02/2025,1908745164,Haven Power Ltd,£614.79
Manchester City Council,1000,Manchester Leisure,Water - Metered,27/02/2025,1908744514,Anglian Water Business (National),£614.50
Manchester City Council,1004,Childrens & Education Services,Foster Payments,19/02/2025,1908736230,Redacted Personal Information,£612.34
Manchester City Council,1004,Childrens & Education Services,Foster Payments,05/02/2025,1908720557,Redacted Personal Information,£612.34
Manchester City Council,1002,Hospitality + Trading Services,Grant Payments,20/02/2025,5105976991,Basis (Registration) Ltd,£612.00
Manchester City Council,1011,Chief Executives,Payments to Sub-Contractors,10/02/2025,5105974736,Redacted Personal Information,£611.66
Manchester City Council,1000,Manchester Leisure,Professional fees,11/02/2025,5105974155,Breanheath Limited,£611.65
Manchester City Council,1000,Manchester Leisure,Professional fees,28/02/2025,5105977596,Breanheath Limited,£611.65
Manchester City Council,1007,Corporate Services,Electricity,27/02/2025,1908745360,Haven Power Ltd,£611.35
Manchester City Council,1004,Childrens & Education Services,Gas,27/02/2025,1908744157,SEFE ENERGY Ltd,£611.03
Manchester City Council,1000,Manchester Leisure,Goods purchased for resale in Council outlets,17/02/2025,5105975875,Cornflower Ltd,£611.00
Manchester City Council,1011,Chief Executives,Printing,10/02/2025,5105973792,Browns CTP Ltd,£610.00
Manchester City Council,1004,Childrens & Education Services,Gas,05/02/2025,5105974358,Early Inspirations Nursery,£609.54
Manchester City Council,1004,Childrens & Education Services,Training and Development,07/02/2025,5105974673,Deaf Solutions 3,£608.00
Manchester City Council,1005,Adult Social Care,Payments for services,12/02/2025,1908729680,Boots UK Ltd,£606.91
Manchester City Council,1002,Hospitality + Trading Services,Hire of Machinery,10/02/2025,5105974911,R & M Developments Ltd,£606.67
Manchester City Council,1002,Hospitality + Trading Services,Hire of Machinery,10/02/2025,5105974912,R & M Developments Ltd,£606.67
Manchester City Council,1002,Hospitality + Trading Services,Hire of Machinery,10/02/2025,5105974748,R & M Developments Ltd,£606.67
Manchester City Council,1000,Manchester Leisure,Agency staff provision,10/02/2025,1908726320,Reed Employment Plc,£606.07
Manchester City Council,1000,Manchester Leisure,"Consumable items eg Toilet rolls, soap etc",13/02/2025,1908730748,Asda Group Ltd (CARD ONLY),£605.61
Manchester City Council,1011,Chief Executives,Legal Fees,17/02/2025,1908733533,Redacted Personal Information,£605.57
Manchester City Council,1000,Manchester Leisure,Professional fees,27/02/2025,5105977793,Redacted Personal Information,£605.50
Manchester City Council,1012,Regeneration Finance,Home Care ,18/02/2025,1908734386,Brighter Beginnings Charlestown,£604.95
Manchester City Council,1005,Adult Social Care,Adult Placements,19/02/2025,1908735894,Redacted Personal Information,£604.80
Manchester City Council,1000,Manchester Leisure,Hire of Premises,17/02/2025,1908734270,TRAVELODGE P CARD ONLY,£604.70
Manchester City Council,1000,Manchester Leisure,Legal Fees,03/02/2025,1908717816,Peasegoods,£603.74
Manchester City Council,1004,Childrens & Education Services,Foster Payments,19/02/2025,1908736975,Redacted Personal Information,£603.72
Manchester City Council,1004,Childrens & Education Services,Foster Payments,05/02/2025,1908721212,Redacted Personal Information,£603.72
Manchester City Council,1004,Childrens & Education Services,Electricity,27/02/2025,1908745357,Haven Power Ltd,£603.71
Manchester City Council,1012,Regeneration Finance,Equipment,10/02/2025,5105975179,Arco Group Ltd,£603.60
Manchester City Council,1004,Childrens & Education Services,Third party payments relating to Voluntary Organisations,12/02/2025,1908729099,Redacted Personal Information,£603.36
Manchester City Council,1005,Adult Social Care,Payments for services,14/02/2025,1908733287,Bowland Medical Practice,£602.60
Manchester City Council,1004,Childrens & Education Services,"Consumable items eg Toilet rolls, soap etc",13/02/2025,1908730642,BOOKING.COM,£602.25
Manchester City Council,1000,Manchester Leisure,"Consumable items eg Toilet rolls, soap etc",13/02/2025,1908730969,TRAVELODGE P CARD ONLY,£601.93
Manchester City Council,1004,Childrens & Education Services,Foster Payments,19/02/2025,1908736411,Redacted Personal Information,£601.54
Manchester City Council,1004,Childrens & Education Services,Foster Payments,05/02/2025,1908720725,Redacted Personal Information,£601.54
Manchester City Council,1011,Chief Executives,Income - Notices,05/02/2025,1908722289,Redacted Personal Information,£601.50
Manchester City Council,1011,Chief Executives,Professional fees,06/02/2025,1908723631,Pickering Psychology Services Ltd,£600.95
Manchester City Council,1004,Childrens & Education Services,Foster Payments,19/02/2025,1908736948,Redacted Personal Information,£600.42
Manchester City Council,1004,Childrens & Education Services,Foster Payments,05/02/2025,1908720639,Redacted Personal Information,£600.42
Manchester City Council,1011,Chief Executives,General Office expenses,03/02/2025,1908717812,Fraud Advisory Services Ltd,£600.06
Manchester City Council,1011,Chief Executives,Advertising,10/02/2025,5105974508,Fonemedia Limited,£600.00
Manchester City Council,1012,Regeneration Finance,Professional fees,28/02/2025,5105978196,Belgrave Conservation,£600.00
Manchester City Council,1011,Chief Executives,Counsel Costs,27/02/2025,1908745601,Redacted Personal Information,£600.00
Manchester City Council,1011,Chief Executives,Counsel Costs,27/02/2025,1908745591,Redacted Personal Information,£600.00
Manchester City Council,1011,Chief Executives,Counsel Costs,13/02/2025,1908731832,Redacted Personal Information,£600.00
Manchester City Council,1002,Hospitality + Trading Services,Building Materials for direct delivery,03/02/2025,1908716623,LES THE BAKER MCR,£600.00
Manchester City Council,1004,Childrens & Education Services,Grant Payments,13/02/2025,5105976025,Cornerstone Design and Marketing,£600.00
Manchester City Council,1000,Manchester Leisure,Compensation Payments,25/02/2025,1908740380,Redacted Personal Information,£600.00
Manchester City Council,1000,Manchester Leisure,Compensation Payments,25/02/2025,1908740359,Redacted Personal Information,£600.00
Manchester City Council,1000,Manchester Leisure,Professional fees,11/02/2025,5105975125,Common Practices Ltd,£600.00
Manchester City Council,1004,Childrens & Education Services,Grant Payments,14/02/2025,5105976137,Cornerstone Design and Marketing,£600.00
Manchester City Council,1011,Chief Executives,Counsel Costs,21/02/2025,1908739073,Redacted Personal Information,£600.00
Manchester City Council,1004,Childrens & Education Services,Residential Care Homes Payments,07/02/2025,1908725800,GS Social Care Solutions Ltd,£600.00
Manchester City Council,1004,Childrens & Education Services,Foster Payments,19/02/2025,1908736827,Redacted Personal Information,£600.00
Manchester City Council,1011,Chief Executives,Counsel Costs,20/02/2025,1908738486,Redacted Personal Information,£600.00
Manchester City Council,1011,Chief Executives,Counsel Costs,18/02/2025,1908734451,Redacted Personal Information,£600.00
Manchester City Council,1000,Manchester Leisure,Professional fees,21/02/2025,5105977188,Trafford Media & Communication Ltd,£600.00
Manchester City Council,1004,Childrens & Education Services,"Consumable items eg Toilet rolls, soap etc",03/02/2025,1908717284,DAVES CARPET WAREHAOUSE,£600.00
Manchester City Council,1000,Manchester Leisure,"Consumable items eg Toilet rolls, soap etc",03/02/2025,1908717535,SQ *AM7 GROUP LTD,£600.00
Manchester City Council,1011,Chief Executives,Counsel Costs,18/02/2025,1908734554,Redacted Personal Information,£600.00
Manchester City Council,1011,Chief Executives,Counsel Costs,13/02/2025,1908731838,Holborn Chambers,£600.00
Manchester City Council,1010,Housing Revenue Account,Expenditure re Internal Trading Ordered Externally,11/02/2025,5105975156,British Muslim Heritage Centre,£600.00
Manchester City Council,1000,Manchester Leisure,Compensation Payments,14/02/2025,1908733248,Redacted Personal Information,£600.00
Manchester City Council,1000,Manchester Leisure,Goods purchased for resale in Council outlets,24/02/2025,5105977372,Cornflower Ltd,£600.00
Manchester City Council,1011,Chief Executives,Counsel Costs,20/02/2025,1908738483,Redacted Personal Information,£600.00
Manchester City Council,1011,Chief Executives,Counsel Costs,12/02/2025,1908728406,Redacted Personal Information,£600.00
Manchester City Council,1000,Manchester Leisure,Supporting People Payments,28/02/2025,5105977416,Barlow Moor Community Association,£600.00
Manchester City Council,1000,Manchester Leisure,Legal Fees,26/02/2025,1908742691,Pinnacle Building and Surveying,£600.00
Manchester City Council,1011,Chief Executives,Counsel Costs,06/02/2025,1908723618,Central Chambers,£600.00
Manchester City Council,1000,Manchester Leisure,Legal Fees,13/02/2025,1908731993,Pinnacle Building and Surveying,£600.00
Manchester City Council,1000,Manchester Leisure,Professional fees,14/02/2025,5105976068,Redacted Personal Information,£600.00
Manchester City Council,1005,Adult Social Care,Equipment,28/02/2025,5105978087,Aidapt Bathrooms Ltd,£600.00
Manchester City Council,1000,Manchester Leisure,Professional fees,05/02/2025,1908722278,Pinnacle Building and Surveying,£600.00
Manchester City Council,1011,Chief Executives,Land Registry fees,14/02/2025,1908733456,H.M. Land Registry,£599.00
Manchester City Council,1004,Childrens & Education Services,Foster Payments,19/02/2025,1908736195,Redacted Personal Information,£598.80
Manchester City Council,1004,Childrens & Education Services,Foster Payments,05/02/2025,1908720519,Redacted Personal Information,£598.80
Manchester City Council,1004,Childrens & Education Services,Foster Payments,05/02/2025,1908720668,Redacted Personal Information,£598.02
Manchester City Council,1004,Childrens & Education Services,Foster Payments,19/02/2025,1908736343,Redacted Personal Information,£598.02
Manchester City Council,1012,Regeneration Finance,Agency staff provision,10/02/2025,1908726320,Reed Employment Plc,£597.24
Manchester City Council,1012,Regeneration Finance,Agency staff provision,24/02/2025,1908740137,Reed Employment Plc,£597.24
Manchester City Council,1007,Corporate Services,Grant and subscriptions awarded,17/02/2025,5105974914,Tameside Metropolitan Bouough,£597.21
Manchester City Council,1000,Manchester Leisure,"Consumable items eg Toilet rolls, soap etc",10/02/2025,1908725941,SP DUSK.COM,£596.65
Manchester City Council,1004,Childrens & Education Services,"Consumable items eg Toilet rolls, soap etc",13/02/2025,1908731218,Argos Business Solutions,£595.95
Manchester City Council,1013,Highways Services,Building Materials for direct delivery,14/02/2025,5105976243,Wolseley Util Ltd T/A Burdens,£595.09
Manchester City Council,1000,Manchester Leisure,Cleaning Equipment,04/02/2025,5105973697,CPD Property Services,£595.00
Manchester City Council,1004,Childrens & Education Services,Equipment,03/02/2025,1908716846,Tesco PLC (CARD ONLY),£595.00
Manchester City Council,1005,Adult Social Care,Adult Placements,19/02/2025,1908735896,Redacted Personal Information,£594.88
Manchester City Council,1007,Corporate Services,Works and associated costs for Land and Buildings,12/02/2025,5105975854,Manchester Central,£594.11
Manchester City Council,1004,Childrens & Education Services,Foster Payments,19/02/2025,1908736692,Redacted Personal Information,£594.00
Manchester City Council,1004,Childrens & Education Services,Foster Payments,05/02/2025,1908720389,Redacted Personal Information,£594.00
Manchester City Council,1004,Childrens & Education Services,Foster Payments,19/02/2025,1908736068,Redacted Personal Information,£594.00
Manchester City Council,1004,Childrens & Education Services,Foster Payments,05/02/2025,1908720390,Redacted Personal Information,£594.00
Manchester City Council,1004,Childrens & Education Services,Foster Payments,05/02/2025,1908720953,Redacted Personal Information,£594.00
Manchester City Council,1004,Childrens & Education Services,Foster Payments,19/02/2025,1908736985,Redacted Personal Information,£594.00
Manchester City Council,1004,Childrens & Education Services,Foster Payments,19/02/2025,1908736685,Redacted Personal Information,£594.00
Manchester City Council,1004,Childrens & Education Services,Foster Payments,05/02/2025,1908720995,Redacted Personal Information,£594.00
Manchester City Council,1004,Childrens & Education Services,Foster Payments,19/02/2025,1908736821,Redacted Personal Information,£594.00
Manchester City Council,1004,Childrens & Education Services,Foster Payments,05/02/2025,1908721130,Redacted Personal Information,£594.00
Manchester City Council,1004,Childrens & Education Services,Foster Payments,19/02/2025,1908736125,Redacted Personal Information,£594.00
Manchester City Council,1004,Childrens & Education Services,Foster Payments,19/02/2025,1908736820,Redacted Personal Information,£594.00
Manchester City Council,1004,Childrens & Education Services,Foster Payments,05/02/2025,1908721010,Redacted Personal Information,£594.00
Manchester City Council,1004,Childrens & Education Services,Foster Payments,19/02/2025,1908736070,Redacted Personal Information,£594.00
Manchester City Council,1004,Childrens & Education Services,Foster Payments,19/02/2025,1908736784,Redacted Personal Information,£594.00
Manchester City Council,1004,Childrens & Education Services,Foster Payments,19/02/2025,1908736069,Redacted Personal Information,£594.00
Manchester City Council,1004,Childrens & Education Services,Foster Payments,05/02/2025,1908720386,Redacted Personal Information,£594.00
Manchester City Council,1004,Childrens & Education Services,Foster Payments,19/02/2025,1908736503,Redacted Personal Information,£594.00
Manchester City Council,1004,Childrens & Education Services,Foster Payments,19/02/2025,1908736718,Redacted Personal Information,£594.00
Manchester City Council,1004,Childrens & Education Services,Foster Payments,19/02/2025,1908736065,Redacted Personal Information,£594.00
Manchester City Council,1004,Childrens & Education Services,Foster Payments,05/02/2025,1908721082,Redacted Personal Information,£594.00
Manchester City Council,1004,Childrens & Education Services,Foster Payments,05/02/2025,1908720816,Redacted Personal Information,£594.00
Manchester City Council,1004,Childrens & Education Services,Foster Payments,05/02/2025,1908721137,Redacted Personal Information,£594.00
Manchester City Council,1004,Childrens & Education Services,Foster Payments,05/02/2025,1908721023,Redacted Personal Information,£594.00
Manchester City Council,1004,Childrens & Education Services,Foster Payments,19/02/2025,1908736703,Redacted Personal Information,£594.00
Manchester City Council,1004,Childrens & Education Services,Foster Payments,05/02/2025,1908720931,Redacted Personal Information,£594.00
Manchester City Council,1004,Childrens & Education Services,Foster Payments,19/02/2025,1908736765,Redacted Personal Information,£594.00
Manchester City Council,1004,Childrens & Education Services,Foster Payments,05/02/2025,1908720954,Redacted Personal Information,£594.00
Manchester City Council,1004,Childrens & Education Services,Foster Payments,19/02/2025,1908736639,Redacted Personal Information,£594.00
Manchester City Council,1004,Childrens & Education Services,Foster Payments,05/02/2025,1908720390,Redacted Personal Information,£594.00
Manchester City Council,1004,Childrens & Education Services,Foster Payments,19/02/2025,1908736767,Redacted Personal Information,£594.00
Manchester City Council,1004,Childrens & Education Services,Foster Payments,19/02/2025,1908736397,Redacted Personal Information,£594.00
Manchester City Council,1004,Childrens & Education Services,Foster Payments,05/02/2025,1908721104,Redacted Personal Information,£594.00
Manchester City Council,1004,Childrens & Education Services,Foster Payments,05/02/2025,1908720714,Redacted Personal Information,£594.00
Manchester City Council,1004,Childrens & Education Services,Foster Payments,05/02/2025,1908721090,Redacted Personal Information,£594.00
Manchester City Council,1004,Childrens & Education Services,Foster Payments,05/02/2025,1908720932,Redacted Personal Information,£594.00
Manchester City Council,1004,Childrens & Education Services,Foster Payments,05/02/2025,1908720453,Redacted Personal Information,£594.00
Manchester City Council,1004,Childrens & Education Services,Foster Payments,05/02/2025,1908720748,Redacted Personal Information,£594.00
Manchester City Council,1004,Childrens & Education Services,Foster Payments,05/02/2025,1908721144,Redacted Personal Information,£594.00
Manchester City Council,1004,Childrens & Education Services,Foster Payments,05/02/2025,1908720384,Redacted Personal Information,£594.00
Manchester City Council,1004,Childrens & Education Services,Foster Payments,19/02/2025,1908736634,Redacted Personal Information,£594.00
Manchester City Council,1004,Childrens & Education Services,Foster Payments,05/02/2025,1908721056,Redacted Personal Information,£594.00
Manchester City Council,1004,Childrens & Education Services,Foster Payments,19/02/2025,1908736737,Redacted Personal Information,£594.00
Manchester City Council,1004,Childrens & Education Services,Foster Payments,19/02/2025,1908736721,Redacted Personal Information,£594.00
Manchester City Council,1004,Childrens & Education Services,Foster Payments,19/02/2025,1908736972,Redacted Personal Information,£594.00
Manchester City Council,1004,Childrens & Education Services,Foster Payments,19/02/2025,1908736592,Redacted Personal Information,£594.00
Manchester City Council,1004,Childrens & Education Services,Foster Payments,05/02/2025,1908720902,Redacted Personal Information,£594.00
Manchester City Council,1004,Childrens & Education Services,Foster Payments,05/02/2025,1908721126,Redacted Personal Information,£594.00
Manchester City Council,1004,Childrens & Education Services,Foster Payments,05/02/2025,1908721084,Redacted Personal Information,£594.00
Manchester City Council,1004,Childrens & Education Services,Foster Payments,19/02/2025,1908736808,Redacted Personal Information,£594.00
Manchester City Council,1004,Childrens & Education Services,Foster Payments,19/02/2025,1908736824,Redacted Personal Information,£594.00
Manchester City Council,1004,Childrens & Education Services,Foster Payments,19/02/2025,1908736620,Redacted Personal Information,£594.00
Manchester City Council,1004,Childrens & Education Services,Foster Payments,05/02/2025,1908720933,Redacted Personal Information,£594.00
Manchester City Council,1004,Childrens & Education Services,Foster Payments,05/02/2025,1908720948,Redacted Personal Information,£594.00
Manchester City Council,1004,Childrens & Education Services,Foster Payments,19/02/2025,1908736749,Redacted Personal Information,£594.00
Manchester City Council,1004,Childrens & Education Services,Foster Payments,05/02/2025,1908721140,Redacted Personal Information,£594.00
Manchester City Council,1004,Childrens & Education Services,Foster Payments,05/02/2025,1908720391,Redacted Personal Information,£594.00
Manchester City Council,1004,Childrens & Education Services,Foster Payments,19/02/2025,1908736399,Redacted Personal Information,£594.00
Manchester City Council,1004,Childrens & Education Services,Foster Payments,05/02/2025,1908720716,Redacted Personal Information,£594.00
Manchester City Council,1004,Childrens & Education Services,Foster Payments,05/02/2025,1908721077,Redacted Personal Information,£594.00
Manchester City Council,1004,Childrens & Education Services,Foster Payments,19/02/2025,1908736396,Redacted Personal Information,£594.00
Manchester City Council,1004,Childrens & Education Services,Foster Payments,05/02/2025,1908720713,Redacted Personal Information,£594.00
Manchester City Council,1004,Childrens & Education Services,Foster Payments,19/02/2025,1908736812,Redacted Personal Information,£594.00
Manchester City Council,1004,Childrens & Education Services,Foster Payments,19/02/2025,1908736436,Redacted Personal Information,£594.00
Manchester City Council,1004,Childrens & Education Services,Foster Payments,19/02/2025,1908736678,Redacted Personal Information,£594.00
Manchester City Council,1004,Childrens & Education Services,Foster Payments,05/02/2025,1908721138,Redacted Personal Information,£594.00
Manchester City Council,1004,Childrens & Education Services,Foster Payments,05/02/2025,1908721001,Redacted Personal Information,£594.00
Manchester City Council,1004,Childrens & Education Services,Foster Payments,05/02/2025,1908721071,Redacted Personal Information,£594.00
Manchester City Council,1004,Childrens & Education Services,Foster Payments,19/02/2025,1908736754,Redacted Personal Information,£594.00
Manchester City Council,1004,Childrens & Education Services,Foster Payments,05/02/2025,1908721067,Redacted Personal Information,£594.00
Manchester City Council,1004,Childrens & Education Services,Foster Payments,19/02/2025,1908736750,Redacted Personal Information,£594.00
Manchester City Council,1004,Childrens & Education Services,Foster Payments,05/02/2025,1908721006,Redacted Personal Information,£594.00
Manchester City Council,1004,Childrens & Education Services,Foster Payments,19/02/2025,1908736699,Redacted Personal Information,£594.00
Manchester City Council,1004,Childrens & Education Services,Foster Payments,19/02/2025,1908736063,Redacted Personal Information,£594.00
Manchester City Council,1004,Childrens & Education Services,Foster Payments,05/02/2025,1908720395,Redacted Personal Information,£594.00
Manchester City Council,1004,Childrens & Education Services,Foster Payments,19/02/2025,1908736772,Redacted Personal Information,£594.00
Manchester City Council,1004,Childrens & Education Services,Foster Payments,05/02/2025,1908721039,Redacted Personal Information,£594.00
Manchester City Council,1004,Childrens & Education Services,Foster Payments,05/02/2025,1908721091,Redacted Personal Information,£594.00
Manchester City Council,1004,Childrens & Education Services,Foster Payments,19/02/2025,1908736687,Redacted Personal Information,£594.00
Manchester City Council,1004,Childrens & Education Services,Foster Payments,19/02/2025,1908736645,Redacted Personal Information,£594.00
Manchester City Council,1004,Childrens & Education Services,Foster Payments,05/02/2025,1908720388,Redacted Personal Information,£594.00
Manchester City Council,1004,Childrens & Education Services,Foster Payments,19/02/2025,1908736067,Redacted Personal Information,£594.00
Manchester City Council,1004,Childrens & Education Services,Foster Payments,05/02/2025,1908720960,Redacted Personal Information,£594.00
Manchester City Council,1004,Childrens & Education Services,Foster Payments,19/02/2025,1908736830,Redacted Personal Information,£594.00
Manchester City Council,1004,Childrens & Education Services,Foster Payments,19/02/2025,1908736697,Redacted Personal Information,£594.00
Manchester City Council,1004,Childrens & Education Services,Foster Payments,19/02/2025,1908736075,Redacted Personal Information,£594.00
Manchester City Council,1004,Childrens & Education Services,Foster Payments,05/02/2025,1908721066,Redacted Personal Information,£594.00
Manchester City Council,1004,Childrens & Education Services,Foster Payments,19/02/2025,1908736760,Redacted Personal Information,£594.00
Manchester City Council,1004,Childrens & Education Services,Foster Payments,19/02/2025,1908736764,Redacted Personal Information,£594.00
Manchester City Council,1004,Childrens & Education Services,Foster Payments,05/02/2025,1908720944,Redacted Personal Information,£594.00
Manchester City Council,1004,Childrens & Education Services,Foster Payments,05/02/2025,1908720440,Redacted Personal Information,£594.00
Manchester City Council,1004,Childrens & Education Services,Foster Payments,05/02/2025,1908721018,Redacted Personal Information,£594.00
Manchester City Council,1004,Childrens & Education Services,Foster Payments,19/02/2025,1908736371,Redacted Personal Information,£594.00
Manchester City Council,1004,Childrens & Education Services,Foster Payments,05/02/2025,1908720695,Redacted Personal Information,£594.00
Manchester City Council,1004,Childrens & Education Services,Foster Payments,19/02/2025,1908736647,Redacted Personal Information,£594.00
Manchester City Council,1004,Childrens & Education Services,Foster Payments,05/02/2025,1908720963,Redacted Personal Information,£594.00
Manchester City Council,1004,Childrens & Education Services,Foster Payments,05/02/2025,1908721145,Redacted Personal Information,£594.00
Manchester City Council,1004,Childrens & Education Services,Foster Payments,05/02/2025,1908720465,Redacted Personal Information,£594.00
Manchester City Council,1004,Childrens & Education Services,Foster Payments,19/02/2025,1908736398,Redacted Personal Information,£594.00
Manchester City Council,1004,Childrens & Education Services,Foster Payments,19/02/2025,1908736614,Redacted Personal Information,£594.00
Manchester City Council,1004,Childrens & Education Services,Foster Payments,19/02/2025,1908736795,Redacted Personal Information,£594.00
Manchester City Council,1004,Childrens & Education Services,Foster Payments,05/02/2025,1908721114,Redacted Personal Information,£594.00
Manchester City Council,1004,Childrens & Education Services,Foster Payments,19/02/2025,1908736691,Redacted Personal Information,£594.00
Manchester City Council,1004,Childrens & Education Services,Foster Payments,05/02/2025,1908720792,Redacted Personal Information,£594.00
Manchester City Council,1004,Childrens & Education Services,Foster Payments,19/02/2025,1908736062,Redacted Personal Information,£594.00
Manchester City Council,1004,Childrens & Education Services,Foster Payments,05/02/2025,1908720396,Redacted Personal Information,£594.00
Manchester City Council,1004,Childrens & Education Services,Foster Payments,05/02/2025,1908720396,Redacted Personal Information,£594.00
Manchester City Council,1004,Childrens & Education Services,Foster Payments,05/02/2025,1908720921,Redacted Personal Information,£594.00
Manchester City Council,1004,Childrens & Education Services,Foster Payments,19/02/2025,1908736072,Redacted Personal Information,£594.00
Manchester City Council,1004,Childrens & Education Services,Foster Payments,05/02/2025,1908720715,Redacted Personal Information,£594.00
Manchester City Council,1004,Childrens & Education Services,Foster Payments,19/02/2025,1908736831,Redacted Personal Information,£594.00
Manchester City Council,1004,Childrens & Education Services,Foster Payments,19/02/2025,1908736630,Redacted Personal Information,£594.00
Manchester City Council,1004,Childrens & Education Services,Foster Payments,19/02/2025,1908736071,Redacted Personal Information,£594.00
Manchester City Council,1004,Childrens & Education Services,Foster Payments,20/02/2025,1908737826,Redacted Personal Information,£594.00
Manchester City Council,1004,Childrens & Education Services,Foster Payments,19/02/2025,1908736530,Redacted Personal Information,£594.00
Manchester City Council,1004,Childrens & Education Services,Foster Payments,05/02/2025,1908720385,Redacted Personal Information,£594.00
Manchester City Council,1004,Childrens & Education Services,Foster Payments,05/02/2025,1908720842,Redacted Personal Information,£594.00
Manchester City Council,1004,Childrens & Education Services,Foster Payments,19/02/2025,1908736064,Redacted Personal Information,£594.00
Manchester City Council,1004,Childrens & Education Services,Foster Payments,19/02/2025,1908736693,Redacted Personal Information,£594.00
Manchester City Council,1004,Childrens & Education Services,Foster Payments,05/02/2025,1908721012,Redacted Personal Information,£594.00
Manchester City Council,1004,Childrens & Education Services,Foster Payments,19/02/2025,1908736619,Redacted Personal Information,£594.00
Manchester City Council,1004,Childrens & Education Services,Foster Payments,05/02/2025,1908721011,Redacted Personal Information,£594.00
Manchester City Council,1004,Childrens & Education Services,Foster Payments,19/02/2025,1908736638,Redacted Personal Information,£594.00
Manchester City Council,1004,Childrens & Education Services,Foster Payments,05/02/2025,1908721019,Redacted Personal Information,£594.00
Manchester City Council,1004,Childrens & Education Services,Foster Payments,19/02/2025,1908736534,Redacted Personal Information,£594.00
Manchester City Council,1004,Childrens & Education Services,Foster Payments,05/02/2025,1908720846,Redacted Personal Information,£594.00
Manchester City Council,1004,Childrens & Education Services,Foster Payments,19/02/2025,1908736700,Redacted Personal Information,£594.00
Manchester City Council,1004,Childrens & Education Services,Foster Payments,05/02/2025,1908720937,Redacted Personal Information,£594.00
Manchester City Council,1004,Childrens & Education Services,Foster Payments,19/02/2025,1908736623,Redacted Personal Information,£594.00
Manchester City Council,1004,Childrens & Education Services,Foster Payments,05/02/2025,1908720763,Redacted Personal Information,£594.00
Manchester City Council,1004,Childrens & Education Services,Foster Payments,05/02/2025,1908720394,Redacted Personal Information,£594.00
Manchester City Council,1004,Childrens & Education Services,Foster Payments,05/02/2025,1908720392,Redacted Personal Information,£594.00
Manchester City Council,1004,Childrens & Education Services,Foster Payments,19/02/2025,1908736074,Redacted Personal Information,£594.00
Manchester City Council,1004,Childrens & Education Services,Foster Payments,05/02/2025,1908720926,Redacted Personal Information,£594.00
Manchester City Council,1004,Childrens & Education Services,Foster Payments,19/02/2025,1908736369,Redacted Personal Information,£594.00
Manchester City Council,1004,Childrens & Education Services,Foster Payments,19/02/2025,1908736076,Redacted Personal Information,£594.00
Manchester City Council,1004,Childrens & Education Services,Foster Payments,05/02/2025,1908721272,Redacted Personal Information,£594.00
Manchester City Council,1004,Childrens & Education Services,Foster Payments,19/02/2025,1908736480,Redacted Personal Information,£594.00
Manchester City Council,1004,Childrens & Education Services,Foster Payments,19/02/2025,1908736991,Redacted Personal Information,£594.00
Manchester City Council,1004,Childrens & Education Services,Foster Payments,05/02/2025,1908721103,Redacted Personal Information,£594.00
Manchester City Council,1004,Childrens & Education Services,Foster Payments,05/02/2025,1908720972,Redacted Personal Information,£594.00
Manchester City Council,1004,Childrens & Education Services,Foster Payments,05/02/2025,1908721036,Redacted Personal Information,£594.00
Manchester City Council,1004,Childrens & Education Services,Foster Payments,19/02/2025,1908736655,Redacted Personal Information,£594.00
Manchester City Council,1004,Childrens & Education Services,Foster Payments,05/02/2025,1908721041,Redacted Personal Information,£594.00
Manchester City Council,1004,Childrens & Education Services,Foster Payments,05/02/2025,1908721016,Redacted Personal Information,£594.00
Manchester City Council,1004,Childrens & Education Services,Foster Payments,19/02/2025,1908736137,Redacted Personal Information,£594.00
Manchester City Council,1004,Childrens & Education Services,Foster Payments,05/02/2025,1908720956,Redacted Personal Information,£594.00
Manchester City Council,1004,Childrens & Education Services,Foster Payments,19/02/2025,1908736671,Redacted Personal Information,£594.00
Manchester City Council,1004,Childrens & Education Services,Foster Payments,19/02/2025,1908736441,Redacted Personal Information,£594.00
Manchester City Council,1004,Childrens & Education Services,Foster Payments,05/02/2025,1908720753,Redacted Personal Information,£594.00
Manchester City Council,1004,Childrens & Education Services,Foster Payments,05/02/2025,1908721057,Redacted Personal Information,£594.00
Manchester City Council,1004,Childrens & Education Services,Foster Payments,05/02/2025,1908720978,Redacted Personal Information,£594.00
Manchester City Council,1004,Childrens & Education Services,Foster Payments,05/02/2025,1908721017,Redacted Personal Information,£594.00
Manchester City Council,1004,Childrens & Education Services,Foster Payments,19/02/2025,1908736618,Redacted Personal Information,£594.00
Manchester City Council,1004,Childrens & Education Services,Foster Payments,19/02/2025,1908736738,Redacted Personal Information,£594.00
Manchester City Council,1004,Childrens & Education Services,Foster Payments,19/02/2025,1908736661,Redacted Personal Information,£594.00
Manchester City Council,1004,Childrens & Education Services,Foster Payments,05/02/2025,1908720987,Redacted Personal Information,£594.00
Manchester City Council,1004,Childrens & Education Services,Foster Payments,05/02/2025,1908721211,Redacted Personal Information,£594.00
Manchester City Council,1004,Childrens & Education Services,Foster Payments,05/02/2025,1908721081,Redacted Personal Information,£594.00
Manchester City Council,1004,Childrens & Education Services,Foster Payments,19/02/2025,1908736783,Redacted Personal Information,£594.00
Manchester City Council,1004,Childrens & Education Services,Foster Payments,05/02/2025,1908720694,Redacted Personal Information,£594.00
Manchester City Council,1004,Childrens & Education Services,Foster Payments,05/02/2025,1908720383,Redacted Personal Information,£594.00
Manchester City Council,1004,Childrens & Education Services,Foster Payments,19/02/2025,1908736076,Redacted Personal Information,£594.00
Manchester City Council,1004,Childrens & Education Services,Foster Payments,05/02/2025,1908720393,Redacted Personal Information,£594.00
Manchester City Council,1004,Childrens & Education Services,Foster Payments,19/02/2025,1908736988,Redacted Personal Information,£594.00
Manchester City Council,1004,Childrens & Education Services,Foster Payments,19/02/2025,1908736797,Redacted Personal Information,£594.00
Manchester City Council,1004,Childrens & Education Services,Foster Payments,19/02/2025,1908736698,Redacted Personal Information,£594.00
Manchester City Council,1004,Childrens & Education Services,Foster Payments,19/02/2025,1908736983,Redacted Personal Information,£594.00
Manchester City Council,1004,Childrens & Education Services,Foster Payments,13/02/2025,1908731430,Redacted Personal Information,£594.00
Manchester City Council,1004,Childrens & Education Services,Foster Payments,19/02/2025,1908736073,Redacted Personal Information,£594.00
Manchester City Council,1004,Childrens & Education Services,Foster Payments,19/02/2025,1908736078,Redacted Personal Information,£594.00
Manchester City Council,1004,Childrens & Education Services,Foster Payments,19/02/2025,1908736368,Redacted Personal Information,£594.00
Manchester City Council,1004,Childrens & Education Services,Foster Payments,05/02/2025,1908720398,Redacted Personal Information,£594.00
Manchester City Council,1004,Childrens & Education Services,Foster Payments,19/02/2025,1908736641,Redacted Personal Information,£594.00
Manchester City Council,1004,Childrens & Education Services,Foster Payments,19/02/2025,1908736112,Redacted Personal Information,£594.00
Manchester City Council,1004,Childrens & Education Services,Foster Payments,19/02/2025,1908736716,Redacted Personal Information,£594.00
Manchester City Council,1004,Childrens & Education Services,Foster Payments,05/02/2025,1908721116,Redacted Personal Information,£594.00
Manchester City Council,1004,Childrens & Education Services,Foster Payments,19/02/2025,1908736069,Redacted Personal Information,£594.00
Manchester City Council,1004,Childrens & Education Services,Foster Payments,05/02/2025,1908720693,Redacted Personal Information,£594.00
Manchester City Council,1012,Regeneration Finance,Training and Development,24/02/2025,5105977316,Pearson Education Ltd,£593.46
Manchester City Council,1006,Childrens Services,Apprenticeship Levy,28/02/2025,1908745701,HM Revenue & Customs,£591.82
Manchester City Council,1009,Housing General Fund,Building Works,28/02/2025,1908745865,T F Jones Property Services Ltd,£591.74
Manchester City Council,1004,Childrens & Education Services,Foster Payments,19/02/2025,1908736210,Redacted Personal Information,£591.72
Manchester City Council,1004,Childrens & Education Services,Foster Payments,05/02/2025,1908720535,Redacted Personal Information,£591.72
Manchester City Council,1004,Childrens & Education Services,Hire of Premises,17/02/2025,5105975643,Quaker Trading Ltd,£591.67
Manchester City Council,1005,Adult Social Care,Professional fees,25/02/2025,1908740344,Disability Positive,£590.55
Manchester City Council,1004,Childrens & Education Services,Foster Payments,19/02/2025,1908736990,Redacted Personal Information,£590.00
Manchester City Council,1004,Childrens & Education Services,Foster Payments,19/02/2025,1908736672,Redacted Personal Information,£590.00
Manchester City Council,1004,Childrens & Education Services,Foster Payments,19/02/2025,1908736594,Redacted Personal Information,£590.00
Manchester City Council,1004,Childrens & Education Services,Foster Payments,05/02/2025,1908721270,Redacted Personal Information,£590.00
Manchester City Council,1004,Childrens & Education Services,Foster Payments,05/02/2025,1908721199,Redacted Personal Information,£590.00
Manchester City Council,1004,Childrens & Education Services,Foster Payments,05/02/2025,1908720989,Redacted Personal Information,£590.00
Manchester City Council,1000,Manchester Leisure,Contract Cleaning External,17/02/2025,5105974669,JLA Total Care Ltd,£590.00
Manchester City Council,1004,Childrens & Education Services,Foster Payments,05/02/2025,1908721070,Redacted Personal Information,£590.00
Manchester City Council,1004,Childrens & Education Services,Foster Payments,19/02/2025,1908736753,Redacted Personal Information,£590.00
Manchester City Council,1004,Childrens & Education Services,Foster Payments,05/02/2025,1908721085,Redacted Personal Information,£590.00
Manchester City Council,1004,Childrens & Education Services,Foster Payments,05/02/2025,1908721083,Redacted Personal Information,£590.00
Manchester City Council,1004,Childrens & Education Services,Foster Payments,05/02/2025,1908720977,Redacted Personal Information,£590.00
Manchester City Council,1004,Childrens & Education Services,Foster Payments,19/02/2025,1908736660,Redacted Personal Information,£590.00
Manchester City Council,1004,Childrens & Education Services,Foster Payments,19/02/2025,1908736768,Redacted Personal Information,£590.00
Manchester City Council,1005,Adult Social Care,Equipment,28/02/2025,5105977412,Associated Optical Products,£590.00
Manchester City Council,1004,Childrens & Education Services,Foster Payments,19/02/2025,1908736771,Redacted Personal Information,£590.00
Manchester City Council,1004,Childrens & Education Services,Foster Payments,19/02/2025,1908736766,Redacted Personal Information,£590.00
Manchester City Council,1004,Childrens & Education Services,Foster Payments,05/02/2025,1908720875,Redacted Personal Information,£590.00
Manchester City Council,1004,Childrens & Education Services,Foster Payments,19/02/2025,1908736564,Redacted Personal Information,£590.00
Manchester City Council,1004,Childrens & Education Services,Foster Payments,19/02/2025,1908736965,Redacted Personal Information,£590.00
Manchester City Council,1004,Childrens & Education Services,Foster Payments,05/02/2025,1908721097,Redacted Personal Information,£590.00
Manchester City Council,1000,Manchester Leisure,Training and Development,27/02/2025,5105977167,Bond Solon,£590.00
Manchester City Council,1004,Childrens & Education Services,Foster Payments,05/02/2025,1908721198,Redacted Personal Information,£590.00
Manchester City Council,1004,Childrens & Education Services,Foster Payments,05/02/2025,1908721268,Redacted Personal Information,£590.00
Manchester City Council,1004,Childrens & Education Services,Foster Payments,05/02/2025,1908720891,Redacted Personal Information,£590.00
Manchester City Council,1004,Childrens & Education Services,Foster Payments,19/02/2025,1908736580,Redacted Personal Information,£590.00
Manchester City Council,1004,Childrens & Education Services,Foster Payments,19/02/2025,1908736720,Redacted Personal Information,£590.00
Manchester City Council,1004,Childrens & Education Services,Foster Payments,19/02/2025,1908736971,Redacted Personal Information,£590.00
Manchester City Council,1004,Childrens & Education Services,Foster Payments,05/02/2025,1908721168,Redacted Personal Information,£590.00
Manchester City Council,1004,Childrens & Education Services,Foster Payments,05/02/2025,1908720936,Redacted Personal Information,£590.00
Manchester City Council,1004,Childrens & Education Services,Foster Payments,19/02/2025,1908736951,Redacted Personal Information,£590.00
Manchester City Council,1004,Childrens & Education Services,Foster Payments,19/02/2025,1908736823,Redacted Personal Information,£590.00
Manchester City Council,1004,Childrens & Education Services,Foster Payments,05/02/2025,1908721266,Redacted Personal Information,£590.00
Manchester City Council,1004,Childrens & Education Services,Foster Payments,05/02/2025,1908721271,Redacted Personal Information,£590.00
Manchester City Council,1004,Childrens & Education Services,Foster Payments,19/02/2025,1908736663,Redacted Personal Information,£590.00
Manchester City Council,1004,Childrens & Education Services,Foster Payments,05/02/2025,1908720980,Redacted Personal Information,£590.00
Manchester City Council,1004,Childrens & Education Services,Foster Payments,05/02/2025,1908721088,Redacted Personal Information,£590.00
Manchester City Council,1004,Childrens & Education Services,Foster Payments,19/02/2025,1908736553,Redacted Personal Information,£590.00
Manchester City Council,1004,Childrens & Education Services,Foster Payments,19/02/2025,1908736735,Redacted Personal Information,£590.00
Manchester City Council,1004,Childrens & Education Services,Foster Payments,05/02/2025,1908721054,Redacted Personal Information,£590.00
Manchester City Council,1004,Childrens & Education Services,Foster Payments,19/02/2025,1908736793,Redacted Personal Information,£590.00
Manchester City Council,1002,Hospitality + Trading Services,Security,27/02/2025,5105977826,Dante Fire & Security Ltd,£590.00
Manchester City Council,1004,Childrens & Education Services,Foster Payments,05/02/2025,1908721269,Redacted Personal Information,£590.00
Manchester City Council,1004,Childrens & Education Services,Foster Payments,05/02/2025,1908720850,Redacted Personal Information,£590.00
Manchester City Council,1004,Childrens & Education Services,Foster Payments,05/02/2025,1908721267,Redacted Personal Information,£590.00
Manchester City Council,1004,Childrens & Education Services,Foster Payments,19/02/2025,1908736982,Redacted Personal Information,£590.00
Manchester City Council,1004,Childrens & Education Services,Foster Payments,19/02/2025,1908736537,Redacted Personal Information,£590.00
Manchester City Council,1004,Childrens & Education Services,Foster Payments,05/02/2025,1908720949,Redacted Personal Information,£590.00
Manchester City Council,1004,Childrens & Education Services,Foster Payments,19/02/2025,1908736964,Redacted Personal Information,£590.00
Manchester City Council,1000,Manchester Leisure,Furniture,24/02/2025,5105977359,H Jenkinson & Co Ltd.,£589.74
Manchester City Council,1007,Corporate Services,Contract Cleaning External,20/02/2025,5105975967,Pro-Kill Environmental Services,£589.00
Manchester City Council,1004,Childrens & Education Services,Foster Payments,05/02/2025,1908721265,Redacted Personal Information,£588.96
Manchester City Council,1004,Childrens & Education Services,Foster Payments,19/02/2025,1908736060,Redacted Personal Information,£588.96
Manchester City Council,1004,Childrens & Education Services,Fixtures and Fitting,27/02/2025,1908743424,DAVE CARPET WAREHOUSE,£588.00
Manchester City Council,1012,Regeneration Finance,Land Registry fees,21/02/2025,1908739091,H.M. Land Registry,£588.00
Manchester City Council,1000,Manchester Leisure,Payments to Sub-Contractors,10/02/2025,5105974913,Lubbe & Sons (Bulbs) Ltd,£587.50
Manchester City Council,1007,Corporate Services,Gas,27/02/2025,1908744179,SEFE ENERGY Ltd,£586.89
Manchester City Council,1004,Childrens & Education Services,Payments for services,07/02/2025,5105974790,Staff Resources Ltd,£586.50
Manchester City Council,1004,Childrens & Education Services,Agency staff provision,04/02/2025,1908718471,Reed Employment Plc,£586.04
Manchester City Council,1000,Manchester Leisure,Professional Fees,10/02/2025,5105975233,Daly Drains Ltd,£585.60
Manchester City Council,1012,Regeneration Finance,Professional Fees,06/02/2025,5105974405,Alan Franklin Builders Limited,£585.00
Manchester City Council,1000,Manchester Leisure,Equipment,10/02/2025,5105973981,Solon Security Ltd,£585.00
Manchester City Council,1004,Childrens & Education Services,Foster Payments,19/02/2025,1908736741,Redacted Personal Information,£584.94
Manchester City Council,1004,Childrens & Education Services,Foster Payments,05/02/2025,1908721060,Redacted Personal Information,£584.94
Manchester City Council,1005,Adult Social Care,Payments for services,12/02/2025,1908729710,AIM RX Ltd,£584.63
Manchester City Council,1004,Childrens & Education Services,Foster Payments,05/02/2025,1908720367,Redacted Personal Information,£583.50
Manchester City Council,1004,Childrens & Education Services,Foster Payments,19/02/2025,1908736021,Redacted Personal Information,£583.50
Manchester City Council,1004,Childrens & Education Services,Electricity,27/02/2025,1908745209,Haven Power Ltd,£583.00
Manchester City Council,1011,Chief Executives,Payments to Sub-Contractors,25/02/2025,5105977548,Redacted Personal Information,£582.90
Manchester City Council,1000,Manchester Leisure,"Consumable items eg Toilet rolls, soap etc",13/02/2025,1908731304,SUMUP  *EMERGE 3RS,£582.40
Manchester City Council,1004,Childrens & Education Services,Foster Payments,05/02/2025,1908720529,Redacted Personal Information,£582.36
Manchester City Council,1004,Childrens & Education Services,Foster Payments,19/02/2025,1908736205,Redacted Personal Information,£582.36
Manchester City Council,1007,Corporate Services,Cash Collection,18/02/2025,1908731423,G4S Cash Solutions (Uk) Ltd,£581.91
Manchester City Council,1004,Childrens & Education Services,Third party payments relating to Voluntary Organisations,12/02/2025,1908728769,Redacted Personal Information,£580.50
Manchester City Council,1004,Childrens & Education Services,Pay School Budget,17/02/2025,1908733600,Collyhurst Nursery School,£580.50
Manchester City Council,1000,Manchester Leisure,Equipment,03/02/2025,1908717662,WWW.ONESTOPCLEANINGSHO,£579.99
Manchester City Council,1000,Manchester Leisure,Gas,27/02/2025,1908744214,SEFE ENERGY Ltd,£579.49
Manchester City Council,1000,Manchester Leisure,Bed & Breakfast Acc,13/02/2025,1908731114,TRAVELODGE P CARD ONLY,£578.91
Manchester City Council,1000,Manchester Leisure,Bed & Breakfast Acc,03/02/2025,1908716681,TRAVELODGE P CARD ONLY,£578.48
Manchester City Council,1007,Corporate Services,Electricity,27/02/2025,1908745195,Haven Power Ltd,£577.98
Manchester City Council,1006,Childrens Services,Apprenticeship Levy,28/02/2025,1908745701,HM Revenue & Customs,£576.57
Manchester City Council,1012,Regeneration Finance,Home Care ,18/02/2025,1908734399,Armitage CE Primary School,£575.00
Manchester City Council,1004,Childrens & Education Services,Transport Coach Hire,04/02/2025,5105973789,Redacted Personal Information,£574.60
Manchester City Council,1004,Childrens & Education Services,Gas,27/02/2025,1908744243,SEFE ENERGY Ltd,£574.14
Manchester City Council,1000,Manchester Leisure,Grant and subscriptions awarded,27/02/2025,5105977867,Nshei East Crumpsall,£574.00
Manchester City Council,1000,Manchester Leisure,"Consumable items eg Toilet rolls, soap etc",13/02/2025,1908730461,TRAVELODGE P CARD ONLY,£573.95
Manchester City Council,1000,Manchester Leisure,Building Materials for direct delivery,25/02/2025,5105976565,Tudor Environmental,£573.32
Manchester City Council,1004,Childrens & Education Services,Foster Payments,05/02/2025,1908720718,Redacted Personal Information,£573.30
Manchester City Council,1004,Childrens & Education Services,Foster Payments,19/02/2025,1908736401,Redacted Personal Information,£573.30
Manchester City Council,1000,Manchester Leisure,Electricity,27/02/2025,1908744940,Haven Power Ltd,£572.72
Manchester City Council,1005,Adult Social Care,Adult Placements,19/02/2025,1908735919,Redacted Personal Information,£572.00
Manchester City Council,1005,Adult Social Care,"Consumable items eg Toilet rolls, soap etc",03/02/2025,1908716679,ROOMS4NOW MY-PLACES,£571.67
Manchester City Council,1005,Adult Social Care,"Consumable items eg Toilet rolls, soap etc",03/02/2025,1908716892,ROOMS4NOW MY-PLACES,£571.67
Manchester City Council,1005,Adult Social Care,"Consumable items eg Toilet rolls, soap etc",03/02/2025,1908717391,ROOMS4NOW MY-PLACES,£571.67
Manchester City Council,1005,Adult Social Care,"Consumable items eg Toilet rolls, soap etc",03/02/2025,1908717106,ROOMS4NOW MY-PLACES,£571.67
Manchester City Council,1004,Childrens & Education Services,Foster Payments,05/02/2025,1908720602,Redacted Personal Information,£571.64
Manchester City Council,1004,Childrens & Education Services,Foster Payments,19/02/2025,1908736276,Redacted Personal Information,£571.64
Manchester City Council,1011,Chief Executives,Land Registry fees,14/02/2025,1908733435,H.M. Land Registry,£571.00
Manchester City Council,1011,Chief Executives,Professional fees,10/02/2025,1908725992,Expert Psychology Consultancy Ltd,£570.96
Manchester City Council,1004,Childrens & Education Services,Foster Payments,19/02/2025,1908736244,Redacted Personal Information,£570.86
Manchester City Council,1004,Childrens & Education Services,Foster Payments,05/02/2025,1908720571,Redacted Personal Information,£570.86
Manchester City Council,1011,Chief Executives,Payments to Sub-Contractors,11/02/2025,5105974981,Redacted Personal Information,£570.85
Manchester City Council,1000,Manchester Leisure,Bed & Breakfast Acc,03/02/2025,1908716772,ROOMZZZ MANCHESTER V,£569.80
Manchester City Council,1007,Corporate Services,Cleaning Equipment and Materials,05/02/2025,5105974108,Arrow County Supplies,£569.71
Manchester City Council,1007,Corporate Services,Cleaning Equipment and Materials,28/02/2025,5105974122,Arrow County Supplies,£569.71
Manchester City Council,1011,Chief Executives,Professional fees,26/02/2025,1908742224,Mental Health Associates Ltd,£569.33
Manchester City Council,1000,Manchester Leisure,Gas,27/02/2025,1908744117,SEFE ENERGY Ltd,£569.31
Manchester City Council,1000,Manchester Leisure,Professional fees,27/02/2025,5105977797,Redacted Personal Information,£568.00
Manchester City Council,1005,Adult Social Care,Equipment,03/02/2025,5105973748,Ethitec,£567.00
Manchester City Council,1007,Corporate Services,Equipment,14/02/2025,5105975927,Bennett Workplace Solutions Ltd,£566.40
Manchester City Council,1007,Corporate Services,WPS Awards,14/02/2025,5105975510,Furniture Resource Centre Ltd,£566.16
Manchester City Council,1007,Corporate Services,WPS Awards,17/02/2025,5105976017,Furniture Resource Centre Ltd,£566.16
Manchester City Council,1005,Adult Social Care,Payments for services,12/02/2025,1908729728,Thackers Pharmacy Ltd,£566.09
Manchester City Council,1004,Childrens & Education Services,Professional fees,25/02/2025,5105977432,Alpha Biolaboratories Limited,£565.25
Manchester City Council,1004,Childrens & Education Services,Professional fees,25/02/2025,5105977433,Alpha Biolaboratories Limited,£565.25
Manchester City Council,1005,Adult Social Care,Personal needs of client,18/02/2025,5105976566,Direct Healthcare Group Ltd,£565.13
Manchester City Council,1007,Corporate Services,WPS Awards,28/02/2025,5105975524,Furniture Resource Centre Ltd,£564.71
Manchester City Council,1004,Childrens & Education Services,Professional fees,20/02/2025,5105976883,Greater Manchester Police Sports &,£564.65
Manchester City Council,1004,Childrens & Education Services,Payments for services,28/02/2025,5105977559,Reed Employment Plc,£564.48
Manchester City Council,1004,Childrens & Education Services,Payments for services,17/02/2025,5105975128,Reed Employment Plc,£564.48
Manchester City Council,1007,Corporate Services,Electricity,27/02/2025,1908745327,Haven Power Ltd,£564.26
Manchester City Council,1000,Manchester Leisure,Water - Metered,27/02/2025,1908744245,Anglian Water Business (National),£564.12
Manchester City Council,1011,Chief Executives,Payments to Sub-Contractors,20/02/2025,5105976510,Redacted Personal Information,£564.08
Manchester City Council,1011,Chief Executives,Paper & Envelopes,17/02/2025,5105974864,Premier Paper Group Ltd,£563.95
Manchester City Council,1012,Regeneration Finance,Agency staff provision,04/02/2025,1908718471,Reed Employment Plc,£563.13
Manchester City Council,1004,Childrens & Education Services,Foster Payments,19/02/2025,1908736989,Redacted Personal Information,£562.96
Manchester City Council,1004,Childrens & Education Services,Third party payments relating to Voluntary Organisations,12/02/2025,1908729302,Redacted Personal Information,£562.68
Manchester City Council,1011,Chief Executives,Counsel Costs,27/02/2025,1908745597,Five Pump Court Chambers,£562.50
Manchester City Council,1004,Childrens & Education Services,Foster Payments,19/02/2025,1908736986,Redacted Personal Information,£562.46
Manchester City Council,1004,Childrens & Education Services,Foster Payments,05/02/2025,1908721216,Redacted Personal Information,£562.46
Manchester City Council,1000,Manchester Leisure,Catering,28/02/2025,5105977848,Manchester Art Gallery,£561.60
Manchester City Council,1000,Manchester Leisure,Electricity,27/02/2025,1908745118,Haven Power Ltd,£561.01
Manchester City Council,1002,Hospitality + Trading Services,Vehicle Hire Costs,10/02/2025,5105973705,John Bradshaw Ltd,£560.28
Manchester City Council,1004,Childrens & Education Services,Transport Coach Hire,10/02/2025,5105974877,AFJ Ltd,£560.00
Manchester City Council,1004,Childrens & Education Services,Transport Coach Hire,10/02/2025,5105974875,AFJ Ltd,£560.00
Manchester City Council,1004,Childrens & Education Services,Transport Coach Hire,10/02/2025,5105974871,AFJ Ltd,£560.00
Manchester City Council,1004,Childrens & Education Services,Transport Coach Hire,10/02/2025,5105974850,AFJ Ltd,£560.00
Manchester City Council,1004,Childrens & Education Services,Transport Coach Hire,10/02/2025,5105974844,AFJ Ltd,£560.00
Manchester City Council,1007,Corporate Services,Construction Works,24/02/2025,1908739130,Legal and Insurance Services Ltd,£560.00
Manchester City Council,1007,Corporate Services,WPS Awards,17/02/2025,5105975126,Furniture Resource Centre Ltd,£559.85
Manchester City Council,1004,Childrens & Education Services,Foster Payments,19/02/2025,1908736357,Redacted Personal Information,£559.84
Manchester City Council,1004,Childrens & Education Services,Foster Payments,05/02/2025,1908721264,Redacted Personal Information,£559.84
Manchester City Council,1004,Childrens & Education Services,Car Allowance Claims,05/02/2025,1908720434,Redacted Personal Information,£558.60
Manchester City Council,1004,Childrens & Education Services,Agency staff provision,04/02/2025,1908718471,Reed Employment Plc,£558.00
Manchester City Council,1004,Childrens & Education Services,Water - Metered,27/02/2025,1908744325,Anglian Water Business (National),£557.60
Manchester City Council,1007,Corporate Services,Electricity,27/02/2025,1908745255,Haven Power Ltd,£557.52
Manchester City Council,1004,Childrens & Education Services,Professional fees,13/02/2025,1908731837,Advanced Child Care Assessments,£556.72
Manchester City Council,1000,Manchester Leisure,Housing Rents Debit,10/02/2025,1908725339,Redacted Personal Information,£556.70
Manchester City Council,1005,Adult Social Care,Agency staff provision,10/02/2025,1908726320,Reed Employment Plc,£556.41
Manchester City Council,1005,Adult Social Care,Agency staff provision,18/02/2025,1908734558,Reed Employment Plc,£556.41
Manchester City Council,1005,Adult Social Care,Agency staff provision,24/02/2025,1908740137,Reed Employment Plc,£556.41
Manchester City Council,1004,Childrens & Education Services,Foster Payments,19/02/2025,1908736670,Redacted Personal Information,£556.10
Manchester City Council,1004,Childrens & Education Services,Foster Payments,05/02/2025,1908720986,Redacted Personal Information,£556.10
Manchester City Council,1004,Childrens & Education Services,Foster Payments,05/02/2025,1908720952,Redacted Personal Information,£556.10
Manchester City Council,1004,Childrens & Education Services,Foster Payments,19/02/2025,1908736755,Redacted Personal Information,£556.10
Manchester City Council,1004,Childrens & Education Services,Foster Payments,19/02/2025,1908736674,Redacted Personal Information,£556.10
Manchester City Council,1004,Childrens & Education Services,Foster Payments,05/02/2025,1908720991,Redacted Personal Information,£556.10
Manchester City Council,1004,Childrens & Education Services,Foster Payments,05/02/2025,1908721005,Redacted Personal Information,£556.10
Manchester City Council,1004,Childrens & Education Services,Foster Payments,19/02/2025,1908736686,Redacted Personal Information,£556.10
Manchester City Council,1004,Childrens & Education Services,Foster Payments,19/02/2025,1908736568,Redacted Personal Information,£556.10
Manchester City Council,1004,Childrens & Education Services,Foster Payments,05/02/2025,1908720879,Redacted Personal Information,£556.10
Manchester City Council,1004,Childrens & Education Services,Foster Payments,05/02/2025,1908720965,Redacted Personal Information,£556.10
Manchester City Council,1004,Childrens & Education Services,Foster Payments,05/02/2025,1908721203,Redacted Personal Information,£556.10
Manchester City Council,1004,Childrens & Education Services,Foster Payments,19/02/2025,1908736992,Redacted Personal Information,£556.10
Manchester City Council,1004,Childrens & Education Services,Foster Payments,05/02/2025,1908720996,Redacted Personal Information,£556.10
Manchester City Council,1004,Childrens & Education Services,Foster Payments,05/02/2025,1908721072,Redacted Personal Information,£556.10
Manchester City Council,1004,Childrens & Education Services,Foster Payments,19/02/2025,1908736680,Redacted Personal Information,£556.10
Manchester City Council,1004,Childrens & Education Services,Foster Payments,19/02/2025,1908736748,Redacted Personal Information,£556.10
Manchester City Council,1004,Childrens & Education Services,Foster Payments,19/02/2025,1908736649,Redacted Personal Information,£556.10
Manchester City Council,1004,Childrens & Education Services,Foster Payments,19/02/2025,1908736635,Redacted Personal Information,£556.10
Manchester City Council,1004,Childrens & Education Services,Foster Payments,05/02/2025,1908720950,Redacted Personal Information,£556.10
Manchester City Council,1004,Childrens & Education Services,Foster Payments,19/02/2025,1908736637,Redacted Personal Information,£556.10
Manchester City Council,1004,Childrens & Education Services,Foster Payments,19/02/2025,1908736566,Redacted Personal Information,£556.10
Manchester City Council,1004,Childrens & Education Services,Foster Payments,05/02/2025,1908720877,Redacted Personal Information,£556.10
Manchester City Council,1004,Childrens & Education Services,Foster Payments,05/02/2025,1908721206,Redacted Personal Information,£556.10
Manchester City Council,1004,Childrens & Education Services,Foster Payments,19/02/2025,1908736763,Redacted Personal Information,£556.10
Manchester City Council,1004,Childrens & Education Services,Foster Payments,05/02/2025,1908721065,Redacted Personal Information,£556.10
Manchester City Council,1004,Childrens & Education Services,Foster Payments,05/02/2025,1908721080,Redacted Personal Information,£556.10
Manchester City Council,1000,Manchester Leisure,Goods purchased for resale in Council outlets,28/02/2025,5105977977,Rabbie's Trail Burners Ltd,£555.92
Manchester City Council,1000,Manchester Leisure,"Consumable items eg Toilet rolls, soap etc",03/02/2025,1908716687,DHL INTERNATIONAL (UK) LT,£555.55
Manchester City Council,1011,Chief Executives,Payments to Sub-Contractors,05/02/2025,5105973992,Redacted Personal Information,£555.02
Manchester City Council,1004,Childrens & Education Services,Payments for services,14/02/2025,5105976065,SENsational Tutors Ltd,£555.00
Manchester City Council,1011,Chief Executives,Professional fees,17/02/2025,5105975079,Manchester Refugee Support Network,£555.00
Manchester City Council,1011,Chief Executives,Professional fees,20/02/2025,5105977010,Manchester BME Network,£555.00
Manchester City Council,1007,Corporate Services,Gas,21/02/2025,5105975671,Calor Gas Ltd,£555.00
Manchester City Council,1000,Manchester Leisure,Library Materials Acquisition,06/02/2025,1908724287,Askews and Holts,£553.97
Manchester City Council,1000,Manchester Leisure,Bed & Breakfast Acc,12/02/2025,5105975632,Redacted Personal Information,£553.00
Manchester City Council,1007,Corporate Services,WPS Awards,07/02/2025,5105973736,Furniture Resource Centre Ltd,£552.10
Manchester City Council,1004,Childrens & Education Services,Bed & Breakfast Acc,20/02/2025,1908738794,BOOKING.COM,£552.00
Manchester City Council,1007,Corporate Services,Professional Fees,04/02/2025,5105973816,Keelagher Okey Associates Ltd t/a,£551.00
Manchester City Council,1000,Manchester Leisure,Rents,11/02/2025,5105975143,Manchester Housing Group Ltd,£550.00
Manchester City Council,1000,Manchester Leisure,Special Event,25/02/2025,5105977491,Andy Copps Storytelling,£550.00
Manchester City Council,1012,Regeneration Finance,Home Care ,18/02/2025,1908734391,Building Blocks Nursery (Blackley),£550.00
Manchester City Council,1000,Manchester Leisure,Compensation Payments,14/02/2025,1908733252,Redacted Personal Information,£550.00
Manchester City Council,1011,Chief Executives,Counsel Costs,18/02/2025,1908734557,Holborn Chambers,£550.00
Manchester City Council,1004,Childrens & Education Services,"Consumable items eg Toilet rolls, soap etc",13/02/2025,1908731286,BEST FURNITURE LTD,£550.00
Manchester City Council,1005,Adult Social Care,Training and Development,25/02/2025,5105976800,Premier People Solutions Ltd,£550.00
Manchester City Council,1004,Childrens & Education Services,Ind Budget Payment,07/02/2025,1908725401,Redacted Personal Information,£550.00
Manchester City Council,1011,Chief Executives,Counsel Costs,10/02/2025,1908725995,Central Chambers,£550.00
Manchester City Council,1011,Chief Executives,Advertising,26/02/2025,1908738862,Eteach UK Ltd,£549.00
Manchester City Council,1004,Childrens & Education Services,Foster Payments,05/02/2025,1908720371,Redacted Personal Information,£548.86
Manchester City Council,1004,Childrens & Education Services,Foster Payments,19/02/2025,1908736025,Redacted Personal Information,£548.86
Manchester City Council,1004,Childrens & Education Services,Transport Taxis,17/02/2025,5105976208,Kedleston Wood Grove Childcare Ltd,£548.40
Manchester City Council,1010,Housing Revenue Account,Gas,27/02/2025,1908744154,SEFE ENERGY Ltd,£548.34
Manchester City Council,1011,Chief Executives,Counsel Costs,11/02/2025,1908727026,Redacted Personal Information,£547.50
Manchester City Council,1000,Manchester Leisure,Professional fees,12/02/2025,5105975711,WADSWORTH SECURITY PRODUCTS,£547.25
Manchester City Council,1011,Chief Executives,Hire of Equipment,13/02/2025,5105974960,Universal Live,£546.00
Manchester City Council,1007,Corporate Services,Training and Development,28/02/2025,5105978127,The Training Co,£545.00
Manchester City Council,1004,Childrens & Education Services,Professional fees,14/02/2025,5105976094,Alpha Biolaboratories Limited,£545.00
Manchester City Council,1005,Adult Social Care,Furniture,10/02/2025,5105974519,Bennett Workplace Solutions Ltd,£543.95
Manchester City Council,1006,Childrens Services,Apprenticeship Levy,28/02/2025,1908745701,HM Revenue & Customs,£543.32
Manchester City Council,1004,Childrens & Education Services,Foster Payments,05/02/2025,1908721127,Redacted Personal Information,£542.34
Manchester City Council,1004,Childrens & Education Services,Foster Payments,19/02/2025,1908736809,Redacted Personal Information,£542.34
Manchester City Council,1000,Manchester Leisure,"Consumable items eg Toilet rolls, soap etc",03/02/2025,1908717351,TRAVELODGE P CARD ONLY,£541.93
Manchester City Council,1002,Hospitality + Trading Services,Hire of Machinery,12/02/2025,5105975647,R & M Developments Ltd,£541.67
Manchester City Council,1002,Hospitality + Trading Services,Hire of Machinery,12/02/2025,5105975645,R & M Developments Ltd,£541.67
Manchester City Council,1007,Corporate Services,Water - Metered,27/02/2025,1908744396,Anglian Water Business (National),£540.66
Manchester City Council,1007,Corporate Services,Water - Metered,27/02/2025,1908744282,Anglian Water Business (National),£540.48
Manchester City Council,1000,Manchester Leisure,Building Materials for direct delivery,14/02/2025,5105976204,Wellington Road Allotment Society,£540.04
Manchester City Council,1007,Corporate Services,Water - Metered,27/02/2025,1908744329,Anglian Water Business (National),£540.03
Manchester City Council,1004,Childrens & Education Services,Professional fees,27/02/2025,1908745605,Medico Legal UK Chambers Limited,£540.00
Manchester City Council,1000,Manchester Leisure,Electricity,27/02/2025,1908745174,Haven Power Ltd,£539.81
Manchester City Council,1004,Childrens & Education Services,Foster Payments,05/02/2025,1908720959,Redacted Personal Information,£539.22
Manchester City Council,1004,Childrens & Education Services,Foster Payments,19/02/2025,1908736644,Redacted Personal Information,£539.22
Manchester City Council,1004,Childrens & Education Services,Foster Payments,19/02/2025,1908737008,Redacted Personal Information,£539.00
Manchester City Council,1000,Manchester Leisure,Gas,27/02/2025,1908744127,SEFE ENERGY Ltd,£538.86
Manchester City Council,1004,Childrens & Education Services,Foster Payments,05/02/2025,1908720579,Redacted Personal Information,£538.84
Manchester City Council,1004,Childrens & Education Services,Foster Payments,19/02/2025,1908736254,Redacted Personal Information,£538.84
Manchester City Council,1004,Childrens & Education Services,Foster Payments,05/02/2025,1908720917,Redacted Personal Information,£538.80
Manchester City Council,1004,Childrens & Education Services,Foster Payments,19/02/2025,1908736782,Redacted Personal Information,£538.80
Manchester City Council,1004,Childrens & Education Services,Foster Payments,05/02/2025,1908720962,Redacted Personal Information,£538.80
Manchester City Council,1004,Childrens & Education Services,Foster Payments,19/02/2025,1908736963,Redacted Personal Information,£538.80
Manchester City Council,1004,Childrens & Education Services,Foster Payments,05/02/2025,1908720906,Redacted Personal Information,£538.80
Manchester City Council,1004,Childrens & Education Services,Foster Payments,19/02/2025,1908736769,Redacted Personal Information,£538.80
Manchester City Council,1004,Childrens & Education Services,Foster Payments,05/02/2025,1908721086,Redacted Personal Information,£538.80
Manchester City Council,1004,Childrens & Education Services,Foster Payments,19/02/2025,1908736607,Redacted Personal Information,£538.80
Manchester City Council,1004,Childrens & Education Services,Foster Payments,19/02/2025,1908736731,Redacted Personal Information,£538.80
Manchester City Council,1004,Childrens & Education Services,Foster Payments,05/02/2025,1908721102,Redacted Personal Information,£538.80
Manchester City Council,1004,Childrens & Education Services,Foster Payments,05/02/2025,1908720964,Redacted Personal Information,£538.80
Manchester City Council,1004,Childrens & Education Services,Foster Payments,05/02/2025,1908721052,Redacted Personal Information,£538.80
Manchester City Council,1004,Childrens & Education Services,Foster Payments,05/02/2025,1908720984,Redacted Personal Information,£538.80
Manchester City Council,1004,Childrens & Education Services,Foster Payments,19/02/2025,1908736668,Redacted Personal Information,£538.80
Manchester City Council,1004,Childrens & Education Services,Foster Payments,19/02/2025,1908736567,Redacted Personal Information,£538.80
Manchester City Council,1004,Childrens & Education Services,Foster Payments,05/02/2025,1908720878,Redacted Personal Information,£538.80
Manchester City Council,1004,Childrens & Education Services,Foster Payments,19/02/2025,1908736770,Redacted Personal Information,£538.80
Manchester City Council,1004,Childrens & Education Services,Foster Payments,05/02/2025,1908721087,Redacted Personal Information,£538.80
Manchester City Council,1004,Childrens & Education Services,Foster Payments,05/02/2025,1908720974,Redacted Personal Information,£538.80
Manchester City Council,1004,Childrens & Education Services,Foster Payments,19/02/2025,1908736657,Redacted Personal Information,£538.80
Manchester City Council,1004,Childrens & Education Services,Foster Payments,19/02/2025,1908736648,Redacted Personal Information,£538.80
Manchester City Council,1004,Childrens & Education Services,Foster Payments,19/02/2025,1908736646,Redacted Personal Information,£538.80
Manchester City Council,1000,Manchester Leisure,Stationery,12/02/2025,1908729766,SKEDDA.COM,£538.51
Manchester City Council,1012,Regeneration Finance,Furniture,10/02/2025,5105974140,Oasis UK formerly Box-It (NW),£538.21
Manchester City Council,1003,Environment and Operations,Vehicle Plant Furniture and Equipment,12/02/2025,1908729791,AMAZON* DI7S60605,£537.50
Manchester City Council,1004,Childrens & Education Services,Foster Payments,05/02/2025,1908721262,Redacted Personal Information,£536.80
Manchester City Council,1004,Childrens & Education Services,Foster Payments,19/02/2025,1908737024,Redacted Personal Information,£536.80
Manchester City Council,1012,Regeneration Finance,Rents,11/02/2025,1908726982,Avison Young (UK) Ltd,£535.24
Manchester City Council,1011,Chief Executives,Professional fees,14/02/2025,1908733218,Alpha Biolaboratories Limited,£535.00
Manchester City Council,1007,Corporate Services,Electricity,27/02/2025,1908745157,Haven Power Ltd,£534.05
Manchester City Council,1005,Adult Social Care,Third party payments to Health Authority,10/02/2025,1908721392,Liverpool University Hospitals,£534.00
Manchester City Council,1007,Corporate Services,Professional Fees,04/02/2025,5105973817,Keelagher Okey Associates Ltd t/a,£533.75
Manchester City Council,1007,Corporate Services,Water - Metered,27/02/2025,1908744372,Anglian Water Business (National),£533.64
Manchester City Council,1000,Manchester Leisure,Cleaning Equipment and Materials,28/02/2025,5105977583,Arrow County Supplies,£531.35
Manchester City Council,1011,Chief Executives,Payments to Sub-Contractors,27/02/2025,5105977788,Redacted Personal Information,£531.32
Manchester City Council,1004,Childrens & Education Services,Foster Payments,05/02/2025,1908721263,Redacted Personal Information,£530.53
Manchester City Council,1000,Manchester Leisure,General Office expenses,06/02/2025,1908725332,Asda Group Ltd (CARD ONLY),£530.50
Manchester City Council,1000,Manchester Leisure,Housing Rents Debit,07/02/2025,1908723005,Redacted Personal Information,£530.00
Manchester City Council,1004,Childrens & Education Services,Subsistence and Conference Expenses,20/02/2025,5105976850,Regen.me.uk,£530.00
Manchester City Council,1000,Manchester Leisure,Special Event,24/02/2025,5105976483,Redacted Personal Information,£530.00
Manchester City Council,1011,Chief Executives,General Office expenses,07/02/2025,1908725530,Fraud Advisory Services Ltd,£529.28
Manchester City Council,1005,Adult Social Care,Equipment,21/02/2025,5105976027,Aidapt Bathrooms Ltd,£528.50
Manchester City Council,1004,Childrens & Education Services,Foster Payments,05/02/2025,1908720584,Redacted Personal Information,£527.68
Manchester City Council,1004,Childrens & Education Services,Foster Payments,19/02/2025,1908736258,Redacted Personal Information,£527.68
Manchester City Council,1007,Corporate Services,Electricity,27/02/2025,1908745243,Haven Power Ltd,£527.62
Manchester City Council,1004,Childrens & Education Services,Bed & Breakfast Acc,13/02/2025,1908730571,SQ *BOOKING.COM C/O MATTH,£527.27
Manchester City Council,1005,Adult Social Care,"Consumable items eg Toilet rolls, soap etc",14/02/2025,5105976166,All 4 Pets Limited,£527.00
Manchester City Council,1005,Adult Social Care,"Consumable items eg Toilet rolls, soap etc",14/02/2025,5105976148,All 4 Pets Limited,£527.00
Manchester City Council,1005,Adult Social Care,"Consumable items eg Toilet rolls, soap etc",14/02/2025,5105976165,All 4 Pets Limited,£527.00
Manchester City Council,1005,Adult Social Care,"Consumable items eg Toilet rolls, soap etc",14/02/2025,5105976162,All 4 Pets Limited,£527.00
Manchester City Council,1005,Adult Social Care,"Consumable items eg Toilet rolls, soap etc",14/02/2025,5105976161,All 4 Pets Limited,£527.00
Manchester City Council,1012,Regeneration Finance,Professional Fees,06/02/2025,5105974401,Alan Franklin Builders Limited,£526.50
Manchester City Council,1011,Chief Executives,Payments to Sub-Contractors,11/02/2025,5105975109,Redacted Personal Information,£526.19
Manchester City Council,1007,Corporate Services,Water - Metered,27/02/2025,1908744386,Anglian Water Business (National),£525.97
Manchester City Council,1004,Childrens & Education Services,Foster Payments,05/02/2025,1908720824,Redacted Personal Information,£525.38
Manchester City Council,1004,Childrens & Education Services,Foster Payments,19/02/2025,1908736511,Redacted Personal Information,£525.38
Manchester City Council,1004,Childrens & Education Services,Third party payments relating to Voluntary Organisations,12/02/2025,1908729276,Redacted Personal Information,£525.30
Manchester City Council,1011,Chief Executives,Printing,04/02/2025,5105973622,The Purple Company (UK) Ltd,£525.00
Manchester City Council,1000,Manchester Leisure,"Consumable items eg Toilet rolls, soap etc",13/02/2025,1908730411,SQ *AM7 GROUP LTD,£525.00
Manchester City Council,1000,Manchester Leisure,"Consumable items eg Toilet rolls, soap etc",03/02/2025,1908717475,SQ *AM7 GROUP LTD,£525.00
Manchester City Council,1000,Manchester Leisure,"Consumable items eg Toilet rolls, soap etc",03/02/2025,1908717534,SQ *AM7 GROUP LTD,£525.00
Manchester City Council,1000,Manchester Leisure,"Consumable items eg Toilet rolls, soap etc",13/02/2025,1908730781,SQ *AM7 GROUP LTD,£525.00
Manchester City Council,1000,Manchester Leisure,Bed & Breakfast Acc,03/02/2025,1908716853,SQ *AM7 GROUP LTD,£525.00
Manchester City Council,1000,Manchester Leisure,Bed & Breakfast Acc,03/02/2025,1908716914,SQ *AM7 GROUP LTD,£525.00
Manchester City Council,1000,Manchester Leisure,Bed & Breakfast Acc,03/02/2025,1908717120,SQ *AM7 GROUP LTD,£525.00
Manchester City Council,1000,Manchester Leisure,Bed & Breakfast Acc,03/02/2025,1908717121,SQ *AM7 GROUP LTD,£525.00
Manchester City Council,1000,Manchester Leisure,Bed & Breakfast Acc,03/02/2025,1908717138,SQ *AM7 GROUP LTD,£525.00
Manchester City Council,1000,Manchester Leisure,Professional Fees,21/02/2025,5105977192,BB Heritage Studio Ltd,£525.00
Manchester City Council,1000,Manchester Leisure,Bed & Breakfast Acc,03/02/2025,1908717353,SQ *AM7 GROUP LTD,£525.00
Manchester City Council,1005,Adult Social Care,Payments for services,12/02/2025,1908729726,Superdrug Plc,£524.90
Manchester City Council,1005,Adult Social Care,External repairs and maintenance for buildings,25/02/2025,5105977482,T F Jones Property Services Ltd,£524.82
Manchester City Council,1004,Childrens & Education Services,Foster Payments,05/02/2025,1908721370,Redacted Personal Information,£524.18
Manchester City Council,1004,Childrens & Education Services,Foster Payments,19/02/2025,1908736802,Redacted Personal Information,£524.18
Manchester City Council,1004,Childrens & Education Services,Foster Payments,19/02/2025,1908736354,Redacted Personal Information,£524.00
Manchester City Council,1004,Childrens & Education Services,Foster Payments,05/02/2025,1908721123,Redacted Personal Information,£524.00
Manchester City Council,1004,Childrens & Education Services,Foster Payments,05/02/2025,1908720686,Redacted Personal Information,£524.00
Manchester City Council,1004,Childrens & Education Services,Foster Payments,19/02/2025,1908736805,Redacted Personal Information,£524.00
Manchester City Council,1004,Childrens & Education Services,Foster Payments,19/02/2025,1908736361,Redacted Personal Information,£524.00
Manchester City Council,1004,Childrens & Education Services,Foster Payments,19/02/2025,1908737029,Redacted Personal Information,£524.00
Manchester City Council,1004,Childrens & Education Services,Foster Payments,19/02/2025,1908736829,Redacted Personal Information,£524.00
Manchester City Council,1004,Childrens & Education Services,Foster Payments,05/02/2025,1908720679,Redacted Personal Information,£524.00
Manchester City Council,1004,Childrens & Education Services,Foster Payments,05/02/2025,1908721143,Redacted Personal Information,£524.00
Manchester City Council,1007,Corporate Services,WPS Awards,26/02/2025,5105977049,Furniture Resource Centre Ltd,£523.18
Manchester City Council,1007,Corporate Services,Equipment,12/02/2025,5105974950,Bennett Workplace Solutions Ltd,£523.00
Manchester City Council,1000,Manchester Leisure,Third party payments relating to Voluntary Organisations,11/02/2025,5105975318,MANCHESTER MENS HEALTH CIC,£522.99
Manchester City Council,1007,Corporate Services,Agency staff provision,04/02/2025,1908718471,Reed Employment Plc,£522.20
Manchester City Council,1011,Chief Executives,Legal Fees,17/02/2025,1908733532,Redacted Personal Information,£521.87
Manchester City Council,1000,Manchester Leisure,Grant and subscriptions awarded,03/02/2025,5105973723,MIC & Didsbury Mosque,£521.37
Manchester City Council,1004,Childrens & Education Services,Electricity,27/02/2025,1908744580,Haven Power Ltd,£520.97
Manchester City Council,1000,Manchester Leisure,Goods purchased for resale in Council outlets,17/02/2025,1908726417,Redacted Personal Information,£520.80
Manchester City Council,1005,Adult Social Care,External repairs and maintenance for buildings,25/02/2025,5105977532,T F Jones Property Services Ltd,£520.78
Manchester City Council,1011,Chief Executives,Payments to Sub-Contractors,07/02/2025,5105974651,Redacted Personal Information,£520.33
Manchester City Council,1011,Chief Executives,Courier Costs,11/02/2025,5105975361,Speed Couriers (Northern) Ltd,£520.32
Manchester City Council,1004,Childrens & Education Services,Foster Payments,19/02/2025,1908736218,Redacted Personal Information,£520.20
Manchester City Council,1004,Childrens & Education Services,Foster Payments,05/02/2025,1908720543,Redacted Personal Information,£520.20
Manchester City Council,1007,Corporate Services,Fees,14/02/2025,1908714460,Newlyn Plc,£520.07
Manchester City Council,1011,Chief Executives,Professional fees,10/02/2025,5105974802,Caribbean & African,£520.00
Manchester City Council,1012,Regeneration Finance,Home Care ,18/02/2025,1908734389,Redacted Personal Information,£520.00
Manchester City Council,1000,Manchester Leisure,Hire of Premises,26/02/2025,5105977510,Moss Side Millennium Powerhouse Ltd,£520.00
Manchester City Council,1000,Manchester Leisure,Hire of Premises,26/02/2025,5105977662,Moss Side Millennium Powerhouse Ltd,£520.00
Manchester City Council,1000,Manchester Leisure,Grant and subscriptions awarded,27/02/2025,5105977865,Assist,£520.00
Manchester City Council,1012,Regeneration Finance,Home Care ,18/02/2025,1908734363,Redacted Personal Information,£520.00
Manchester City Council,1004,Childrens & Education Services,Professional fees,24/02/2025,5105977243,Prospero Teaching,£520.00
Manchester City Council,1004,Childrens & Education Services,Professional fees,24/02/2025,5105977241,Prospero Teaching,£520.00
Manchester City Council,1004,Childrens & Education Services,Professional fees,12/02/2025,5105975631,Prospero Teaching,£520.00
Manchester City Council,1000,Manchester Leisure,Hire of Premises,26/02/2025,5105977661,Moss Side Millennium Powerhouse Ltd,£520.00
Manchester City Council,1011,Chief Executives,Payments to Sub-Contractors,07/02/2025,5105974709,Redacted Personal Information,£519.50
Manchester City Council,1012,Regeneration Finance,Home Care ,18/02/2025,1908734414,Redacted Personal Information,£517.50
Manchester City Council,1007,Corporate Services,Electricity,27/02/2025,1908745093,Haven Power Ltd,£517.43
Manchester City Council,1004,Childrens & Education Services,"Consumable items eg Toilet rolls, soap etc",03/02/2025,1908716896,Argos Business Solutions,£516.95
Manchester City Council,1004,Childrens & Education Services,Car Allowance Claims,19/02/2025,1908736869,Redacted Personal Information,£516.65
Manchester City Council,1005,Adult Social Care,Cleaning Equipment and Materials,24/02/2025,5105976370,Concept Care,£516.00
Manchester City Council,1011,Chief Executives,Land Registry fees,21/02/2025,1908739097,H.M. Land Registry,£515.00
Manchester City Council,1000,Manchester Leisure,"Consumable items eg Toilet rolls, soap etc",03/02/2025,1908717474,TRAVELODGE P CARD ONLY,£514.93
Manchester City Council,1004,Childrens & Education Services,Foster Payments,19/02/2025,1908736426,Redacted Personal Information,£514.90
Manchester City Council,1004,Childrens & Education Services,Foster Payments,05/02/2025,1908720739,Redacted Personal Information,£514.90
Manchester City Council,1004,Childrens & Education Services,Foster Payments,19/02/2025,1908736662,Redacted Personal Information,£513.94
Manchester City Council,1004,Childrens & Education Services,Foster Payments,05/02/2025,1908720979,Redacted Personal Information,£513.94
Manchester City Council,1007,Corporate Services,WPS Awards,26/02/2025,5105977437,Furniture Resource Centre Ltd,£513.26
Manchester City Council,1007,Corporate Services,WPS Awards,28/02/2025,5105977299,Furniture Resource Centre Ltd,£513.26
Manchester City Council,1007,Corporate Services,WPS Awards,25/02/2025,5105977434,Furniture Resource Centre Ltd,£513.26
Manchester City Council,1007,Corporate Services,WPS Awards,28/02/2025,5105977464,Furniture Resource Centre Ltd,£513.26
Manchester City Council,1007,Corporate Services,WPS Awards,28/02/2025,5105977671,Furniture Resource Centre Ltd,£513.26
Manchester City Council,1007,Corporate Services,WPS Awards,28/02/2025,5105977648,Furniture Resource Centre Ltd,£513.26
Manchester City Council,1007,Corporate Services,WPS Awards,06/02/2025,5105973739,Furniture Resource Centre Ltd,£513.26
Manchester City Council,1007,Corporate Services,WPS Awards,10/02/2025,5105973929,Furniture Resource Centre Ltd,£513.26
Manchester City Council,1007,Corporate Services,WPS Awards,26/02/2025,5105976604,Furniture Resource Centre Ltd,£513.26
Manchester City Council,1007,Corporate Services,WPS Awards,21/02/2025,5105976950,Furniture Resource Centre Ltd,£513.26
Manchester City Council,1007,Corporate Services,WPS Awards,19/02/2025,5105974572,Furniture Resource Centre Ltd,£513.26
Manchester City Council,1007,Corporate Services,WPS Awards,18/02/2025,5105975507,Furniture Resource Centre Ltd,£513.26
Manchester City Council,1007,Corporate Services,WPS Awards,28/02/2025,5105977107,Furniture Resource Centre Ltd,£513.26
Manchester City Council,1007,Corporate Services,WPS Awards,18/02/2025,5105973735,Furniture Resource Centre Ltd,£513.26
Manchester City Council,1007,Corporate Services,WPS Awards,28/02/2025,5105975559,Furniture Resource Centre Ltd,£513.26
Manchester City Council,1007,Corporate Services,WPS Awards,19/02/2025,5105975552,Furniture Resource Centre Ltd,£513.26
Manchester City Council,1007,Corporate Services,WPS Awards,27/02/2025,5105976650,Furniture Resource Centre Ltd,£513.26
Manchester City Council,1007,Corporate Services,WPS Awards,10/02/2025,5105974946,Furniture Resource Centre Ltd,£513.25
Manchester City Council,1007,Corporate Services,Equipment,10/02/2025,5105973673,Brady Corp Ltd T/A Seton,£512.95
Manchester City Council,1005,Adult Social Care,Equipment,14/02/2025,5105975077,Invacare Limited,£512.93
Manchester City Council,1011,Chief Executives,Legal Fees,12/02/2025,5105975809,Diversity Travel Ltd,£512.24
Manchester City Council,1002,Hospitality + Trading Services,Water - Metered,27/02/2025,1908744345,Anglian Water Business (National),£511.93
Manchester City Council,1005,Adult Social Care,"Consumable items eg Toilet rolls, soap etc",19/02/2025,1908737339,TOOLSTATION UK,£511.67
Manchester City Council,1005,Adult Social Care,Payments for services,12/02/2025,1908729674,U & Z Healthcare Ltd,£511.60
Manchester City Council,1002,Hospitality + Trading Services,Hire of Machinery,12/02/2025,5105975672,R & M Developments Ltd,£511.33
Manchester City Council,1002,Hospitality + Trading Services,Hire of Machinery,12/02/2025,5105975650,R & M Developments Ltd,£511.33
Manchester City Council,1002,Hospitality + Trading Services,Hire of Machinery,11/02/2025,5105975317,R & M Developments Ltd,£511.33
Manchester City Council,1002,Hospitality + Trading Services,Hire of Machinery,10/02/2025,5105974845,R & M Developments Ltd,£511.33
Manchester City Council,1002,Hospitality + Trading Services,Hire of Machinery,10/02/2025,5105974849,R & M Developments Ltd,£511.33
Manchester City Council,1000,Manchester Leisure,Agency staff provision,18/02/2025,1908734558,Reed Employment Plc,£510.12
Manchester City Council,1007,Corporate Services,Vehicle Plant Furniture and Equipment,24/02/2025,5105977353,H Jenkinson & Co Ltd.,£510.00
Manchester City Council,1004,Childrens & Education Services,Court Fees,18/02/2025,1908734737,Liberata,£510.00
Manchester City Council,1004,Childrens & Education Services,Foster Payments,14/02/2025,1908732791,Redacted Personal Information,£509.14
Manchester City Council,1000,Manchester Leisure,Bed & Breakfast Acc,03/02/2025,1908717164,TRAVELODGE P CARD ONLY,£508.93
Manchester City Council,1004,Childrens & Education Services,PNOR-Holidays,05/02/2025,1908721188,Redacted Personal Information,£508.50
Manchester City Council,1007,Corporate Services,WPS Awards,26/02/2025,5105977436,Furniture Resource Centre Ltd,£508.24
Manchester City Council,1007,Corporate Services,WPS Awards,18/02/2025,5105976592,Furniture Resource Centre Ltd,£508.24
Manchester City Council,1000,Manchester Leisure,"Consumable items eg Toilet rolls, soap etc",13/02/2025,1908730912,TRAVELODGE P CARD ONLY,£506.86
Manchester City Council,1000,Manchester Leisure,Bed & Breakfast Acc,13/02/2025,1908731306,TRAVELODGE P CARD ONLY,£505.93
Manchester City Council,1000,Manchester Leisure,"Consumable items eg Toilet rolls, soap etc",13/02/2025,1908731300,TRAVELODGE P CARD ONLY,£505.93
Manchester City Council,1012,Regeneration Finance,Adult Placements,05/02/2025,1908722361,Redacted Personal Information,£504.40
Manchester City Council,1004,Childrens & Education Services,Childminding Fee Pay,20/02/2025,5105976868,Early Inspirations Nursery,£504.00
Manchester City Council,1004,Childrens & Education Services,Residential Care Homes Payments,07/02/2025,1908725765,Enabling Futures Ltd,£503.70
Manchester City Council,1000,Manchester Leisure,Electricity,27/02/2025,1908744576,Haven Power Ltd,£503.57
Manchester City Council,1005,Adult Social Care,Adult Placements,19/02/2025,1908735895,Redacted Personal Information,£503.36
Manchester City Council,1005,Adult Social Care,Adult Placements,19/02/2025,1908735918,Redacted Personal Information,£503.36
Manchester City Council,1004,Childrens & Education Services,Third party payments relating to Voluntary Organisations,12/02/2025,1908729233,Redacted Personal Information,£502.80
Manchester City Council,1004,Childrens & Education Services,Third party payments relating to Voluntary Organisations,12/02/2025,1908729219,Redacted Personal Information,£502.80
Manchester City Council,1004,Childrens & Education Services,Third party payments relating to Voluntary Organisations,12/02/2025,1908729206,Redacted Personal Information,£502.80
Manchester City Council,1004,Childrens & Education Services,Third party payments relating to Voluntary Organisations,12/02/2025,1908729143,Stacys Tots 2 Teens,£502.80
Manchester City Council,1004,Childrens & Education Services,Third party payments relating to Voluntary Organisations,12/02/2025,1908729214,Redacted Personal Information,£502.80
Manchester City Council,1004,Childrens & Education Services,Third party payments relating to Voluntary Organisations,12/02/2025,1908729061,Redacted Personal Information,£502.80
Manchester City Council,1004,Childrens & Education Services,Third party payments relating to Voluntary Organisations,12/02/2025,1908728661,Redacted Personal Information,£502.80
Manchester City Council,1004,Childrens & Education Services,Third party payments relating to Voluntary Organisations,12/02/2025,1908729194,Redacted Personal Information,£502.80
Manchester City Council,1004,Childrens & Education Services,Third party payments relating to Voluntary Organisations,12/02/2025,1908729114,Redacted Personal Information,£502.80
Manchester City Council,1004,Childrens & Education Services,Third party payments relating to Voluntary Organisations,12/02/2025,1908729199,Redacted Personal Information,£502.80
Manchester City Council,1004,Childrens & Education Services,Third party payments relating to Voluntary Organisations,12/02/2025,1908728610,Redacted Personal Information,£502.80
Manchester City Council,1004,Childrens & Education Services,Third party payments relating to Voluntary Organisations,12/02/2025,1908729229,Trinity House Community Resource Ce,£502.80
Manchester City Council,1004,Childrens & Education Services,Third party payments relating to Voluntary Organisations,12/02/2025,1908729171,Happy Children Childminder,£502.80
Manchester City Council,1004,Childrens & Education Services,Third party payments relating to Voluntary Organisations,12/02/2025,1908729189,Redacted Personal Information,£502.80
Manchester City Council,1004,Childrens & Education Services,Third party payments relating to Voluntary Organisations,12/02/2025,1908728615,Happy Children Childminder,£502.80
Manchester City Council,1004,Childrens & Education Services,Third party payments relating to Voluntary Organisations,12/02/2025,1908729179,Redacted Personal Information,£502.80
Manchester City Council,1004,Childrens & Education Services,Third party payments relating to Voluntary Organisations,12/02/2025,1908728622,Redacted Personal Information,£502.80
Manchester City Council,1004,Childrens & Education Services,Third party payments relating to Voluntary Organisations,12/02/2025,1908729013,Redacted Personal Information,£502.80
Manchester City Council,1004,Childrens & Education Services,Third party payments relating to Voluntary Organisations,12/02/2025,1908728576,Redacted Personal Information,£502.80
Manchester City Council,1004,Childrens & Education Services,Third party payments relating to Voluntary Organisations,12/02/2025,1908728515,Redacted Personal Information,£502.80
Manchester City Council,1004,Childrens & Education Services,Third party payments relating to Voluntary Organisations,12/02/2025,1908729121,Redacted Personal Information,£502.80
Manchester City Council,1004,Childrens & Education Services,Third party payments relating to Voluntary Organisations,12/02/2025,1908729101,Redacted Personal Information,£502.80
Manchester City Council,1004,Childrens & Education Services,Third party payments relating to Voluntary Organisations,12/02/2025,1908729178,Redacted Personal Information,£502.80
Manchester City Council,1004,Childrens & Education Services,Third party payments relating to Voluntary Organisations,12/02/2025,1908728573,Redacted Personal Information,£502.80
Manchester City Council,1004,Childrens & Education Services,Third party payments relating to Voluntary Organisations,12/02/2025,1908728629,Redacted Personal Information,£502.80
Manchester City Council,1004,Childrens & Education Services,Third party payments relating to Voluntary Organisations,12/02/2025,1908728598,Manchester Montessori House,£502.80
Manchester City Council,1004,Childrens & Education Services,Third party payments relating to Voluntary Organisations,12/02/2025,1908728534,Lea's Childminding,£502.80
Manchester City Council,1004,Childrens & Education Services,Third party payments relating to Voluntary Organisations,12/02/2025,1908729144,Manchester Montessori House,£502.80
Manchester City Council,1004,Childrens & Education Services,Third party payments relating to Voluntary Organisations,12/02/2025,1908729123,Redacted Personal Information,£502.80
Manchester City Council,1004,Childrens & Education Services,Third party payments relating to Voluntary Organisations,12/02/2025,1908728632,Redacted Personal Information,£502.80
Manchester City Council,1004,Childrens & Education Services,Third party payments relating to Voluntary Organisations,12/02/2025,1908728641,Redacted Personal Information,£502.80
Manchester City Council,1004,Childrens & Education Services,Third party payments relating to Voluntary Organisations,12/02/2025,1908729051,Redacted Personal Information,£502.80
Manchester City Council,1004,Childrens & Education Services,Third party payments relating to Voluntary Organisations,12/02/2025,1908729203,Redacted Personal Information,£502.80
Manchester City Council,1004,Childrens & Education Services,Third party payments relating to Voluntary Organisations,12/02/2025,1908729083,Redacted Personal Information,£502.80
Manchester City Council,1004,Childrens & Education Services,Third party payments relating to Voluntary Organisations,12/02/2025,1908729173,Redacted Personal Information,£502.80
Manchester City Council,1004,Childrens & Education Services,Third party payments relating to Voluntary Organisations,12/02/2025,1908728645,Redacted Personal Information,£502.80
Manchester City Council,1004,Childrens & Education Services,Third party payments relating to Voluntary Organisations,12/02/2025,1908729240,Redacted Personal Information,£502.80
Manchester City Council,1004,Childrens & Education Services,Third party payments relating to Voluntary Organisations,12/02/2025,1908729209,Redacted Personal Information,£502.80
Manchester City Council,1004,Childrens & Education Services,Third party payments relating to Voluntary Organisations,12/02/2025,1908729153,Redacted Personal Information,£502.80
Manchester City Council,1004,Childrens & Education Services,Third party payments relating to Voluntary Organisations,12/02/2025,1908728547,Redacted Personal Information,£502.80
Manchester City Council,1004,Childrens & Education Services,Third party payments relating to Voluntary Organisations,12/02/2025,1908728559,Redacted Personal Information,£502.80
Manchester City Council,1004,Childrens & Education Services,Third party payments relating to Voluntary Organisations,12/02/2025,1908729084,Redacted Personal Information,£502.80
Manchester City Council,1004,Childrens & Education Services,Third party payments relating to Voluntary Organisations,12/02/2025,1908729197,Redacted Personal Information,£502.80
Manchester City Council,1004,Childrens & Education Services,Third party payments relating to Voluntary Organisations,12/02/2025,1908729196,Redacted Personal Information,£502.80
Manchester City Council,1004,Childrens & Education Services,Third party payments relating to Voluntary Organisations,12/02/2025,1908729234,Redacted Personal Information,£502.80
Manchester City Council,1004,Childrens & Education Services,Third party payments relating to Voluntary Organisations,12/02/2025,1908729105,Redacted Personal Information,£502.80
Manchester City Council,1004,Childrens & Education Services,Third party payments relating to Voluntary Organisations,12/02/2025,1908729112,Redacted Personal Information,£502.80
Manchester City Council,1004,Childrens & Education Services,Third party payments relating to Voluntary Organisations,12/02/2025,1908729016,Redacted Personal Information,£502.80
Manchester City Council,1004,Childrens & Education Services,Third party payments relating to Voluntary Organisations,03/02/2025,1908717753,Redacted Personal Information,£502.80
Manchester City Council,1004,Childrens & Education Services,Third party payments relating to Voluntary Organisations,12/02/2025,1908729021,Redacted Personal Information,£502.80
Manchester City Council,1004,Childrens & Education Services,Third party payments relating to Voluntary Organisations,12/02/2025,1908729087,Redacted Personal Information,£502.80
Manchester City Council,1004,Childrens & Education Services,Third party payments relating to Voluntary Organisations,12/02/2025,1908729205,St.Wilfrids Playgroup,£502.80
Manchester City Council,1004,Childrens & Education Services,Third party payments relating to Voluntary Organisations,12/02/2025,1908728569,Redacted Personal Information,£502.80
Manchester City Council,1004,Childrens & Education Services,Third party payments relating to Voluntary Organisations,12/02/2025,1908729160,Moston Methodist Church Playgroup,£502.80
Manchester City Council,1004,Childrens & Education Services,Third party payments relating to Voluntary Organisations,12/02/2025,1908729048,Redacted Personal Information,£502.80
Manchester City Council,1004,Childrens & Education Services,Third party payments relating to Voluntary Organisations,12/02/2025,1908729033,Redacted Personal Information,£502.80
Manchester City Council,1004,Childrens & Education Services,Third party payments relating to Voluntary Organisations,12/02/2025,1908728549,Redacted Personal Information,£502.80
Manchester City Council,1004,Childrens & Education Services,Third party payments relating to Voluntary Organisations,12/02/2025,1908729158,Redacted Personal Information,£502.80
Manchester City Council,1004,Childrens & Education Services,Third party payments relating to Voluntary Organisations,12/02/2025,1908729070,Redacted Personal Information,£502.80
Manchester City Council,1004,Childrens & Education Services,Third party payments relating to Voluntary Organisations,12/02/2025,1908728546,Total Childcare Ltd,£502.80
Manchester City Council,1004,Childrens & Education Services,Third party payments relating to Voluntary Organisations,12/02/2025,1908728538,Redacted Personal Information,£502.80
Manchester City Council,1004,Childrens & Education Services,Third party payments relating to Voluntary Organisations,12/02/2025,1908729193,Redacted Personal Information,£502.80
Manchester City Council,1004,Childrens & Education Services,Third party payments relating to Voluntary Organisations,12/02/2025,1908729217,Redacted Personal Information,£502.80
Manchester City Council,1004,Childrens & Education Services,Third party payments relating to Voluntary Organisations,12/02/2025,1908728556,East Didsbury Pre School,£502.80
Manchester City Council,1004,Childrens & Education Services,Third party payments relating to Voluntary Organisations,12/02/2025,1908729107,Redacted Personal Information,£502.80
Manchester City Council,1004,Childrens & Education Services,Third party payments relating to Voluntary Organisations,12/02/2025,1908728588,Redacted Personal Information,£502.80
Manchester City Council,1004,Childrens & Education Services,Pay School Budget,12/02/2025,1908729023,Armitage CE Primary School,£502.80
Manchester City Council,1004,Childrens & Education Services,Third party payments relating to Voluntary Organisations,12/02/2025,1908728558,Redacted Personal Information,£502.80
Manchester City Council,1004,Childrens & Education Services,Third party payments relating to Voluntary Organisations,12/02/2025,1908729119,Redacted Personal Information,£502.80
Manchester City Council,1004,Childrens & Education Services,Third party payments relating to Voluntary Organisations,12/02/2025,1908729019,Redacted Personal Information,£502.80
Manchester City Council,1004,Childrens & Education Services,Third party payments relating to Voluntary Organisations,12/02/2025,1908729215,Redacted Personal Information,£502.80
Manchester City Council,1004,Childrens & Education Services,Third party payments relating to Voluntary Organisations,12/02/2025,1908729082,Redacted Personal Information,£502.80
Manchester City Council,1004,Childrens & Education Services,Third party payments relating to Voluntary Organisations,12/02/2025,1908728577,Redacted Personal Information,£502.80
Manchester City Council,1004,Childrens & Education Services,Third party payments relating to Voluntary Organisations,12/02/2025,1908729085,Redacted Personal Information,£502.80
Manchester City Council,1004,Childrens & Education Services,Third party payments relating to Voluntary Organisations,12/02/2025,1908728548,Redacted Personal Information,£502.80
Manchester City Council,1004,Childrens & Education Services,Third party payments relating to Voluntary Organisations,12/02/2025,1908728550,Redacted Personal Information,£502.80
Manchester City Council,1004,Childrens & Education Services,Third party payments relating to Voluntary Organisations,12/02/2025,1908728630,Redacted Personal Information,£502.80
Manchester City Council,1004,Childrens & Education Services,Third party payments relating to Voluntary Organisations,12/02/2025,1908729026,Redacted Personal Information,£502.80
Manchester City Council,1004,Childrens & Education Services,Third party payments relating to Voluntary Organisations,12/02/2025,1908729190,Redacted Personal Information,£502.80
Manchester City Council,1004,Childrens & Education Services,Third party payments relating to Voluntary Organisations,12/02/2025,1908729015,Redacted Personal Information,£502.80
Manchester City Council,1004,Childrens & Education Services,Third party payments relating to Voluntary Organisations,12/02/2025,1908729095,Georgie Porgie's Network Nursey Ltd,£502.80
Manchester City Council,1004,Childrens & Education Services,Third party payments relating to Voluntary Organisations,12/02/2025,1908729122,Redacted Personal Information,£502.80
Manchester City Council,1004,Childrens & Education Services,Third party payments relating to Voluntary Organisations,12/02/2025,1908729244,Redacted Personal Information,£502.80
Manchester City Council,1004,Childrens & Education Services,Third party payments relating to Voluntary Organisations,12/02/2025,1908729162,Redacted Personal Information,£502.80
Manchester City Council,1004,Childrens & Education Services,Third party payments relating to Voluntary Organisations,12/02/2025,1908729635,Redacted Personal Information,£502.80
Manchester City Council,1004,Childrens & Education Services,Third party payments relating to Voluntary Organisations,12/02/2025,1908728650,Tiddlywinks Day Nursery Ltd Ancoats,£502.80
Manchester City Council,1004,Childrens & Education Services,Third party payments relating to Voluntary Organisations,12/02/2025,1908729116,Redacted Personal Information,£502.80
Manchester City Council,1004,Childrens & Education Services,Third party payments relating to Voluntary Organisations,12/02/2025,1908728621,Redacted Personal Information,£502.80
Manchester City Council,1004,Childrens & Education Services,Third party payments relating to Voluntary Organisations,12/02/2025,1908728597,Redacted Personal Information,£502.80
Manchester City Council,1004,Childrens & Education Services,Third party payments relating to Voluntary Organisations,12/02/2025,1908729142,Redacted Personal Information,£502.80
Manchester City Council,1004,Childrens & Education Services,Third party payments relating to Voluntary Organisations,12/02/2025,1908728563,Redacted Personal Information,£502.80
Manchester City Council,1004,Childrens & Education Services,Third party payments relating to Voluntary Organisations,12/02/2025,1908729044,Redacted Personal Information,£502.80
Manchester City Council,1004,Childrens & Education Services,Third party payments relating to Voluntary Organisations,12/02/2025,1908729198,Redacted Personal Information,£502.80
Manchester City Council,1004,Childrens & Education Services,Third party payments relating to Voluntary Organisations,12/02/2025,1908728627,Redacted Personal Information,£502.80
Manchester City Council,1004,Childrens & Education Services,Third party payments relating to Voluntary Organisations,12/02/2025,1908729188,Redacted Personal Information,£502.80
Manchester City Council,1004,Childrens & Education Services,Third party payments relating to Voluntary Organisations,12/02/2025,1908728574,Honeybear Day Nursery,£502.80
Manchester City Council,1004,Childrens & Education Services,Third party payments relating to Voluntary Organisations,12/02/2025,1908729094,Redacted Personal Information,£502.80
Manchester City Council,1004,Childrens & Education Services,Third party payments relating to Voluntary Organisations,12/02/2025,1908728631,Redacted Personal Information,£502.80
Manchester City Council,1004,Childrens & Education Services,Third party payments relating to Voluntary Organisations,12/02/2025,1908728607,Redacted Personal Information,£502.80
Manchester City Council,1010,Housing Revenue Account,Professional fees,20/02/2025,5105975028,Constellia Public Ltd,£502.56
Manchester City Council,1000,Manchester Leisure,Professional fees,18/02/2025,5105976540,Experian Limited,£502.55
Manchester City Council,1004,Childrens & Education Services,Foster Payments,19/02/2025,1908736510,Redacted Personal Information,£501.92
Manchester City Council,1004,Childrens & Education Services,Foster Payments,05/02/2025,1908720823,Redacted Personal Information,£501.92
Manchester City Council,1004,Childrens & Education Services,Foster Payments,05/02/2025,1908720807,Redacted Personal Information,£501.36
Manchester City Council,1004,Childrens & Education Services,Foster Payments,19/02/2025,1908736495,Redacted Personal Information,£501.36
Manchester City Council,1004,Childrens & Education Services,Third party payments relating to Voluntary Organisations,12/02/2025,1908729513,Redacted Personal Information,£501.30
Manchester City Council,1005,Adult Social Care,Payments for services,12/02/2025,1908729740,Wise Pharmacy Ltd (Cheetham),£501.30
Manchester City Council,1011,Chief Executives,Counsel Costs,26/02/2025,1908742284,Central Chambers,£500.00
Manchester City Council,1000,Manchester Leisure,Rents,21/02/2025,5105976544,Housing Social Ltd,£500.00
Manchester City Council,1000,Manchester Leisure,Special Event,03/02/2025,1908716159,Redacted Personal Information,£500.00
Manchester City Council,1011,Chief Executives,Counsel Costs,26/02/2025,1908742223,Central Chambers,£500.00
Manchester City Council,1005,Adult Social Care,Professional Services Provision,25/02/2025,1908740314,Chuam Ltd,£500.00
Manchester City Council,1007,Corporate Services,Training and Development,20/02/2025,5105976001,Bennett Workplace Solutions Ltd,£500.00
Manchester City Council,1000,Manchester Leisure,Professional fees,17/02/2025,5105974627,Squosh Compacting Company Ltd,£500.00
Manchester City Council,1004,Childrens & Education Services,Payments for services,19/02/2025,5105976723,Prospero Teaching,£500.00
Manchester City Council,1007,Corporate Services,Compensation Payments,28/02/2025,1908737834,Redacted Personal Information,£500.00
Manchester City Council,1004,Childrens & Education Services,Payments for services,19/02/2025,5105976709,Prospero Teaching,£500.00
Manchester City Council,1004,Childrens & Education Services,Professional fees,24/02/2025,5105977245,Prospero Teaching,£500.00
Manchester City Council,1005,Adult Social Care,SC Clients-DP,26/02/2025,1908742795,Redacted Personal Information,£500.00
Manchester City Council,1004,Childrens & Education Services,Professional fees,24/02/2025,5105977244,Prospero Teaching,£500.00
Manchester City Council,1005,Adult Social Care,"Consumable items eg Toilet rolls, soap etc",03/02/2025,1908716783,PERFECT PROPERTY 4 U L,£500.00
Manchester City Council,1004,Childrens & Education Services,Ind Budget Payment,13/02/2025,1908732003,Redacted Personal Information,£500.00
Manchester City Council,1000,Manchester Leisure,Grant and subscriptions awarded,28/02/2025,5105978025,West Indian Sports and Social Club,£500.00
Manchester City Council,1005,Adult Social Care,Counsel Costs,05/02/2025,1908722272,Redacted Personal Information,£500.00
Manchester City Council,1005,Adult Social Care,Supported Accommodation,24/02/2025,1908738854,Redacted Personal Information,£500.00
Manchester City Council,1011,Chief Executives,Legal Fees,06/02/2025,1908723621,Salford City Council,£500.00
Manchester City Council,1000,Manchester Leisure,Professional Fees,10/02/2025,5105974327,Redacted Personal Information,£500.00
Manchester City Council,1004,Childrens & Education Services,"Consumable items eg Toilet rolls, soap etc",13/02/2025,1908731129,VOUCHER EXPRESS,£500.00
Manchester City Council,1000,Manchester Leisure,Compensation Payments,25/02/2025,1908740379,Redacted Personal Information,£500.00
Manchester City Council,1000,Manchester Leisure,Supporting People Payments,03/02/2025,5105973693,Trustees of St Margarets,£500.00
Manchester City Council,1000,Manchester Leisure,Compensation Payments,25/02/2025,1908740369,Redacted Personal Information,£500.00
Manchester City Council,1011,Chief Executives,Counsel Costs,26/02/2025,1908742692,Unit Chambers,£500.00
Manchester City Council,1011,Chief Executives,Counsel Costs,26/02/2025,1908742693,Unit Chambers,£500.00
Manchester City Council,1011,Chief Executives,Counsel Costs,26/02/2025,1908742225,Redacted Personal Information,£500.00
Manchester City Council,1005,Adult Social Care,SC Clients-DP,13/02/2025,1908731952,Redacted Personal Information,£500.00
Manchester City Council,1000,Manchester Leisure,Special Event,03/02/2025,1908716134,Ukrainian Youth Association M’CR,£500.00
Manchester City Council,1000,Manchester Leisure,Special Event,10/02/2025,5105974011,Groundwork MSSTT,£500.00
Manchester City Council,1000,Manchester Leisure,Compensation Payments,25/02/2025,1908740356,Redacted Personal Information,£500.00
Manchester City Council,1011,Chief Executives,Counsel Costs,07/02/2025,1908725531,Redacted Personal Information,£500.00
Manchester City Council,1011,Chief Executives,Printing,13/02/2025,5105975454,The Purple Company (UK) Ltd,£500.00
Manchester City Council,1000,Manchester Leisure,Legal Fees,19/02/2025,1908735822,Redacted Personal Information,£500.00
Manchester City Council,1000,Manchester Leisure,Compensation Payments,25/02/2025,1908740370,Redacted Personal Information,£500.00
Manchester City Council,1010,Housing Revenue Account,Council Dwelling Adaptations,06/02/2025,5105974334,Rexel UK Ltd,-£502.88
Manchester City Council,1004,Childrens & Education Services,"Consumable items eg Toilet rolls, soap etc",13/02/2025,1908730705,BOOKING.COM,-£509.00
Manchester City Council,1005,Adult Social Care,Equipment,14/02/2025,5105976078,Invacare Limited,-£512.93
Manchester City Council,1007,Corporate Services,Fees,14/02/2025,1908714460,Newlyn Plc,-£520.07
Manchester City Council,1007,Corporate Services,HH Support Fund,21/02/2025,1700184074,Collyhurst Nursery School,-£525.00
Manchester City Council,1004,Childrens & Education Services,Foster Payments,19/02/2025,1700183996,Redacted Personal Information,-£539.00
Manchester City Council,1010,Housing Revenue Account,Council Dwelling Adaptations,06/02/2025,5105974319,Rexel UK Ltd,-£539.84
Manchester City Council,1003,Environment and Operations,Vehicle Plant Furniture and Equipment,12/02/2025,1908729789,BEST4SYSTEMS,-£540.00
Manchester City Council,1010,Housing Revenue Account,Council Dwelling Adaptations,06/02/2025,5105974316,Rexel UK Ltd,-£553.74
Manchester City Council,1007,Corporate Services,Cleaning Equipment and Materials,05/02/2025,5105974109,Arrow County Supplies,-£569.71
Manchester City Council,1010,Housing Revenue Account,Council Dwelling Adaptations,06/02/2025,5105974314,Rexel UK Ltd,-£577.58
Manchester City Council,1000,Manchester Leisure,Electricity,27/02/2025,1700184136,Haven Power Ltd,-£581.90
Manchester City Council,1000,Manchester Leisure,Electricity,27/02/2025,1700184220,Haven Power Ltd,-£584.38
Manchester City Council,1007,Corporate Services,Professional fees,21/02/2025,5105977178,Constellia Public Ltd,-£591.80
Manchester City Council,1000,Manchester Leisure,Electricity,27/02/2025,1700184221,Haven Power Ltd,-£596.39
Manchester City Council,1004,Childrens & Education Services,Foster Payments,21/02/2025,1700184073,The Fostering Team,-£600.95
Manchester City Council,1000,Manchester Leisure,Electricity,27/02/2025,1700184222,Haven Power Ltd,-£602.99
Manchester City Council,1010,Housing Revenue Account,Council Dwelling Adaptations,06/02/2025,5105974318,Rexel UK Ltd,-£611.43
Manchester City Council,1002,Hospitality + Trading Services,Professional fees,24/02/2025,5105977281,Triscan Systems Ltd,-£615.00
Manchester City Council,1007,Corporate Services,Water - Metered,27/02/2025,1700184130,Anglian Water Business (National),-£618.91
Manchester City Council,1005,Adult Social Care,"Consumable items eg Toilet rolls, soap etc",13/02/2025,1908730439,HOTEL AT BOOKING.COM,-£626.00
Manchester City Council,1005,Adult Social Care,Supported Accommodation,27/02/2025,5105978029,Master Moves Ltd,-£628.72
Manchester City Council,1000,Manchester Leisure,Electricity,27/02/2025,1700184224,Haven Power Ltd,-£638.25
Manchester City Council,1007,Corporate Services,Storage Costs,27/02/2025,5105977806,Apex Self Storage Ltd,-£650.07
Manchester City Council,1000,Manchester Leisure,Electricity,27/02/2025,1700184223,Haven Power Ltd,-£670.88
Manchester City Council,1005,Adult Social Care,Training and Development,28/02/2025,5105978020,Bolton Mbc,-£700.00
Manchester City Council,1007,Corporate Services,Works and associated costs for Land and Buildings,05/02/2025,5105974268,GMCA,-£714.79
Manchester City Council,1000,Manchester Leisure,"Consumable items eg Toilet rolls, soap etc",07/02/2025,1700183631,SP DUSK.COM,-£715.99
Manchester City Council,1004,Childrens & Education Services,Foster Payments,21/02/2025,1700184075,Redacted Personal Information,-£722.86
Manchester City Council,1010,Housing Revenue Account,Council Dwelling Adaptations,06/02/2025,5105974331,Rexel UK Ltd,-£726.30
Manchester City Council,1000,Manchester Leisure,Electricity,27/02/2025,1700184225,Haven Power Ltd,-£732.15
Manchester City Council,1010,Housing Revenue Account,Council Dwelling Adaptations,06/02/2025,5105974320,Rexel UK Ltd,-£745.85
Manchester City Council,1007,Corporate Services,GRIR,27/02/2025,5105977993,Humans MCR,-£750.00
Manchester City Council,1012,Regeneration Finance,Removal and Storage of Furniture,27/02/2025,5105977846,Restore PLC,-£750.59
Manchester City Council,1010,Housing Revenue Account,Council Dwelling Adaptations,06/02/2025,5105974118,Rexel UK Ltd,-£751.92
Manchester City Council,1000,Manchester Leisure,Electricity,27/02/2025,1700184226,Haven Power Ltd,-£768.42
Manchester City Council,1007,Corporate Services,Travel Season TLS,24/02/2025,5105975749,Transport for Greater Manchester,-£768.74
Manchester City Council,1000,Manchester Leisure,Furniture,11/02/2025,5105974480,Rtech Group Limited,-£770.00
Manchester City Council,1000,Manchester Leisure,"Consumable items eg Toilet rolls, soap etc",13/02/2025,1908730719,TRAVELODGE P CARD ONLY,-£776.93
Manchester City Council,1007,Corporate Services,Elec Car Lease,28/02/2025,1700183889,Northumbria Healthcare NHS FT,-£786.65
Manchester City Council,1000,Manchester Leisure,"Consumable items eg Toilet rolls, soap etc",13/02/2025,1908730824,TRAVELODGE P CARD ONLY,-£813.93
Manchester City Council,1007,Corporate Services,Elec Car Lease,10/02/2025,1700183633,Northumbria Healthcare NHS FT,-£834.75
Manchester City Council,1002,Hospitality + Trading Services,Security,27/02/2025,5105976356,Dante Fire & Security Ltd,-£858.00
Manchester City Council,1007,Corporate Services,Elec Car Lease,28/02/2025,1700184256,Northumbria Healthcare NHS FT,-£866.56
Manchester City Council,1000,Manchester Leisure,Professional fees,04/02/2025,5105973881,Mettler-Toledo Ltd,-£886.00
Manchester City Council,1005,Adult Social Care,Equipment,07/02/2025,5105974847,Orbis Protect Ltd,-£891.30
Manchester City Council,1010,Housing Revenue Account,Council Dwelling Adaptations,25/02/2025,5105977477,Master Moves Ltd,-£979.38
Manchester City Council,1011,Chief Executives,Catering,17/02/2025,5105976457,Manchester Central,-£992.65
Manchester City Council,1010,Housing Revenue Account,Council Dwelling Adaptations,06/02/2025,5105974111,Rexel UK Ltd,"-£1,006.50"
Manchester City Council,1010,Housing Revenue Account,Works and associated costs for Land and Buildings,12/02/2025,5105975680,E.ON Next,"-£1,085.47"
Manchester City Council,1000,Manchester Leisure,Furniture,04/02/2025,5105973828,Rtech Group Limited,"-£1,090.00"
Manchester City Council,1007,Corporate Services,Cleaning Equipment and Materials,21/02/2025,5105977035,Alliance Disposables Ltd,"-£1,132.75"
Manchester City Council,1002,Hospitality + Trading Services,Funeral and coroner related services,14/02/2025,5105976093,TARMAC,"-£1,134.08"
Manchester City Council,1000,Manchester Leisure,Professional fees,04/02/2025,5105973953,Diversity Travel Ltd,"-£1,228.52"
Manchester City Council,1004,Childrens & Education Services,Foster Payments,28/02/2025,1700184263,Compass Fostering NW Ltd,"-£1,247.07"
Manchester City Council,1011,Chief Executives,Payments to Sub-Contractors,27/02/2025,5105977783,Redacted Personal Information,"-£1,249.33"
Manchester City Council,1010,Housing Revenue Account,Council Dwelling Adaptations,06/02/2025,5105974117,Rexel UK Ltd,"-£1,251.07"
Manchester City Council,1000,Manchester Leisure,Payments to Sub-Contractors,06/02/2025,5105974409,Idverde Limited,"-£1,255.30"
Manchester City Council,1000,Manchester Leisure,Payments to Sub-Contractors,06/02/2025,5105974408,Idverde Limited,"-£1,255.30"
Manchester City Council,1010,Housing Revenue Account,Council Dwelling Adaptations,06/02/2025,5105974115,Rexel UK Ltd,"-£1,295.35"
Manchester City Council,1011,Chief Executives,Postage,13/02/2025,5105975811,Royal Mail Group Plc,"-£1,309.11"
Manchester City Council,1004,Childrens & Education Services,Foster Payments,28/02/2025,1700184267,Compass Fostering NW Ltd,"-£1,331.99"
Manchester City Council,1000,Manchester Leisure,Professional fees,12/02/2025,5105975659,Response Team 247 Ltd,"-£1,390.87"
Manchester City Council,1005,Adult Social Care,Equipment,05/02/2025,5105974203,Associated Optical Products,"-£1,416.00"
Manchester City Council,1000,Manchester Leisure,Public Transport,03/02/2025,1700182996,Diversity Travel Ltd,"-£1,445.60"
Manchester City Council,1007,Corporate Services,Fees,14/02/2025,1908723010,CDER GROUP LIMITED,"-£1,492.41"
Manchester City Council,1007,Corporate Services,"Consumable items eg Toilet rolls, soap etc",13/02/2025,1908730513,C2E858901811C UKVI,"-£1,500.00"
Manchester City Council,1007,Corporate Services,"Consumable items eg Toilet rolls, soap etc",03/02/2025,1908717274,C2E842100019E UKVI,"-£1,500.00"
Manchester City Council,1010,Housing Revenue Account,Council Dwelling Adaptations,06/02/2025,5105974039,Rexel UK Ltd,"-£1,509.75"
Manchester City Council,1004,Childrens & Education Services,Electricity,27/02/2025,1700184251,Npower,"-£1,558.04"
Manchester City Council,1007,Corporate Services,Electricity,27/02/2025,1700184175,Haven Power Ltd,"-£1,567.56"
Manchester City Council,1004,Childrens & Education Services,Transport Coach Hire,11/02/2025,5105975056,JCT Travel Ltd,"-£1,582.00"
Manchester City Council,1010,Housing Revenue Account,Council Dwelling Adaptations,10/02/2025,5105974957,PPG Architectural Coatings UK Ltd,"-£1,612.59"
Manchester City Council,1004,Childrens & Education Services,Third party payments to other Local Authorities,12/02/2025,5105975589,Abbey School Limited,"-£1,638.34"
Manchester City Council,1010,Housing Revenue Account,Council Dwelling Adaptations,06/02/2025,5105974038,Rexel UK Ltd,"-£1,652.57"
Manchester City Council,1004,Childrens & Education Services,Foster Payments,28/02/2025,1700184266,Compass Fostering NW Ltd,"-£1,695.26"
Manchester City Council,1004,Childrens & Education Services,Electricity,27/02/2025,1700184253,Npower,"-£1,709.73"
Manchester City Council,1010,Housing Revenue Account,Council Dwelling Adaptations,25/02/2025,5105976107,Rexel UK Ltd,"-£1,731.23"
Manchester City Council,1004,Childrens & Education Services,Electricity,27/02/2025,1700184248,Npower,"-£1,767.24"
Manchester City Council,1003,Environment and Operations,Construction Works,26/02/2025,5105977707,Sapphire Utility Solutions,"-£1,910.00"
Manchester City Council,1010,Housing Revenue Account,Council Dwelling Adaptations,06/02/2025,5105974033,Rexel UK Ltd,"-£1,923.78"
Manchester City Council,1004,Childrens & Education Services,Electricity,27/02/2025,1700184250,Npower,"-£1,935.84"
Manchester City Council,1007,Corporate Services,"Consumable items eg Toilet rolls, soap etc",03/02/2025,1908717273,C2E869300278G UKVI,"-£2,000.00"
Manchester City Council,1010,Housing Revenue Account,Council Dwelling Adaptations,06/02/2025,5105974062,Rexel UK Ltd,"-£2,013.00"
Manchester City Council,1011,Chief Executives,Catering,17/02/2025,5105976471,Manchester Central,"-£2,060.00"
Manchester City Council,1013,Highways Services,Professional fees,26/02/2025,5105977708,Sapphire Utility Solutions,"-£2,068.50"
Manchester City Council,1004,Childrens & Education Services,Payments for services,10/02/2025,5105974860,Time Specialist Support Ltd,"-£2,080.00"
Manchester City Council,1010,Housing Revenue Account,Council Dwelling Adaptations,06/02/2025,5105974040,Rexel UK Ltd,"-£2,134.00"
Manchester City Council,1000,Manchester Leisure,Professional fees,03/02/2025,1700182996,Diversity Travel Ltd,"-£2,237.30"
Manchester City Council,1004,Childrens & Education Services,Third party payments to other Local Authorities,28/02/2025,5105977778,Carrington Riding Centre,"-£2,256.37"
Manchester City Council,1010,Housing Revenue Account,Council Dwelling Adaptations,06/02/2025,5105974114,Rexel UK Ltd,"-£2,442.33"
Manchester City Council,1000,Manchester Leisure,Mobilephone Charges,26/02/2025,5105977683,O2 (UK) Ltd,"-£2,445.58"
Manchester City Council,1000,Manchester Leisure,Cleaning Equipment and Materials,27/02/2025,5105977704,Moston Janitorial Supplies Ltd,"-£2,512.25"
Manchester City Council,1010,Housing Revenue Account,Council Dwelling Fees,28/02/2025,5105976340,Life Environmental Services,"-£2,640.00"
Manchester City Council,1000,Manchester Leisure,Surveys Fees other,17/02/2025,5105976357,Life Environmental Services,"-£2,750.00"
Manchester City Council,1011,Chief Executives,Hire of Equipment,17/02/2025,5105976473,Manchester Central,"-£2,775.00"
Manchester City Council,1007,Corporate Services,Data Links,28/02/2025,5105977126,The Networking People (TNP) Ltd,"-£2,933.35"
Manchester City Council,1000,Manchester Leisure,Subsistence and Conference Expenses,19/02/2025,1700184061,Asgard Groceries,"-£3,000.00"
Manchester City Council,1010,Housing Revenue Account,Council Dwelling Adaptations,06/02/2025,5105974035,Rexel UK Ltd,"-£3,008.13"
Manchester City Council,1000,Manchester Leisure,Payments to Sub-Contractors,19/02/2025,5105976734,Idverde Limited,"-£3,078.00"
Manchester City Council,1010,Housing Revenue Account,Council Dwelling Adaptations,06/02/2025,5105974113,Rexel UK Ltd,"-£3,108.97"
Manchester City Council,1007,Corporate Services,Electricity,27/02/2025,1700184139,Haven Power Ltd,"-£3,144.33"
Manchester City Council,1004,Childrens & Education Services,Foster Payments,28/02/2025,1700184265,Compass Fostering NW Ltd,"-£3,160.08"
Manchester City Council,1001,Libraries and Theatres,Vehicle Plant Furniture and Equipment,06/02/2025,5105974396,Grantfen Fire & Security Ltd,"-£3,240.00"
Manchester City Council,1007,Corporate Services,Fees,26/02/2025,1908724329,Newlyn Plc,"-£3,266.70"
Manchester City Council,1010,Housing Revenue Account,Council Dwelling Adaptations,11/02/2025,5105975046,Rothwell Plumbing Services Ltd,"-£3,286.00"
Manchester City Council,1000,Manchester Leisure,Professional fees,20/02/2025,5105976872,County Scientific Services,"-£3,287.00"
Manchester City Council,1004,Childrens & Education Services,Foster Payments,28/02/2025,1700184264,Compass Fostering NW Ltd,"-£3,314.92"
Manchester City Council,1000,Manchester Leisure,Professional fees,28/02/2025,5105978115,Windsor Telecom,"-£3,439.53"
Manchester City Council,1007,Corporate Services,Landline Telephone,11/02/2025,5105975060,8x8 UK Ltd,"-£3,611.97"
Manchester City Council,1007,Corporate Services,Fees,26/02/2025,1908723613,Newlyn Plc,"-£3,630.68"
Manchester City Council,1005,Adult Social Care,Training and Development,20/02/2025,5105976910,A1 Risk Solutions Ltd,"-£3,700.00"
Manchester City Council,1009,Housing General Fund,Building Works,03/02/2025,1700182992,UPS Building & Maintenance Ltd,"-£3,748.28"
Manchester City Council,1009,Housing General Fund,Building Works,03/02/2025,1700182993,UPS Building & Maintenance Ltd,"-£3,774.03"
Manchester City Council,1012,Regeneration Finance,Security,26/02/2025,5105977746,Showsec International Ltd,"-£3,858.36"
Manchester City Council,1012,Regeneration Finance,Security,26/02/2025,5105977742,Showsec International Ltd,"-£3,858.36"
Manchester City Council,1012,Regeneration Finance,Security,26/02/2025,5105977744,Showsec International Ltd,"-£3,858.36"
Manchester City Council,1012,Regeneration Finance,Security,26/02/2025,5105977745,Showsec International Ltd,"-£3,858.36"
Manchester City Council,1012,Regeneration Finance,Security,27/02/2025,5105977741,Showsec International Ltd,"-£3,858.36"
Manchester City Council,1007,Corporate Services,"Consumable items eg Toilet rolls, soap etc",13/02/2025,1908730512,C2E883901461C UKVI,"-£4,000.00"
Manchester City Council,1000,Manchester Leisure,Electricity,27/02/2025,1700184210,Haven Power Ltd,"-£4,279.94"
Manchester City Council,1000,Manchester Leisure,Electricity,27/02/2025,1700184212,Haven Power Ltd,"-£4,280.27"
Manchester City Council,1004,Childrens & Education Services,Foster Payments,28/02/2025,1700184269,Olive Branch Fostering,"-£4,292.00"
Manchester City Council,1000,Manchester Leisure,Electricity,27/02/2025,1700184211,Haven Power Ltd,"-£4,408.89"
Manchester City Council,1000,Manchester Leisure,Electricity,27/02/2025,1700184209,Haven Power Ltd,"-£4,579.84"
Manchester City Council,1000,Manchester Leisure,Electricity,20/02/2025,5105976942,Switch2 Energey Limited,"-£4,618.12"
Manchester City Council,1004,Childrens & Education Services,Payments for services,19/02/2025,5105976676,Reed Employment Plc,"-£4,837.77"
Manchester City Council,1004,Childrens & Education Services,Third party payments to other Local Authorities,17/02/2025,5105976392,Lancashire County Council,"-£4,945.00"
Manchester City Council,1000,Manchester Leisure,Electricity,27/02/2025,1700184208,Haven Power Ltd,"-£4,969.98"
Manchester City Council,1000,Manchester Leisure,Electricity,27/02/2025,1700184202,Haven Power Ltd,"-£4,988.22"
Manchester City Council,1000,Manchester Leisure,Grant and subscriptions awarded,04/02/2025,5105973830,The Mustard Tree,"-£5,000.00"
Manchester City Council,1005,Adult Social Care,Payments for services,19/02/2025,5105976747,Kaleidoscope Project,"-£5,000.00"
Manchester City Council,1004,Childrens & Education Services,Foster Payments,28/02/2025,1700184262,Compass Fostering NW Ltd,"-£5,313.00"
Manchester City Council,1000,Manchester Leisure,Electricity,27/02/2025,1700184141,Haven Power Ltd,"-£5,419.34"
Manchester City Council,1000,Manchester Leisure,Electricity,27/02/2025,1700184206,Haven Power Ltd,"-£5,489.01"
Manchester City Council,1000,Manchester Leisure,Electricity,27/02/2025,1700184207,Haven Power Ltd,"-£5,611.24"
Manchester City Council,1000,Manchester Leisure,Electricity,27/02/2025,1700184204,Haven Power Ltd,"-£5,634.58"
Manchester City Council,1000,Manchester Leisure,Electricity,27/02/2025,1700184203,Haven Power Ltd,"-£5,682.82"
Manchester City Council,1004,Childrens & Education Services,Third party payments to other Local Authorities,28/02/2025,5105978173,Roe Lee Park Primary School,"-£6,000.00"
Manchester City Council,1004,Childrens & Education Services,Foster Payments,28/02/2025,1700184268,Compass Fostering NW Ltd,"-£6,096.09"
Manchester City Council,1000,Manchester Leisure,Electricity,27/02/2025,1700184205,Haven Power Ltd,"-£6,271.98"
Manchester City Council,1007,Corporate Services,Works and associated costs for Land and Buildings,10/02/2025,5105975240,Manchester Central,"-£6,558.17"
Manchester City Council,1004,Childrens & Education Services,Electricity,27/02/2025,1700184254,Npower,"-£6,631.43"
Manchester City Council,1007,Corporate Services,Fees,26/02/2025,1908714415,CDER GROUP LIMITED,"-£6,688.11"
Manchester City Council,1000,Manchester Leisure,Electricity,27/02/2025,1700184138,Haven Power Ltd,"-£6,979.51"
Manchester City Council,1004,Childrens & Education Services,Electricity,27/02/2025,1700184249,Npower,"-£7,046.56"
Manchester City Council,1005,Adult Social Care,Supporting People Payments,28/02/2025,5105977136,Praxis Care Group,"-£7,121.83"
Manchester City Council,1005,Adult Social Care,Supporting People Payments,28/02/2025,5105977135,Praxis Care Group,"-£7,121.83"
Manchester City Council,1007,Corporate Services,Electricity,27/02/2025,1700184137,Haven Power Ltd,"-£7,194.00"
Manchester City Council,1004,Childrens & Education Services,Payments for services,14/02/2025,5105975920,4CT Limited,"-£7,221.99"
Manchester City Council,1007,Corporate Services,Fees,26/02/2025,1908723612,Newlyn Plc,"-£7,567.28"
Manchester City Council,1004,Childrens & Education Services,Electricity,27/02/2025,1700184252,Npower,"-£7,635.96"
Manchester City Council,1011,Chief Executives,Works and associated costs for Land and Buildings,28/02/2025,5105976802,Streetspace Ltd,"-£7,698.00"
Manchester City Council,1004,Childrens & Education Services,Transport Taxis,27/02/2025,5105978018,Hastings Private Hire,"-£7,755.00"
Manchester City Council,1004,Childrens & Education Services,Third party payments to other Local Authorities,25/02/2025,5105977382,Evolve Education Manchester Ltd,"-£8,198.33"
Manchester City Council,1004,Childrens & Education Services,Third party payments to other Local Authorities,28/02/2025,5105978077,Progress Schools Ltd,"-£8,541.00"
Manchester City Council,1007,Corporate Services,Fees,26/02/2025,1908723611,Newlyn Plc,"-£8,652.88"
Manchester City Council,1004,Childrens & Education Services,Transport Coach Hire,28/02/2025,5105977948,AA Buses,"-£9,040.00"
Manchester City Council,1007,Corporate Services,Fees,14/02/2025,1908714461,Newlyn Plc,"-£9,279.35"
Manchester City Council,1003,Environment and Operations,Works and associated costs for Land and Buildings,13/02/2025,5105975784,Seddon Construction Ltd,"-£9,576.26"
Manchester City Council,1004,Childrens & Education Services,Payments for services,19/02/2025,5105976752,HM Prison and Probation Service,"-£9,870.00"
Manchester City Council,1013,Highways Services,Professional Fees,10/02/2025,5105974865,Waterman Infrastructure and,"-£10,000.00"
Manchester City Council,1007,Corporate Services,Professional Fees,05/02/2025,5105973890,Trustmarque Solutions Ltd,"-£10,000.00"
Manchester City Council,1000,Manchester Leisure,Grant and subscriptions awarded,20/02/2025,5105976953,The Booth Centre,"-£10,121.08"
Manchester City Council,1010,Housing Revenue Account,Council Dwelling Adaptations,11/02/2025,5105975440,Rothwell Plumbing Services Ltd,"-£10,553.10"
Manchester City Council,1010,Housing Revenue Account,Council Dwelling Adaptations,11/02/2025,5105975455,Rothwell Plumbing Services Ltd,"-£10,553.10"
Manchester City Council,1010,Housing Revenue Account,Council Dwelling Adaptations,06/02/2025,5105974061,Rexel UK Ltd,"-£11,068.31"
Manchester City Council,1007,Corporate Services,Fees,26/02/2025,1908724321,Newlyn Plc,"-£11,268.30"
Manchester City Council,1004,Childrens & Education Services,Transport Coach Hire,21/02/2025,5105977182,Redacted Personal Information,"-£11,555.40"
Manchester City Council,1002,Hospitality + Trading Services,Water - Metered,27/02/2025,1700184135,Anglian Water Business (National),"-£11,661.93"
Manchester City Council,1007,Corporate Services,Water - Metered,27/02/2025,1700184134,Anglian Water Business (National),"-£11,796.98"
Manchester City Council,1013,Highways Services,Professional Fees,14/02/2025,5105976077,A T G Access Ltd,"-£12,711.52"
Manchester City Council,1007,Corporate Services,Fees,26/02/2025,1908724331,Newlyn Plc,"-£13,136.00"
Manchester City Council,1010,Housing Revenue Account,Council Dwelling Adaptations,06/02/2025,5105974008,Rexel UK Ltd,"-£13,461.84"
Manchester City Council,1010,Housing Revenue Account,Council Dwelling Adaptations,06/02/2025,5105974031,Rexel UK Ltd,"-£13,461.84"
Manchester City Council,1010,Housing Revenue Account,Council Dwelling Adaptations,06/02/2025,5105974066,Rexel UK Ltd,"-£13,466.46"
Manchester City Council,1000,Manchester Leisure,Building Materials for direct delivery,12/02/2025,5105975618,Biffa Municipal Limited,"-£13,700.48"
Manchester City Council,1007,Corporate Services,Fees,26/02/2025,1908724334,Newlyn Plc,"-£14,112.74"
Manchester City Council,1007,Corporate Services,Fees,14/02/2025,1908714457,Newlyn Plc,"-£14,389.40"
Manchester City Council,1000,Manchester Leisure,Responsive Repairs Work,21/02/2025,5105976681,EQUANS Regeneration Limited,"-£14,434.48"
Manchester City Council,1007,Corporate Services,Fees,26/02/2025,1908714414,CDER GROUP LIMITED,"-£15,028.79"
Manchester City Council,1007,Corporate Services,Fees,14/02/2025,1908714462,Newlyn Plc,"-£15,523.87"
Manchester City Council,1005,Adult Social Care,Third party payments relating to Voluntary Organisations,13/02/2025,5105975917,Manchester Action On Street Health,"-£16,686.08"
Manchester City Council,1000,Manchester Leisure,Grant and subscriptions awarded,06/02/2025,5105974366,Wythenshawe Forum Trust Ltd,"-£17,057.37"
Manchester City Council,1004,Childrens & Education Services,Third party payments to other Local Authorities,26/02/2025,5105977755,The Together Trust,"-£17,200.00"
Manchester City Council,1004,Childrens & Education Services,Third party payments to other Local Authorities,14/02/2025,5105976180,Thompsons Academy LTD,"-£17,454.54"
Manchester City Council,1012,Regeneration Finance,Professional fees,21/02/2025,5105977016,Jon Matthews Architects,"-£18,000.00"
Manchester City Council,1004,Childrens & Education Services,Third party payments to other Local Authorities,20/02/2025,5105976839,Carrington Riding Centre,"-£18,333.33"
Manchester City Council,1004,Childrens & Education Services,Third party payments to other Local Authorities,20/02/2025,5105976840,Carrington Riding Centre,"-£18,333.33"
Manchester City Council,1007,Corporate Services,Fees,11/02/2025,1908720243,Marston Group Limited,"-£18,718.00"
Manchester City Council,1004,Childrens & Education Services,Third party payments to other Local Authorities,10/02/2025,5105974896,High Peak School Limited,"-£18,835.33"
Manchester City Council,1004,Childrens & Education Services,Transport Coach Hire,05/02/2025,5105974119,Redacted Personal Information,"-£21,560.00"
Manchester City Council,1004,Childrens & Education Services,Third party payments to other Local Authorities,10/02/2025,5105974899,High Peak School Limited,"-£21,694.67"
Manchester City Council,1004,Childrens & Education Services,Third party payments to other Local Authorities,10/02/2025,5105974909,High Peak School Limited,"-£21,694.67"
Manchester City Council,1004,Childrens & Education Services,Third party payments to other Local Authorities,10/02/2025,5105974902,High Peak School Limited,"-£21,694.67"
Manchester City Council,1004,Childrens & Education Services,Third party payments to other Local Authorities,10/02/2025,5105974907,High Peak School Limited,"-£21,694.67"
Manchester City Council,1004,Childrens & Education Services,Third party payments to other Local Authorities,10/02/2025,5105974905,High Peak School Limited,"-£21,694.67"
Manchester City Council,1004,Childrens & Education Services,Third party payments to other Local Authorities,10/02/2025,5105974921,High Peak School Limited,"-£21,694.67"
Manchester City Council,1004,Childrens & Education Services,Third party payments to other Local Authorities,26/02/2025,5105977753,The Together Trust,"-£23,321.03"
Manchester City Council,1004,Childrens & Education Services,Third party payments to other Local Authorities,10/02/2025,5105974923,High Peak School Limited,"-£23,322.00"
Manchester City Council,1010,Housing Revenue Account,Council Dwelling Adaptations,06/02/2025,5105974005,Rexel UK Ltd,"-£24,710.55"
Manchester City Council,1005,Adult Social Care,Personal needs of client,25/02/2025,5105977384,Drive Devilbiss Sidhil Ltd,"-£28,000.00"
Manchester City Council,1000,Manchester Leisure,Grant and subscriptions awarded,26/02/2025,5105977503,Wythenshawe Community Housing Group,"-£28,600.00"
Manchester City Council,1004,Childrens & Education Services,Third party payments to other Local Authorities,26/02/2025,5105977749,The Together Trust,"-£30,000.00"
Manchester City Council,1004,Childrens & Education Services,Third party payments to other Local Authorities,26/02/2025,5105977754,The Together Trust,"-£34,604.13"
Manchester City Council,1010,Housing Revenue Account,Council Dwelling Adaptations,06/02/2025,5105974067,Rexel UK Ltd,"-£34,628.04"
Manchester City Council,1007,Corporate Services,I T Provision,26/02/2025,5105977504,Insight Direct (Uk) Ltd,"-£35,364.00"
Manchester City Council,1013,Highways Services,Professional fees,26/02/2025,5105977706,Sapphire Utility Solutions,"-£37,491.51"
Manchester City Council,1007,Corporate Services,Fees,14/02/2025,1908723008,Marston Group Limited,"-£40,475.91"
Manchester City Council,1007,Corporate Services,Fees,14/02/2025,1908723009,Marston Group Limited,"-£45,341.72"
Manchester City Council,1007,Corporate Services,Fees,26/02/2025,1908738774,Jacobs Enforcement Ltd,"-£46,237.73"
Manchester City Council,1007,Corporate Services,Fees,26/02/2025,1908725272,Jacobs Enforcement Ltd,"-£47,800.80"
Manchester City Council,1007,Corporate Services,Rents,28/02/2025,5105977269,MaNOC Limited,"-£50,020.00"
Manchester City Council,1013,Highways Services,Professional Fees,18/02/2025,5105976538,Waterman Infrastructure and,"-£50,039.09"
Manchester City Council,1002,Hospitality + Trading Services,Water - Metered,27/02/2025,1700184132,Anglian Water Business (National),"-£57,706.83"
Manchester City Council,1000,Manchester Leisure,Grant and subscriptions awarded,28/02/2025,5105975850,Divrse Ltd,"-£60,192.64"
Manchester City Council,1007,Corporate Services,Fees,26/02/2025,1908725269,CDER GROUP LIMITED,"-£61,485.96"
Manchester City Council,1007,Corporate Services,Fees,26/02/2025,1908723609,CDER GROUP LIMITED,"-£65,602.66"
Manchester City Council,1011,Chief Executives,Professional fees,21/02/2025,5105977017,Shelter,"-£69,714.76"
Manchester City Council,1000,Manchester Leisure,Responsive Repairs Work,21/02/2025,5105976680,EQUANS Regeneration Limited,"-£86,709.23"
Manchester City Council,1010,Housing Revenue Account,Council Dwelling Adaptations,06/02/2025,5105974064,Rexel UK Ltd,"-£91,367.24"
Manchester City Council,1007,Corporate Services,Electricity,27/02/2025,1700184124,M\cr Heat Network Supply Co Ltd,"-£94,926.78"
Manchester City Council,1010,Housing Revenue Account,Works and associated costs for Land and Buildings,17/02/2025,1700183876,Adam Ledger Property Lawyers Ltd,"-£275,000.00"
Manchester City Council,1013,Highways Services,Electricity,27/02/2025,1700184140,Haven Power Ltd,"-£296,087.96"
Manchester City Council,1006,Childrens Services,Works and associated costs for Land and Buildings,19/02/2025,5105976773,Manchester & Cheshire Construction,"-£312,081.81"
Manchester City Council,1005,Adult Social Care,Third party payments to Health Authority,03/02/2025,5105973773,Manchester Uni NHS Foundation Trust,"-£361,021.83"
Manchester City Council,1004,Childrens & Education Services,Private Finance and Public Private partnership initiatives,06/02/2025,5105974570,Manchester School Services Limited,"-£465,978.33"
Manchester City Council,1007,Corporate Services,Works and associated costs for Land and Buildings,17/02/2025,1700183877,MLP Law Limited,"-£2,046,100.00"
